Denominazione_ente;Codice_Categoria;Codice_comune_ISTAT;Sito_istituzionale;url;http_ok;codice_risposta;test_timeout
Agenzia di Controllo del Sistema Sociosanitario Lombardo;L22;15146;www.acsslombardia.it/;http://www.acsslombardia.it;https://www.acsslombardia.it;200;5
Azienda Ligure Sanitaria della Regione Liguria;L22;10025;www.alisa.liguria.it;http://www.alisa.liguria.it;http://www.alisa.liguria.it;200;5
Agenzia Regionale Emergenza Sanitaria 118;L22;58091;www.ares118.it;http://www.ares118.it;http://www.ares118.it;200;20
Agenzia Regionale Emergenza Urgenza;L22;15146;www.areu.lombardia.it;http://www.areu.lombardia.it;http://www.areu.lombardia.it;200;20
Azienda Regionale dell'Emergenza Urgenza della Sardegna;L22;91051;www.areus.sardegna.it/;http://www.areus.sardegna.it;http://www.areus.sardegna.it;200;5
Agenzia Regionale di Sanita della Toscana;L22;48017;www.ars.toscana.it;http://www.ars.toscana.it;http://www.ars.toscana.it;200;5
Agenzia Regionale Sanitaria;L22;63049;www.arsan.campania.it;http://www.arsan.campania.it;http://www.arsan.campania.it;200;5
Agenzia Regionale Strategica per La Salute Ed Il Sociale;L22;72006;https://www.sanita.puglia.it/web/aress;https://www.sanita.puglia.it;http://www.sanita.puglia.it;200;5
Agenzia Regionale Sanitaria Marche;L22;42002;www.ars.marche.it;http://www.ars.marche.it;http://www.ars.marche.it;200;5
Agenzia Regionale Socio Sanitaria del Veneto;L22;27042;www.arssveneto.it;http://www.arssveneto.it;http://www.arssveneto.it;200;5
Agenzia Sanitaria Regionale Abruzzo;L22;68028;www.asrabruzzo.it;http://www.asrabruzzo.it;http://www.asrabruzzo.it;200;5
Azienda Zero;L22;28060;www.azero.veneto.it.;http://www.azero.veneto.it;http://www.azero.veneto.it;200;5
Estar Ente di Supporto Tecnico Amministrativo Regionale;L22;48017;www.estar.toscana.it;http://www.estar.toscana.it;http://www.estar.toscana.it;200;20
Laziosanita;L22;58091;www.asplazio.it;http://www.asplazio.it;_NV_;['Errno -2'];20
