Denominazione_ente;Codice_Categoria;Codice_comune_ISTAT;Sito_istituzionale;url;http_ok;codice_risposta;test_timeout
Arlas - Agenzia per Il Lavoro e L'Istruzione;L19;63049;www.arlas.campania.it;http://www.arlas.campania.it;http://www.arlas.campania.it;200;5
Azienda Calabria Lavoro;L19;80063;www.calabrialavoro.eu;http://www.calabrialavoro.eu.it;_NV_;['Errno -2'];20
Agenzia Piemonte Lavoro;L19;1272;www.agenziapiemontelavoro.it;http://www.agenziapiemontelavoro.it;http://www.agenziapiemontelavoro.it;200;5
Agenzia Lavoro e Sviluppoimpresa;L19;32006;www.lavoroimpresa.fvg.it;http://www.lavoroimpresa.fvg.it;http://www.lavoroimpresa.fvg.it;200;20
Agenzia Regionale Istruzione Formazione e Lavoro;L19;15146;www.arifl.it;http://www.arifl.it;http://www.arifl.it;200;5
Agenzia sarda per le politiche attive del lavoro  ;L19;92009;https://www.regione.sardegna.it/agenziaregionaleperillavoro/;https://www.regione.sardegna.it;https://www.regione.sardegna.it;200;5
Agenzia Regionale per Il Lavoro;L19;37006;www.agenzialavoro.emr.it;http://www.agenzialavoro.emr.it;http://www.agenzialavoro.emr.it;200;5
Agenzia regionale per il lavoro, la formazione e l'accreditamento;L19;10025;www.alfaliguria.it;http://www.alfaliguria.it;https://www.alfaliguria.it;200;5
Agenzia Regionale per Le Politiche Attive del Lavoro - Arpal Puglia;L19;72006;www.arpal.regione.puglia.it;http://www.arpal.regione.puglia.it;_NV_;ConnectTimeout;20
Agenzia Regionale Molise Lavoro;L19;70006;www.moliselavoro.it;http://www.moliselavoro.it;http://www.moliselavoro.it;200;5
Agenzia Regionale per Le Politiche Attive del Lavoro - Arpal Umbria;L19;54039;http://www.arpalumbria.it;http://www.arpalumbria.it;http://www.arpalumbria.it;200;20
Agenzia Regionale Toscana per L'Impiego;L19;48017;http://arti.toscana.it/;http://arti.toscana.it;http://arti.toscana.it;200;5
Veneto Lavoro;L19;27042;www.venetolavoro.it;http://www.venetolavoro.it;http://www.venetolavoro.it;200;5
Lab Agenzia Regionale del Lavoro Regione Basilicata;L19;76063;http://www.agenziaregionalelab.it;http://www.agenziaregionalelab.it;http://www.agenziaregionalelab.it;200;5
