Denominazione_ente;Codice_Categoria;Codice_comune_ISTAT;Sito_istituzionale;url;http_ok;codice_risposta;test_timeout
Azienda per il Diritto agli Studi Universitari - L'Aquila;L15;66049;www.adsuaq.org;http://www.adsuaq.org.it;_NV_;['Errno -2'];20
Agenzia per Il Diritto allo Studio Universitario di Puglia;L15;72006;https://www.adisupuglia.it;https://www.adisupuglia.it;https://www.adisupuglia.it;200;20
Agenzia per il Diritto allo Studio Universitario dell'Umbria;L15;54039;www.adisu.umbria.it;http://www.adisu.umbria.it;http://www.adisu.umbria.it;200;20
Azienda per il diritto agli studi universitari di Chieti;L15;69022;www.adsuch.gov.it;http://www.adsuch.it;_NV_;ConnectTimeout;20
A.Di.S.U.R.C. Azienda per Il Diritto allo Studio Universitario della Regione Campania;L15;63049;https://www.adisurcampania.it/;https://www.adisurcampania.it;https://www.adisurcampania.it;200;5
Azienda per Il Diritto Agli Studi Universitari di Teramo;L15;67041;www.adsuteramo.it;http://www.adsuteramo.it;http://www.adsuteramo.it;200;5
Aliseo;L15;10025;www.aliseo.liguria.it;http://www.aliseo.liguria.it;http://www.aliseo.liguria.it;200;5
Azienda Regionale per il Diritto agli Studi Superiori ER.GO;L15;37006;www.er-go.it;http://www.er.go.it;_NV_;['Errno -2'];20
Azienda Regionale Diritto allo Studio Universitario di Basilicata;L15;76063;www.ardsubasilicata.it;http://www.ardsubasilicata.it;http://www.ardsubasilicata.it;200;5
Agenzia Regionale Diritto allo Studio Universitario;L15;79023;www.ardis.cz.it;http://www.ardis.cz.it;_NV_;['Errno -2'];20
Azienda Regionale per il Diritto allo Studio Universitario;L15;48017;www.dsu.toscana.it;http://www.dsu.toscana.it;http://www.dsu.toscana.it;200;5
Azienda Regionale per Il Diritto allo Studio Universitario di Venezia;L15;27042;www.esuvenezia.it;http://www.esuvenezia.it;http://www.esuvenezia.it;200;20
Agenzia Regionale per il Diritto allo Studio;L15;32006;www.ardis.fvg.it;http://www.ardis.fvg.it;http://www.ardis.fvg.it;200;5
C.I.Di.S. Consorzio Pubblico Interuniversitario per Il Diritto allo Studio Universitario;L15;15146;www.consorziocidis.it;http://www.consorziocidis.it;http://www.consorziocidis.it;200;5
CONSORZIO PER L'INNOVAZIONE E LO SVILUPPO LOCALE, LA PROMOZIONE DELLA CULTURA, DELLA RICERCA E DEGLI STUDI UNIVERSITARI - CIRPU;L15;64008;www.consun.it;http://www.consun.it;http://www.consun.it;200;5
Consorzio Universitario della Provincia di Trapani;L15;81008;www.consunitp.it;http://www.consunitp.it;http://www.consunitp.it;200;5
Ente per il Diritto allo Studio Universitario di Pavia;L15;18110;www.edisu.pv.it;http://www.edisu.pv.it;_NV_;SSLERROR;20
Erdis Ente Regionale per Il Diritto allo Studio;L15;42002;www.erdis.it;http://www.erdis.it;http://www.erdis.it;200;5
Ersu Palermo;L15;82053;www.ersupalermo.it;http://www.ersupalermo.it;http://www.ersupalermo.it;200;5
Ente per il Diritto allo Studio Universitario del Molise;L15;70006;www.esu.molise.it;http://www.esu.molise.it;http://www.esu.molise.it;200;5
Ente Regionale per il Diritto allo Studio Universitario di Messina;L15;83048;www.ersumessina.it;http://www.ersumessina.it;http://www.ersumessina.it;200;20
Ente Regionale per il Diritto allo Studio Universitario del Piemonte;L15;1272;www.edisu.piemonte.it;http://www.edisu.piemonte.it;http://www.edisu.piemonte.it;200;5
Ente Regionale per Il Diritto allo Studio dell'Universita Kore di Enna;L15;86009;www.ersuenna.it;http://www.ersuenna.it;http://www.ersuenna.it;200;5
Ente Regionale per Il Diritto allo Studio Universitario;L15;92009;www.ersucagliari.it;http://www.ersucagliari.it;http://www.ersucagliari.it;200;5
Ente Regionale per Il Diritto allo Studio Universitario di Sassari;L15;90064;www.ersusassari.it;http://www.ersusassari.it;http://www.ersusassari.it;200;5
Esu  di Padova;L15;28060;www.esu.pd.it;http://www.esu.pd.it;https://www.esu.pd.it;200;5
Esu Verona;L15;23091;www.esu.vr.it;http://www.esu.vr.it;http://www.esu.vr.it;200;5
DiSCo - Ente regionale per il diritto allo studio e la promozione della conoscenza;L15;58091;www.laziodisco.it;http://www.laziodisco.it;http://www.laziodisco.it;200;5
Opera Universitaria di Trento;L15;22205;www.operauni.tn.it;http://www.operauni.tn.it;_NV_;['Errno -3'];20
Polo Universitario della Provincia di Agrigento;L15;84001;www.uniag.it;http://www.uniag.it;http://www.uniag.it;200;5
Regione Siciliana Ersu Universita Degli Studi di Catania;L15;87015;www.ersucatania.it;http://www.ersucatania.it;http://www.ersucatania.it;200;20
