Denominazione_ente;Codice_Categoria;Codice_comune_ISTAT;Sito_istituzionale;url;http_ok;codice_risposta;test_timeout
Agenzia del Demanio;C10;58091;www.agenziademanio.it;http://www.agenziademanio.it;http://www.agenziademanio.it;200;5
Agenzia delle Dogane e dei Monopoli;C10;58091;www.adm.gov.it;http://www.adm.gov.it;http://www.adm.gov.it;200;5
Agenzia delle Entrate;C10;58091;www.agenziaentrate.gov.it;http://www.agenziaentrate.gov.it;http://www.agenziaentrate.gov.it;200;5
Agenzia delle Entrate - Riscossione;C10;58091;www.agenziaentrateriscossione.gov.it;http://www.agenziaentrateriscossione.gov.it;http://www.agenziaentrateriscossione.gov.it;200;5
