Denominazione_ente;Codice_Categoria;Codice_comune_ISTAT;Sito_istituzionale;url;http_ok;codice_risposta;test_timeout
Agenzia Forestale Regionale;L13;54039;www.afor.umbria.it;http://www.afor.umbria.it;http://www.afor.umbria.it;200;5
Agenzia Regionale per Lo Sviluppo Rurale - Ersa;L13;31007;www.ersa.fvg.it;http://www.ersa.fvg.it;http://www.ersa.fvg.it;200;5
Agenzia Regionale per Lo Sviluppo e per I Servizi in Agricoltura;L13;78045;www.arssacalabria.it/;http://www.arssacalabria.it;http://www.arssacalabria.it;200;5
Agenzia Regionale per lo Sviluppo Agricolo Rurale e della Pesca - Arsarp;L13;70006;www.arsarp.it;http://www.arsarp.it;http://www.arsarp.it;200;5
Agenzia Regionale per Lo Sviluppo e L'Innovazione dell'Agricoltura del Lazio;L13;58091;www.arsial.it;http://www.arsial.it;http://www.arsial.it;502;5
Azienda Regionale per Lo Sviluppo dell'Agricoltura Calabrese;L13;78045;www.arsac.calabria.it;http://www.arsac.calabria.it;http://www.arsac.calabria.it;200;5
Agenzia per i Servizi nel Settore Agroalimentare delle Marche - ASSAM;L13;42034;www.assam.marche.it;http://www.assam.marche.it;http://www.assam.marche.it;200;5
Agenzia Veneta per L'Innovazione nel Settore Primario - Avisp;L13;28044;www.venetoagricoltura.org;http://www.venetoagricoltura.org.it;_NV_;['Errno -2'];20
Co.Re.R.A.S.;L13;82053;www.coreras.it;http://www.coreras.it;http://www.coreras.it;200;5
Ente di Sviluppo Agricolo;L13;82053;www.entesviluppoagricolo.it;http://www.entesviluppoagricolo.it;http://www.entesviluppoagricolo.it;200;5
Istituto Incremento Ippico per La Sicilia;L13;87015;www.cavallisicilia.it;http://www.cavallisicilia.it;http://www.cavallisicilia.it;200;5
Terre Regionali Toscane;L13;48017;http://open.toscana.it/web/terre-di-toscana;http://open.toscana.it;http://open.toscana.it;200;5
