Denominazione_ente;Codice_Categoria;Codice_comune_ISTAT;Sito_istituzionale;url;http_ok;codice_risposta;test_timeout
Azienda Autonoma di Cura Soggiorno e Turismo Castellammare Di Stabia;L10;63024;www.stabiatourism.it;http://www.stabiatourism.it;http://www.stabiatourism.it;200;5
Azienda Autonoma di Cura Soggiorno e Turismo di Vico Equense;L10;63086;www.vicotourism.it;http://www.vicotourism.it;http://www.vicotourism.it;200;5
Azienda Autonoma di Cura Soggiorno e Turismo di Capri;L10;63014;www.capritourism.com;http://www.capritourism.com.it;_NV_;['Errno -2'];20
Azienda Autonoma di Cura Soggiorno e Turismo di Pompei;L10;63058;www.pompeiturismo.it;http://www.pompeiturismo.it;http://www.pompeiturismo.it;200;5
Azienda Autonoma di Cura Soggiorno e Turismo Delle Isole di Ischia e di Procida;L10;63037;www.infoischiaprocida.it;http://www.infoischiaprocida.it;http://www.infoischiaprocida.it;200;20
Azienda Autonoma di Cura Soggiorno e Turismo di Pozzuoli;L10;63060;www.infocampiflegrei.it;http://www.infocampiflegrei.it;http://www.infocampiflegrei.it;200;5
Turismo Torino e Provincia S.C.R.L;L10;1272;www.turismotorino.org;http://www.turismotorino.org.it;_NV_;['Errno -2'];20
Azienda Autonoma Soggiorno Cura e Turismo di Napoli;L10;63049;www.inaples.it;http://www.inaples.it;http://www.inaples.it;200;5
Azienda Autonoma Soggiorno e Turismo Paestum;L10;65025;www.infopaestum.it;http://www.infopaestum.it;http://www.infopaestum.it;200;5
Azienda Autonoma di Soggiorno di Sorrento-Sant'Agnello;L10;63080;www.sorrentotourism.com;http://www.sorrentotourism.com.it;_NV_;['Errno -2'];20
Azienda Autonoma di Soggiorno e Turismo Termoli;L10;70078;www.termoli.net;http://www.termoli.net.it;_NV_;['Errno -2'];20
Azienda Autonoma Soggiorno e Turismo Cava Dei Tirreni;L10;65037;www.cavaturismo.sa.it;http://www.cavaturismo.sa.it;_NV_;['Errno -2'];20
Azienda Autonoma Soggiorno e Turismo di Maiori;L10;65066;www.aziendaturismo-maiori.it;http://www.aziendaturismo.maiori.it;_NV_;['Errno -2'];20
Azienda Autonoma Soggiorno e Turismo di Positano;L10;65100;www.aziendaturismopositano.it;http://www.aziendaturismopositano.it;http://www.aziendaturismopositano.it;200;20
Azienda Autonoma Soggiorno e Turismo di Ravello;L10;65104;www.ravellotime.it;http://www.ravellotime.it;http://www.ravellotime.it;200;5
Aziebda Autonoma di Soggiorno e Turismo Salerno;L10;65116;www.aziendaturismo.sa.it;http://www.aziendaturismo.sa.it;_NV_;['Errno -2'];20
Azienda di Cura Soggiorno Turismo di Merano - Kv Meran;L10;21051;www.merano.eu;http://www.merano.eu.it;_NV_;['Errno -2'];20
Toscana Promozione Turistica;L10;48017;www.toscanapromozione.it;http://www.toscanapromozione.it;http://www.toscanapromozione.it;200;20
Azienda di Promozione e Sviluppo Turistico di Livigno;L10;14037;www.livigno.eu;http://www.livigno.eu.it;_NV_;['Errno -2'];20
Azienda di Promozione Turistica della Provincia di Brindisi;L10;74001;www.viaggiareinpuglia.it;http://www.viaggiareinpuglia.it;http://www.viaggiareinpuglia.it;200;20
Agenzia di Promozione Territoriale della Basilicata;L10;76063;www.aptbasilicata.it;http://www.aptbasilicata.it;http://www.aptbasilicata.it;200;5
Agenzia Regionale per La Promozione del Turismo della Campania;L10;63049;http://www.agenziacampaniaturismo.it/;http://www.agenziacampaniaturismo.it;http://www.agenziacampaniaturismo.it;200;5
Agenzia Regionale per la Promozione Turistica in Liguria;L10;10025;www.agenziainliguria.com;http://www.agenziainliguria.com.it;_NV_;['Errno -2'];20
Agenzia Regionale del Turismo - Pugliapromozione;L10;72006;www.agenziapugliapromozione.it;http://www.agenziapugliapromozione.it;http://www.agenziapugliapromozione.it;200;5
Azienda di Soggiorno e Turismo di Bolzano;L10;21008;www.bolzano-bozen.it;http://www.bolzano.bozen.it;_NV_;['Errno -2'];20
Consorzio Turistico Sa Corona Arrubia - Marmilla;L10;111100;www.sacoronaarrubia.it;http://www.sacoronaarrubia.it;http://www.sacoronaarrubia.it;200;5
Ente Provinciale per Il Turismo di Avellino;L10;64008;www.eptavellino.it;http://www.eptavellino.it;http://www.eptavellino.it;403;5
Ente Provinciale per Il Turismo di Campobasso;L10;70006;www.eptmolise.it;http://www.eptmolise.it;_NV_;['Errno -2'];20
Ente Provinciale per Il Turismo di Caserta;L10;61022;www.eptcaserta.it;http://www.eptcaserta.it;http://www.eptcaserta.it;200;5
Ente Provinciale per Il Turismo di Salerno;L10;65116;www.eptsalerno.it/;http://www.eptsalerno.it;http://www.eptsalerno.it;200;5
Ente Provinciale per il Turismo di Benevento;L10;62008;www.eptbenevento.it;http://www.eptbenevento.it;http://www.eptbenevento.it;200;5
Ente Provinciale per il Turismo di Isernia;L10;94023;www.moliseturismo.eu;http://www.moliseturismo.eu.it;_NV_;['Errno -2'];20
Ente Provinciale per il Turismo di Napoli;L10;63049;www.eptnapoli.info;http://www.eptnapoli.info.it;_NV_;['Errno -2'];20
Office Regional du Tourisme - Ufficio Regionale del Turismo della Valle d'Aosta;L10;7003;www.turismo.vda.it;http://www.turismo.vda.it;http://www.turismo.vda.it;200;5
Promoturismofvg;L10;32006;www.promoturismo.fvg.it;http://www.promoturismo.fvg.it;http://www.promoturismo.fvg.it;200;20
