Denominazione_ente;Codice_Categoria;Codice_comune_ISTAT;Sito_istituzionale;url;http_ok;codice_risposta;test_timeout
Agenzia Regionale per Le Erogazioni in Agricoltura;L21;37006;http://agrea.regione.emilia-romagna.it/;http://agrea.regione.emilia-romagna.it;http://agrea.regione.emilia-romagna.it;200;5
Agenzia Lucana di Sviluppo e di Innovazione in Agricoltura;L21;77014;www.alsia.it;http://www.alsia.it;http://www.alsia.it;200;5
Agenzia Regionale Attivita Irrigue e Forestali;L21;72027;www.arifpuglia.it;http://www.arifpuglia.it;http://www.arifpuglia.it;200;5
Agenzia della Regione Calabria per le Erogazioni in Agricoltura;L21;79023;www.arcea.it;http://www.arcea.it;http://www.arcea.it;200;5
Agenzia Regionale per Le Erogazioni in Agricoltura della Regione Autonoma Valle D'Aosta Vallee' D'Aoste;L21;7058;www.area.vda.it;http://www.area.vda.it;http://www.area.vda.it;200;5
Argea;L21;95038;www.sardegnaagricoltura.it;http://www.sardegnaagricoltura.it;http://www.sardegnaagricoltura.it;200;5
Agenzia Regionale Piemontese per le Erogazioni in Agricoltura;L21;1272;www.arpea.piemonte.it;http://www.arpea.piemonte.it;http://www.arpea.piemonte.it;200;5
Agenzia Regionale Toscana per Le Erogazioni in Agricoltura;L21;48017;www.artea.toscana.it;http://www.artea.toscana.it;http://www.artea.toscana.it;403;20
Agenzia veneta per i pagamenti - AVEPA;L21;28060;www.avepa.it;http://www.avepa.it;http://www.avepa.it;200;5
ERSAF - Ente Regionale per I Servizi all'Agricoltura e alle Foreste;L21;15146;www.ersaf.lombardia.it;http://www.ersaf.lombardia.it;http://www.ersaf.lombardia.it;200;5
