Denominazione_ente;Codice_Categoria;Codice_comune_ISTAT;Sito_istituzionale;url;http_ok;codice_risposta;test_timeout
Agenzia Campana per la mobilita', le infrastrutture e le reti;L2;63049;www.acam-campania.it;http://www.acam.campania.it;_NV_;['Errno -2'];5
Agenzia Interregionale per Il Fiume Po;L2;34027;www.agenziapo.it;http://www.agenziapo.it;http://www.agenziapo.it;200;5
Agenzia Provinciale per L'Istruzione e La Formazione Professionale L'Orientamento e L'Impiego;L2;77014;www.ageforma.it;http://www.ageforma.it;http://www.ageforma.it;200;5
Agenzia Regionale Conservatoria Delle Coste della Sardegna;L2;92009;http://www.sardegnaambiente.it/coste/;http://www.sardegnaambiente.it;http://www.sardegnaambiente.it;200;5
Agenzia Regionale per la Protezione dell'Ambiente della Campania;L2;63049;www.arpacampania.it;http://www.arpacampania.it;_NV_;['Errno 111'];5
Agenzia Regionale per la Protezione dell'Ambiente del Molise;L2;70006;www.arpamolise.it;http://www.arpamolise.it;http://www.arpamolise.it;200;5
Agenzia Regionale per la Protezione dell'Ambiente Ligure;L2;10025;https://www.arpal.liguria.it;https://www.arpal.liguria.it;https://www.arpal.liguria.it;200;5
Agenzia Regionale per la Protezione dell'Ambiente della Sicilia;L2;82053;www.arpa.sicilia.it;http://www.arpa.sicilia.it;http://www.arpa.sicilia.it;200;5
Agenzia Regionale per la Protezione dell'Ambiente del Piemonte;L2;1272;www.arpa.piemonte.it;http://www.arpa.piemonte.it;http://www.arpa.piemonte.it;200;5
Agenzia Regionale per La Tecnologia e L'Innovazione della Regione Puglia;L2;72006;www.arti.puglia.it;http://www.arti.puglia.it;http://www.arti.puglia.it;200;5
Agenzia Regionale per la Prevenzione, l'Ambiente e l'Energia dell'Emilia Romagna;L2;37006;www.arpae.it;http://www.arpae.it;_NV_;['Errno -5'];5
Agenzia Regionale per la Protezione dell'Ambiente della Valle D'Aosta;L2;7058;www.arpa.vda.it;http://www.arpa.vda.it;http://www.arpa.vda.it;200;5
Agenzia Regionale per la Protezione dell'Ambiente della Calabria;L2;79023;www.arpacal.it;http://www.arpacal.it;http://www.arpacal.it;200;5
Agenzia Regionale per la Protezione dell'Ambiente del Friuli Venezia Giulia;L2;30070;www.arpa.fvg.it;http://www.arpa.fvg.it;http://www.arpa.fvg.it;200;5
Agenzia Regionale per la Protezione dell'Ambiente del Lazio;L2;57059;www.arpalazio.it;http://www.arpalazio.it;http://www.arpalazio.it;200;5
Agenzia Regionale per la Protezione dell'Ambiente della Lombardia;L2;15146;www.arpalombardia.it;http://www.arpalombardia.it;http://www.arpalombardia.it;200;5
Agenzia Regionale per la Protezione dell'Ambiente dell'Umbria;L2;55032;www.arpa.umbria.it;http://www.arpa.umbria.it;_NV_;['Errno -3'];5
Agenzia Regionale per la Protezione dell'Ambiente del Veneto;L2;28060;www.arpa.veneto.it;http://www.arpa.veneto.it;http://www.arpa.veneto.it;200;5
Agenzia Regionale per la Protezione dell'Ambiente della Basilicata;L2;76063;www.arpab.it;http://www.arpab.it;http://www.arpab.it;200;5
Agenzia Regionale per la Protezione dell'Ambiente delle Marche;L2;42002;www.arpa.marche.it;http://www.arpa.marche.it;http://www.arpa.marche.it;200;5
Agenzia Regionale per la Protezione dell'Ambiente della Puglia;L2;72006;www.arpa.puglia.it;http://www.arpa.puglia.it;http://www.arpa.puglia.it;200;5
Agenzia Regionale per la Protezione dell'Ambiente della Sardegna;L2;92009;www.sardegnaambiente.it/arpas/;http://www.sardegnaambiente.it;http://www.sardegnaambiente.it;200;5
Agenzia Regionale per la protezione ambientale della Toscana;L2;48017;www.arpat.toscana.it;http://www.arpat.toscana.it;http://www.arpat.toscana.it;200;5
Agenzia Regionale per La Tutela dell' Ambiente dell' Abruzzo;L2;68028;www.artaabruzzo.it;http://www.artaabruzzo.it;_NV_;['Errno -3'];5
Centro di Sperimentazione Laimburg;L2;21105;www.laimburg.it;http://www.laimburg.it;http://www.laimburg.it;200;5
Consorzio Lamma;L2;48043;www.lamma.toscana.it;http://www.lamma.toscana.it;http://www.lamma.toscana.it;200;5
Istituto Pugliese di Ricerche Economiche e Sociali Ipres;L2;72006;www.ipres.it/it/;http://www.ipres.it;http://www.ipres.it;200;5
Istituto Regionale del Vino e dell'Olio;L2;82053;www.irvos.it;http://www.irvos.it;http://www.irvos.it;200;5
Sicilia e Ricerca S.P.A.;L2;82053;www.siciliaericerca.it;http://www.siciliaericerca.it;_NV_;['Errno -2'];5
Scuola Provinciale Superiore di Sanita-landesfachhochschule Fuer Gesundheitsberufe;L2;21008;www.claudiana.bz.it;http://www.claudiana.bz.it;http://www.claudiana.bz.it;200;5
