Denominazione_ente;Codice_Categoria;Codice_comune_ISTAT;Sito_istituzionale;url;http_ok;codice_risposta;test_timeout
FONDAZIONE UMBRIA FILM COMMISSION;L1;54039;www.umbriafilmcommission.it;http://www.umbriafilmcommission.it;_NV_;['Errno 113'];20
Aric Agenzia Regionale di Informatica e Committenza;L1;67044;www.aric.it;http://www.aric.it;http://www.aric.it;200;5
Associazione Arena Sferisterio;L1;43023;www.sferisterio.it;http://www.sferisterio.it;http://www.sferisterio.it;200;5
Asuc di Bedollo;L1;22011;www.comunebedollo.it;http://www.comunebedollo.it;http://www.comunebedollo.it;200;5
Università Agraria di Vallecupola;L1;57062;www.agrariavallecupola.it;http://www.agrariavallecupola.it;_NV_;['Errno -2'];20
Amministrazione Beni Demaniali;L1;65028;www.benidemanialiacquavella.it;http://www.benidemanialiacquavella.it;https://www.benidemanialiacquavella.it;200;5
Amministrazione Beni Uso Civico Frazione Monte di Fuori;L1;21092;https://www.fraktion.it/it/monte-di-fuori;https://www.fraktion.it;https://www.fraktion.it;200;5
Amministrazione Beni Uso Civico Frazione Monte di Mezzo;L1;21092;www.comune.sesto.bz.it;http://www.comune.sesto.bz.it;http://www.comune.sesto.bz.it;200;5
Amministrazione Separata Dei Beni di Uso Civico Graun;L1;21027;www.fraktion-graun.it;http://www.fraktion.graun.it;http://www.fraktion.graun.it;200;5
Amministrazione Beni Uso Civico Predoi;L1;21068;www.prettau.it;http://www.prettau.it;http://www.prettau.it;200;5
Asuc di Preghena;L1;22106;www.comune.livo.tn.it/Aree-tematiche/ASUC/ASUC-PREGHENA;http://www.comune.livo.tn.it;http://www.comune.livo.tn.it;200;5
Aero Club d'Italia;L1;58091;www.aeci.it;http://www.aeci.it;http://www.aeci.it;200;5
Fondazione Apulia Film Commission;L1;72006;www.apuliafilmcommission.it;http://www.apuliafilmcommission.it;http://www.apuliafilmcommission.it;200;5
A.FO.R Azienda Forestale Regione Calabria;L1;79023;afor.regione.calabria.it;http://afor.regione.calabria.it;http://afor.regione.calabria.it;200;5
Agenzia Gestione Impianti Sportivi;L1;61022;www.provincia.caserta.it/;http://www.provincia.caserta.it;http://www.provincia.caserta.it;200;5
Arbeitsfoerderungsinstitut - Istituto per La Promozione Dei Lavoratori;L1;21008;www.afi-ipl.org;http://www.afi.ipl.org.it;_NV_;['Errno -2'];20
Aim Mobilita' Srl;L1;24116;www.aimmobilita.it;http://www.aimmobilita.it;http://www.aimmobilita.it;200;20
Agenzia per I Procedimenti e La Vigilanza in Materia di Contratti Pubblici di Lavori, Servizi e Forniture;L1;21008;http://acp.provincia.bz.it/;http://acp.provincia.bz.it;http://acp.provincia.bz.it;200;5
Autorita' per Il Servizio di Gestione Integrata Dei Rifiuti Urbani Ato Toscana Centro;L1;48017;www.atotoscanacentro.it;http://www.atotoscanacentro.it;http://www.atotoscanacentro.it;200;5
Agenzia per Lo Sviluppo Sociale Ed Economico della Provincia Autonoma di Bolzano;L1;21008;https://asse.provincia.bz.it/;https://asse.provincia.bz.it;https://asse.provincia.bz.it;200;5
Azienda Multiservizi Cerro Maggiore - A.M.Ce.M.;L1;15072;www.amcem.it;http://www.amcem.it;http://www.amcem.it;200;5
Azienda Musei Provinciali di Bolzano;L1;21008;https://azienda-musei.provincia.bz.it/;https://azienda-musei.provincia.bz.it;https://azienda-musei.provincia.bz.it;200;5
Amministrazione Beni Usi Civici di Glorenza;L1;21036;www.comune.glorenza.bz.it;http://www.comune.glorenza.bz.it;http://www.comune.glorenza.bz.it;200;5
Agenzia Provinciale per Le Attivita' Formative - A.P.A.F.;L1;97042;www.apaflecco.it;http://www.apaflecco.it;http://www.apaflecco.it;200;5
Agenzia Provinciale per L'Energia e L'Ambiente;L1;77014;www.apeamatera.it;http://www.apeamatera.it;http://www.apeamatera.it;200;5
Agenzia Regionale Campana Difesa Suolo;L1;65135;www.arcadis.gov.it;http://www.arcadis.it;http://www.arcadis.it;200;5
Agenzia Regionale per La Lingua Friulana;L1;30129;www.arlef.it;http://www.arlef.it;http://www.arlef.it;200;20
Agenzia Regionale per La Ricostruzione Post Sisma;L1;70006;www.arpsmolise.it;http://www.arpsmolise.it;http://www.arpsmolise.it;200;5
Agenzia Regionale per La Sicurezza Territoriale e La Protezione Civile;L1;37006;protezionecivile.regione.emilia-romagna.it;http://protezionecivile.regione.emilia.romagna.it;_NV_;['Errno -2'];20
Asuc Rizzolaga di Pine;L1;22009;www.asucpinetane.com;http://www.asucpinetane.com.it;_NV_;['Errno -2'];20
Agenzia Regionale di Protezione Civile;L1;70006;www.protezionecivile.molise.it;http://www.protezionecivile.molise.it;http://www.protezionecivile.molise.it;200;20
Azienda Speciale Angri Eco Servizi;L1;65007;www.angriecoservizi.it;http://www.angriecoservizi.it;http://www.angriecoservizi.it;200;5
Azienda Speciale del Comune di Aprilia Aprilia Multiservizi;L1;59001;www.apriliamultiservizi.it;http://www.apriliamultiservizi.it;http://www.apriliamultiservizi.it;200;5
Amministrazione Separata Beni Civici Santa Rufina di Cittaducale;L1;57016;www.benicivici-santarufina.it;http://www.benicivici.santarufina.it;_NV_;['Errno -2'];20
Amministrazione Separata Beni Ed Usi Civici Sluderno;L1;21094;www.comune.sluderno.bz.it;http://www.comune.sluderno.bz.it;http://www.comune.sluderno.bz.it;200;5
Amministrazione Separata B.U.C. Frazione di Santo Stefano;L1;21081;www.comune.sanlorenzodisebato.bz.it/de;http://www.comune.sanlorenzodisebato.bz.it;http://www.comune.sanlorenzodisebato.bz.it;200;5
Amministrazione Separata Beni Uso Civico di Pera di Fassa;L1;22250;www.comune.senjandifassa.tn.it;http://www.comune.senjandifassa.tn.it;http://www.comune.senjandifassa.tn.it;200;5
Amministrazione Separata Buc Prato allo Stelvio;L1;21067;www.gemeinde.prad.bz.it;http://www.gemeinde.prad.bz.it;http://www.gemeinde.prad.bz.it;200;5
Amministrazione Separata Beni Usi Civici di Alba;L1;22039;www.comune.canazei.tn.it;http://www.comune.canazei.tn.it;http://www.comune.canazei.tn.it;200;5
Amministrazione Separata B.U.C. Frazione di Anterselva di Mezzo;L1;21071;www.gemeinde.olang.bz.it;http://www.gemeinde.olang.bz.it;http://www.gemeinde.olang.bz.it;200;5
Amministrazione Separata B.U.C. Frazione di Anterselva di Sopra;L1;21071;www.gemeinde.rasenantholz.bz.it;http://www.gemeinde.rasenantholz.bz.it;http://www.gemeinde.rasenantholz.bz.it;200;5
Amministrazione Separata Beni Usi Civici Villabassa;L1;21113;www.niederdorf.eu/;http://www.niederdorf.eu.it;_NV_;['Errno -2'];20
Amministrazione Separata Dei Beni di Uso Civico Coldrano;L1;21037;www.gemeinde.latsch.bz.it;http://www.gemeinde.latsch.bz.it;http://www.gemeinde.latsch.bz.it;200;5
Amministrazione Separata B.U.C. Colle di Dentro;L1;21109;www.gsies.eu;http://www.gsies.eu.it;_NV_;['Errno -2'];20
Amministrazione Separata Beni Usi Civici di Castello;L1;22137;www.comune.pellizzano.tn.it;http://www.comune.pellizzano.tn.it;http://www.comune.pellizzano.tn.it;200;5
Amministrazione Separata Beni di Uso Civico Civitella Marittima;L1;53008;https://asbuc-civitella-marittima.jimdosite.com/;https://asbuc-civitella-marittima.jimdosite.com;https://asbuc-civitella-marittima.jimdosite.com;200;5
Amministrazione Beni di Uso Civico Delle Frazioni di Corvaro e Santo Stefano;L1;57007;asbuccorvarosantostefano.altervista.org/;http://asbuccorvarosantostefano.altervista.org.it;_NV_;['Errno -2'];20
Amministrazione Separata Dei Beni di Uso Civico della Frazione di Vandoies di Sopra;L1;21110;https://www.gemeinde.vintl.bz.it/;https://www.gemeinde.vintl.bz.it;https://www.gemeinde.vintl.bz.it;200;5
Amministrazione Separata Beni Usi Civici Samoclevo;L1;22033;www.comune.caldes.tn.it/aree-tematiche/asuc/asuc-samoclev;http://www.comune.caldes.tn.it;http://www.comune.caldes.tn.it;200;5
Amministrazione Separata Beni Uso Civico Dobbiaco;L1;21028;www.comunedobbiaco.bz.it;http://www.comunedobbiaco.bz.it;_NV_;['Errno -2'];20
Amministrazione Separata Beni Usi Civici Frassene;L1;25067;INESISTENTE;http://inesistente.it;http://inesistente.it;200;5
Amministrazione Separata B.U.C. Frazione di Valdaora di Sotto;L1;21106;www.gemeinde.olang.bz.it/;http://www.gemeinde.olang.bz.it;http://www.gemeinde.olang.bz.it;200;5
Amministrazione Separata Beni Usi Civici Frazione di Chiens;L1;21021;fraktionkiens@pec.it;http://fraktionkiens@pec.it;http://fraktionkiens@pec.it;200;5
Amministrazione Separata Beni Usi Civici di Laudes;L1;21046;www.gemeinde.mals.bz.it;http://www.gemeinde.mals.bz.it;http://www.gemeinde.mals.bz.it;200;5
Amministrazione Separata Beni Uso Civico Marebbe;L1;21047;www.comune.marebbe.bz.it;http://www.comune.marebbe.bz.it;http://www.comune.marebbe.bz.it;200;5
Amministrazione Separata Beni Uso Civico Malles;L1;21046;www.gemeinde.mals.bz.it/;http://www.gemeinde.mals.bz.it;http://www.gemeinde.mals.bz.it;200;5
Amministrazione Seperata Beni Usi Civico Montechiaro;L1;21067;www.gemeinde.prad.bz.it/system/web/gelbeseite.aspx?typ=9&cmd=az&menuonr=218864603;http://www.gemeinde.prad.bz.it;http://www.gemeinde.prad.bz.it;200;5
Amministrazione Separata B.U.C. Monguelfo Paese;L1;21052;www.comune.monguelfo-tesido.bz.it;http://www.comune.monguelfo.tesido.bz.it;_NV_;['Errno -2'];20
Amministrazione Separata B.U.C. Frazione di Nove Case;L1;21071;www.gemeinde.rasenantholz.bz.it/;http://www.gemeinde.rasenantholz.bz.it;http://www.gemeinde.rasenantholz.bz.it;200;5
Amministrazione Separata Beni Usi Civici Corces;L1;21093;www.comune.silandro.bz.it;http://www.comune.silandro.bz.it;http://www.comune.silandro.bz.it;200;5
Amministrazione Separata Beni Usi Civici Covelano;L1;21093;www.schlanders.it/frazione-covelano;http://www.schlanders.it;http://www.schlanders.it;200;5
Amministrazione Separata Beni di Uso Civico Frazione di Viarago;L1;22139;www.comune.pergine.tn.it;http://www.comune.pergine.tn.it;http://www.comune.pergine.tn.it;200;5
Amministrazione Separata Beni Usi Civici Resia;L1;21027;www.fraktion-reschen.it/;http://www.fraktion.reschen.it;_NV_;['Errno -3'];20
Amministrazione Separata Beni Usi Civici Oris;L1;21042;http://data.gvcc.net/AlboPretorioOnline/?gemeinde=732&lang=DE;http://data.gvcc.net;http://data.gvcc.net;200;5
Amministrazione Separata Dei Beni di Uso Civico di San Candido;L1;21077;www.gemeinde.innichen.bz.it;http://www.gemeinde.innichen.bz.it;http://www.gemeinde.innichen.bz.it;200;5
Amministrazione Separata Dei Beni di Uso Civico della Frazione di San Giorgio;L1;21013;fraktionstgeorgen@pec.it;http://fraktionstgeorgen@pec.it;http://fraktionstgeorgen@pec.it;200;5
Amministrazione Separata Beni Uso Civici di Stelvio;L1;21095;www.comune.stelvio.bz.it;http://www.comune.stelvio.bz.it;http://www.comune.stelvio.bz.it;200;5
Amministrazione Separata Beni Usi Civici Tarres;L1;21037;https://www.gemeinde.latsch.bz.it/de/Eigenverwaltung_B_N_R_Tarsch_6;https://www.gemeinde.latsch.bz.it;https://www.gemeinde.latsch.bz.it;200;5
Amministrazione Separata Beni Usi Civici di Termon;L1;22037;asuctermon.altervista.org;http://asuctermon.altervista.org.it;_NV_;['Errno -2'];20
Amministrazione Separata Beni Usi Civici di Tres;L1;22230;www.comune.predaia.tn.it;http://www.comune.predaia.tn.it;http://www.comune.predaia.tn.it;200;5
Amministrazione Separata Beni Usi Civici di Ultimo-Alsago;L1;21046;http://data.gvcc.net/AlboPretorioOnline/?gemeinde=489&lang=DE;http://data.gvcc.net;http://data.gvcc.net;200;5
Amministrazione Separata B. U. C. Valas;L1;21079;indicecepa.gov.it;http://indicecepa.it;_NV_;['Errno -2'];20
Amministrazione Separata Beni Usi Civici Vezzano;L1;21093;www.silandro.it/frazione-vezzano;http://www.silandro.it;http://www.silandro.it;200;5
Amministrazione Separata Beni Usi Civici Villa Ottone;L1;21034;http://data.gvcc.net/AlboPretorioOnline/?gemeinde=468&lang=DE;http://data.gvcc.net;http://data.gvcc.net;200;5
Amministrazione Separata Beni di Uso Civico Frazione di Vignola;L1;22139;www.comune.vignola-falesina.tn.it/;http://www.comune.vignola.falesina.tn.it;_NV_;['Errno -2'];20
Amministrazione Separata Beni Usi Civici di Grotte Santo Stefano;L1;56059;https://cloud.urbi.it/urbi/progs/urp/ur1ME001.sto?DB_NAME=wt00033418;https://cloud.urbi.it;https://cloud.urbi.it;200;5
Amministrazione Separata Beni Usi Civici Bozzana;L1;22033;www.comune.caldes.tn.it/aree-tematiche/asuc/asuc-bozzana;http://www.comune.caldes.tn.it;http://www.comune.caldes.tn.it;200;5
Amministrazione Separata Beni Usi Civici Molini;L1;21017;www.steger.bz;http://www.steger.bz.it;_NV_;['Errno -2'];20
Amministrazione Separata Beni Uso Civico Burgusio;L1;21046;https://www.gemeinde.mals.bz.it/de/Eigenverwaltung_B_N_R_Burgeis_2;https://www.gemeinde.mals.bz.it;https://www.gemeinde.mals.bz.it;200;5
Amministrazione Separata Beni Usi Civici Silandro;L1;21093;www.silandro.it/frazione-silandro;http://www.silandro.it;http://www.silandro.it;200;5
Amministrazione Separata Beni Usi di Vallelunga;L1;21027;www.fraktion-langtaufers.it;http://www.fraktion.langtaufers.it;_NV_;['Errno -2'];20
Amministrazione Separata Usi Civici di Celentino;L1;22136;www.comune.peio.tn.it;http://www.comune.peio.tn.it;http://www.comune.peio.tn.it;200;5
Azienda Speciale Comune di Noto;L1;89013;www.aspecon.com;http://www.aspecon.com.it;_NV_;['Errno -2'];20
Amministrazione Separata Dei Beni di Uso Civico Morter;L1;21037;http://www.gemeinde.latsch.bz.it/system/web/gelbeseite.aspx?typ=9&cmd=az&menuonr=218886598;http://www.gemeinde.latsch.bz.it;http://www.gemeinde.latsch.bz.it;200;5
Amministrazione Separata Dei Beni di Uso Civico del Comune di Castelrotto;L1;21019;www.gemeinde.kastelruth.bz.it;http://www.gemeinde.kastelruth.bz.it;http://www.gemeinde.kastelruth.bz.it;200;5
Amministrazione Separata Degli Usi Civici di Dimaro;L1;22233;www.comune.dimarofolgarida.tn.it/;http://www.comune.dimarofolgarida.tn.it;http://www.comune.dimarofolgarida.tn.it;200;5
Amministrazione Separata Degli Usi Civici di Carciato;L1;22233;www.comune.dimarofolgarida.tn.it;http://www.comune.dimarofolgarida.tn.it;http://www.comune.dimarofolgarida.tn.it;200;5
Amministrazione Separata Degli Usi Civici di Marcena;L1;22163;www.comune.rumo.tn.it;http://www.comune.rumo.tn.it;http://www.comune.rumo.tn.it;200;5
Azienda Speciale I Millefiori;L1;35028;http://www.aziendamillefiori.it;http://www.aziendamillefiori.it;http://www.aziendamillefiori.it;200;5
Azienda Speciale per La Gestione Degli Impianti Sportivi del Comune di Trento;L1;22205;www.asis.trento.it;http://www.asis.trento.it;http://www.asis.trento.it;200;20
Azienda Speciale per I Servizi Sociali Ida Zuzzi;L1;27034;www.idazuzzi.it;http://www.idazuzzi.it;http://www.idazuzzi.it;200;5
Azienda Speciale per I Servizi Sociali del Comune di Montesilvano;L1;68024;www.aziendasociale.it;http://www.aziendasociale.it;http://www.aziendasociale.it;200;5
Azienda Servizi Municipalizzata Taormina in Liquidazione;L1;83097;http://www.taorminaservizipubblici.it/;http://www.taorminaservizipubblici.it;http://www.taorminaservizipubblici.it;200;5
Azienda Speciale Soriano Ambiente & Mobilita';L1;56048;https://www.aziendaspecialesam.it;https://www.aziendaspecialesam.it;https://www.aziendaspecialesam.it;200;5
Agenzia per la protezione civile;L1;21008;appc.provincia.bz.it;http://appc.provincia.bz.it;http://appc.provincia.bz.it;200;5
Azienda Servizi Sociali di Bolzano;L1;21008;www.aziendasociale.bz.it;http://www.aziendasociale.bz.it;http://www.aziendasociale.bz.it;200;5
Azienda Speciale Servizi Bassa Reggiana;L1;35023;www.asbr.it;http://www.asbr.it;http://www.asbr.it;200;5
Azienda Speciale Sts Multiservizi;L1;58039;www.stsmultiservizi.it;http://www.stsmultiservizi.it;http://www.stsmultiservizi.it;200;5
Azienda Speciale Silvo Pastorale del Comune di Troina;L1;86018;www.silvopastoraletroina.it;http://www.silvopastoraletroina.it;http://www.silvopastoraletroina.it;200;5
Azienda Speciale Silvo Pastorale di Nicosia;L1;86012;www.silvopastoralenicosia.flazio.com;http://www.silvopastoralenicosia.flazio.com.it;_NV_;['Errno -2'];20
Amministrazione Spearata Tesido Paese;L1;21052;www.gemeinde.welsberg-taisten.bz.it;http://www.gemeinde.welsberg.taisten.bz.it;_NV_;['Errno -2'];20
Amministrazione Separata Usi Civici Arnago;L1;22110;www.comunemale.it;http://www.comunemale.it;http://www.comunemale.it;200;5
Amministrazione Separata Usi Civici di Almazzago;L1;22064;www.comune.commezzadura.tn.it/;http://www.comune.commezzadura.tn.it;http://www.comune.commezzadura.tn.it;200;5
Amministrazione Separata Usi Civici Bolentina;L1;22110;www.comune.male.tn.it;http://www.comune.male.tn.it;http://www.comune.male.tn.it;200;5
Amministrazione Separata Usi Civici di Campodenno;L1;22037;www.asuccampodenno.it/;http://www.asuccampodenno.it;_NV_;['Errno -2'];20
Amministrazione Separata Beni Usi Civici Caldes;L1;22033;www.comune.caldes.tn.it/aree-tematiche/asuc/asuc-caldes;http://www.comune.caldes.tn.it;http://www.comune.caldes.tn.it;200;5
Asuc di Dasindo;L1;22228;www.asuctrentine.it;http://www.asuctrentine.it;http://www.asuctrentine.it;200;5
Amministrazione Separata Usi Civici di Dercolo;L1;22037;www.asucdercolo.it;http://www.asucdercolo.it;http://www.asucdercolo.it;200;5
Amministrazione Separata Usi Civici di Livo;L1;22106;www.comunedilivo.tn.it;http://www.comunedilivo.tn.it;_NV_;['Errno -2'];20
Amministrazione Separata Beni di Uso Civico;L1;22244;www.comuneportedirendena.tn.it;http://www.comuneportedirendena.tn.it;http://www.comuneportedirendena.tn.it;200;5
Amministrazione Separata Beni di Uso Civico di Lases;L1;22108;www.comune.lonalases.tn.it;http://www.comune.lonalases.tn.it;http://www.comune.lonalases.tn.it;200;5
Amministrazione Separata Usi Civici di Mala;L1;22168;http://www.asuctrentine.it;http://www.asuctrentine.it;http://www.asuctrentine.it;200;5
Amministrazione Separata Usi Civici di Masi di Vigo;L1;22200;www.comune.ton.tn.it;http://www.comune.ton.tn.it;http://www.comune.ton.tn.it;200;5
Amministrazione Separata Usi Civici di Prio;L1;22230;http://www.comune.predaia.tn.it/;http://www.comune.predaia.tn.it;http://www.comune.predaia.tn.it;200;5
Asuc Rover Carbonare;L1;22040;www.asucpinetane.com/;http://www.asucpinetane.com.it;_NV_;['Errno -2'];20
Amministrazione Separata Usi Civici San Valentino;L1;21027;fraktionstvalentin.jimdo.com/;http://fraktionstvalentin.jimdo.com.it;_NV_;['Errno -2'];20
Amministrazione Separata Beni Usi Civici San Giacomo;L1;22033;www.comune.caldes.tn.it/aree-tematiche/asuc/asuc-s.giacom;http://www.comune.caldes.tn.it;http://www.comune.caldes.tn.it;200;5
Amministrazione Separata Usi Civici di Villamontagna;L1;22205;www.asucvillamontagna.it;http://www.asucvillamontagna.it;http://www.asucvillamontagna.it;200;5
Azienda Teatro del Giglio - A.T.G.;L1;46017;www.teatrodelgiglio.it;http://www.teatrodelgiglio.it;http://www.teatrodelgiglio.it;200;5
Azienda Territoriale per I Servizi alla Persona - Ambito 9 - Bassa Bresciana Centrale;L1;17078;www.ambito9ghedi.it;http://www.ambito9ghedi.it;_NV_;['Errno -2'];20
Associazione Teatrale Pistoiese;L1;47014;www.teatridipistoia.it;http://www.teatridipistoia.it;http://www.teatridipistoia.it;200;5
Ave Agenzia Vigilanza Edilizia;L1;21008;https://vigilanza-edilizia.provincia.bz.it/default.asp;https://vigilanza-edilizia.provincia.bz.it;https://vigilanza-edilizia.provincia.bz.it;200;5
Azienda Calabria Verde;L1;79023;www.calabriaverde.regione.calabria.it;http://www.calabriaverde.regione.calabria.it;http://www.calabriaverde.regione.calabria.it;200;5
Centro per la Formazione Permanente e l'Aggiornamento del Personale del Servizio Sanitario-Cefpas;L1;85004;https://www.cefpas.it;https://www.cefpas.it;https://www.cefpas.it;200;20
Gect Go Gruppo Europeo di Cooperazione Territoriale Territorio Dei Comuni Comune di Gorizia Mestna Obcina Nova Gorica e Obcina Sempeter Vrtojba;L1;31007;www.euro-go.eu;http://www.euro.go.eu.it;_NV_;['Errno -2'];20
Consiglio Delle Autonomie Locali;L1;92009;autonomielocali.org;http://autonomielocali.org.it;_NV_;['Errno -2'];20
Cavriagoservizi;L1;35017;www.cavriagoservizi.it;http://www.cavriagoservizi.it;http://www.cavriagoservizi.it;200;5
Cst Consorzio Sannio.It;L1;62008;www.cstsannio.it/;http://www.cstsannio.it;_NV_;['Errno 111'];20
Commissario Delegato per Interventi Urgenti Emergenza Dicembre 2109 -regione Campania;L1;63049;www.regione.campania.it;http://www.regione.campania.it;http://www.regione.campania.it;200;5
Consiglio Delle Autonomie Locali;L1;54039;www.cal-umbria.it;http://www.cal.umbria.it;_NV_;['Errno -2'];20
Commissario Delegato Art 14 Opcm 3925 2011;L1;82053;www.regione.sicilia.it/presidenza/protezionecivile/;http://www.regione.sicilia.it;http://www.regione.sicilia.it;200;5
Commissario Delegato Ex O.P.C.M. N.3858 del 12.03.2010;L1;72006;https://sites.google.com/site/pavoncellibis/home;https://sites.google.com;https://sites.google.com;200;5
Commissario Delegato Emergenza Traffico e Mobilita' Province di Tv e Vi;L1;27042;www.commissariopedemontana.it;http://www.commissariopedemontana.it;http://www.commissariopedemontana.it;200;20
Commissario Delegato Fvg per La Gestione dell'Emergenza Novembre 2019 Ocdpc 622/2019;L1;32006;https://www.protezionecivile.fvg.it/;https://www.protezionecivile.fvg.it;https://www.protezionecivile.fvg.it;200;5
Commissario Delegato per Interventi Urgenti Emergenza Ottobre 2018 - Regione Lazio;L1;58091;http://www.regione.lazio.it/rl/maltempoottobre2018/;http://www.regione.lazio.it;http://www.regione.lazio.it;200;5
Commissario Delegato per l'Emergenza della mobilita' riguardante la A4 (Ve - Ts) ed il raccordo Villesse - Gorizia;L1;32006;www.commissarioterzacosia.it;http://www.commissarioterzacosia.it;_NV_;['Errno -2'];20
Commissario Delegato per La Gestione Dell'Emergenza Ottobre 2018;L1;32006;www.protezionecivile.gov.it;http://www.protezionecivile.it;http://www.protezionecivile.it;200;5
Commissario Delegato Ord.P.C.M.3554/06 Emergenza Stoppani;L1;10001;www.sinstoppani.it;http://www.sinstoppani.it;http://www.sinstoppani.it;200;5
Regione Abruzzo - Il Dirigente Responsabile - OCDPC 234/2015;L1;66049;protezionecivile.regione.abruzzo.it/;http://protezionecivile.regione.abruzzo.it;http://protezionecivile.regione.abruzzo.it;200;5
Consorzio Eco 3;L1;83068;www.consorzioeco3.it/;http://www.consorzioeco3.it;http://www.consorzioeco3.it;200;5
Comune Funes Amministrazione Separata Dei Beni di Uso Civico - Frazione Tiso;L1;21033;https://www.villnoess.eu/it/Amministrazione_separata_B_U_C_Tiso_1;https://www.villnoess.eu;https://www.villnoess.eu;200;5
Centro di Formazione Professionale Brunico;L1;21013;www.bruneck.berufsschule.it;http://www.bruneck.berufsschule.it;http://www.bruneck.berufsschule.it;200;20
Commissario di Governo Contro Il Dissesto Idrogeologico Regione Piemonte;L1;1272;www.regione.piemonte.it;http://www.regione.piemonte.it;http://www.regione.piemonte.it;200;5
Consorzio di Gestione e Ripopolamento Ittico della Fascia Costiera Eoliana;L1;83066;www.consitticopatti.it;http://www.consitticopatti.it;_NV_;['Errno -2'];20
Asm Costruire Insieme;L1;6003;www.asmcostruireinsieme.it;http://www.asmcostruireinsieme.it;http://www.asmcostruireinsieme.it;200;5
Cirsu Spa;L1;67032;www.cirsu.it;http://www.cirsu.it;_NV_;['Errno -2'];20
Consozio Intercomunale Vastese Tutela Ed Ecologia Ambiente;L1;69028;www.civeta.it;http://www.civeta.it;http://www.civeta.it;200;5
Centro per Le Pari Opportunita;L1;54039;www.centropariopportunita.regione.umbria.it;http://www.centropariopportunita.regione.umbria.it;http://www.centropariopportunita.regione.umbria.it;200;5
Consorzio di Sviluppo Economico Locale dell'Area Giuliana;L1;32006;www.coselag.it;http://www.coselag.it;http://www.coselag.it;200;20
Consiglio Permanente Degli Enti Locali;L1;7003;www.celva.it/it/il-consiglio-permanente-degli-enti-locali/;http://www.celva.it;http://www.celva.it;200;5
Commissario rischio idrogeologico;L1;58091;www.regione.lazio.it/prl_ambiente/?vw=contenutiDettaglio&cat=1&id=200;http://www.regione.lazio.it;http://www.regione.lazio.it;200;5
Comitato Regionale per La Gestione Venatoria;L1;7003;www.comitatovenatorio.vda.it;http://www.comitatovenatorio.vda.it;http://www.comitatovenatorio.vda.it;200;5
Centro Regionale per L'Inventario La Catalogazione e La Documentazione Dei Beni Culturali;L1;82053;www.cricd.it;http://www.cricd.it;https://www.cricd.it;200;20
Centro Regionale per La Progettazione Ed Il Restauro e per Le Scienze Naturali Ed Applicate Ai Beni Culturali;L1;82053;www.centrorestauro.sicilia.it;http://www.centrorestauro.sicilia.it;http://www.centrorestauro.sicilia.it;200;5
Centro di Ricerca, Sviluppo e Studi Superiori in Sardegna;L1;92050;www.crs4.it;http://www.crs4.it;http://www.crs4.it;200;5
Consorzio Regionale per La Tutela, L'Incremento e L'Esercizio della Pesca - Valle D'Aosta;L1;7003;www.pescavda.it;http://www.pescavda.it;http://www.pescavda.it;200;5
Commissario Straordinario Attuazione Accordo di Programma 21-11-2014 Ferriera di Servola;L1;32006;commissario.ferriera.fvg.it/;http://commissario.ferriera.fvg.it;http://commissario.ferriera.fvg.it;200;5
Comunita' Sociale Cremasca A.S.C.;L1;19035;www.comunitasocialecremasca.it;http://www.comunitasocialecremasca.it;http://www.comunitasocialecremasca.it;200;5
Consorzio Stradale Comprensorio Diamante;L1;58091;http://www.consorzistradali.it/diamante.html;http://www.consorzistradali.it;http://www.consorzistradali.it;200;5
Centro Servizi Culturali Santa Chiara;L1;22205;www.centrosantachiara.it;http://www.centrosantachiara.it;http://www.centrosantachiara.it;200;20
Consorzio Stradale Ceri Tragliatella;L1;58091;http://www.consorzistradali.it/ceri.html;http://www.consorzistradali.it;http://www.consorzistradali.it;200;5
Commissario Straordinario Discariche Abusive Dpcm 24.03.2017;L1;58091;www.commissariobonificadiscariche.governo.it;http://www.commissariobonificadiscariche.governo.it;http://www.commissariobonificadiscariche.governo.it;200;5
Commissario Straordinario Depurazione Acque Reflue Basilicata Ex Dpcm 16 Ottobre 2015;L1;76063;www.commissariodepurazioneacque.basilicata.it;http://www.commissariodepurazioneacque.basilicata.it;http://www.commissariodepurazioneacque.basilicata.it;200;5
Commissario Straordinario Delegato per Gli Interventi di Mitigazione del Rischio Idrogeologico per La Regione Umbria;L1;54039;www.regione.umbria.it;http://www.regione.umbria.it;http://www.regione.umbria.it;200;5
Commissario Straordinario Delegato per La Regione Marche;L1;42002;https://www.regione.marche.it/Amministrazione-Trasparente/Interventi-straordinari-e-di-emergenza/;https://www.regione.marche.it;https://www.regione.marche.it;200;5
Commissario di Governo contro il Dissesto Idrogeologico nella Regione Siciliana;L1;82053;www.ucomidrogeosicilia.it;http://www.ucomidrogeosicilia.it;http://www.ucomidrogeosicilia.it;200;20
Commissario Straordinario Delegato per La Mitigazione del Rischio Idrogeologico in Calabria;L1;79023;www.dissestocalabria.it;http://www.dissestocalabria.it;http://www.dissestocalabria.it;200;5
Commissario Straordinario Delegato per La Realizzazione Degli Interventi di Mitigazione del Rischio Idrogeologico per La Regione Friuli Venezia Giulia;L1;32006;www.regione.fvg.it;http://www.regione.fvg.it;http://www.regione.fvg.it;200;5
Commissario Straordinario Delegato per La Realizzazione Degli Interventi di Mitigazione del Rischio Idrogeologico per La Regione Basilicata;L1;77014;www.commissariostraordinariorischioidrogeologico.basilicata.;http://www.commissariostraordinariorischioidrogeologico.basilicata.it;http://www.commissariostraordinariorischioidrogeologico.basilicata.it;200;5
Commissario Straordinario per Gli Interventi Urgenti di Bonifica di Taranto;L1;73027;www.prefettura.it/taranto;http://www.prefettura.it;http://www.prefettura.it;200;5
Commissario Straordinario per L'Attuazione Degli Interventi per La Mitigazione del Rischio Idrogeologico nella Regione Puglia;L1;72006;www.dissestopuglia.it;http://www.dissestopuglia.it;http://www.dissestopuglia.it;200;5
Commissario Straordinario per La Progettazione Affidamento e La Realizzazione Dei Lavori Relativi al Nuovo Depuratore Nell Agglomerato di Mondragone;L1;63049;www.commissariostraordinariodepuratori.it;http://www.commissariostraordinariodepuratori.it;_NV_;['Errno -2'];20
Centro Studi per La Programmazione Intercomunale dell'Area Metropolitana;L1;15146;www.pim.milano.it;http://www.pim.milano.it;http://www.pim.milano.it;200;5
Commissario Straordinario Ricostruzione Area Etnea Sisma 2018;L1;87004;www.commissariosismaareaetnea.it/;http://www.commissariosismaareaetnea.it;http://www.commissariosismaareaetnea.it;200;5
Commissario Straordinario per I Lavpori di Messa in Sicurezza e Gestione Dei Rifiuti Pericolosi e Radioattivi Siti nel Ex Cemerad;L1;73027;www.commissariostraordinariocemerad.it;http://www.commissariostraordinariocemerad.it;http://www.commissariostraordinariocemerad.it;200;5
Commissario Straordinario Sin Crotone;L1;37046;www.commissariostraordinariosincrotone.ite;http://www.commissariostraordinariosincrotone.ite.it;_NV_;['Errno -2'];20
Commissario Straordinario Sito Interesse Nazionale Brescia Caffaro;L1;17029;bresciacaffaro.it;http://bresciacaffaro.it;http://bresciacaffaro.it;200;5
Societa' della Salute Amiata Senese e Valdorcia, Valdichiana Senese;L1;52015;www.sdschianaamiataorcia.it;http://www.sdschianaamiataorcia.it;http://www.sdschianaamiataorcia.it;200;5
Commissario Straordinario unico DPCM del 11/05/2020;L1;58091;http://www.commissariounicodepurazione.it/;http://www.commissariounicodepurazione.it;http://www.commissariounicodepurazione.it;200;5
Consorzio Stradale Viale Cortina D'Ampezzo e Diramazioni;L1;58091;www.consorziocortina.it;http://www.consorziocortina.it;http://www.consorziocortina.it;200;5
Consorzio Unico Obbligatorio Strade Vicinali Comune di Ploaghe;L1;90057;www.comune.ploaghe.ss.it;http://www.comune.ploaghe.ss.it;http://www.comune.ploaghe.ss.it;200;5
Dirigente Gen.Le Dip. Regionale Acqua e Rifiuti Ex Ocdpc 159/2014;L1;82053;www.pti.regione.sicilia.it;http://www.pti.regione.sicilia.it;_NV_;['Errno -2'];20
Dipartimento Regionale dell'Acqua e Dei Rifiuti Ex O.C.D.P.C. N. 33 del 28.12.2012;L1;82053;pti.regione.sicilia.it/portal/page/portal/pir_portale/pir;http://pti.regione.sicilia.it;http://pti.regione.sicilia.it;200;5
Ente Acque Umbre - Toscane;L1;51002;www.eaut.it;http://www.eaut.it;http://www.eaut.it;200;5
Ente di Decentramento Regionale di Pordenone;L1;93033;www.pordenone.edrfvg.it;http://www.pordenone.edrfvg.it;http://www.pordenone.edrfvg.it;200;5
Ente di Decentramento Regionale di Udine;L1;30129;http://www.udine.edrfvg.it;http://www.udine.edrfvg.it;http://www.udine.edrfvg.it;200;5
E.G.R.I.B.;L1;76063;www.egrib.it;http://www.egrib.it;http://www.egrib.it;200;5
PoliS-Lombardia - Istituto regionale per il supporto alle politiche della Lombardia;L1;15146;www.polis.lombardia.it;http://www.polis.lombardia.it;http://www.polis.lombardia.it;200;5
Ente Acque della Sardegna - Enas;L1;92009;www.enas.sardegna.it;http://www.enas.sardegna.it;http://www.enas.sardegna.it;200;5
Ente Olivieri;L1;41044;www.oliveriana.pu.it;http://www.oliveriana.pu.it;http://www.oliveriana.pu.it;200;5
Ente Regionale per L'Abitazione Pubblica Delle Marche;L1;42002;www.erapmarche.it;http://www.erapmarche.it;https://www.erapmarche.it;200;5
Ente Regionale Teatrale del Friuli Venezia Giulia - Ert;L1;30129;www.ertfvg.it;http://www.ertfvg.it;http://www.ertfvg.it;200;5
Emporium Societa Cooperativa;L1;21008;www.emporium.bz.it;http://www.emporium.bz.it;http://www.emporium.bz.it;200;5
Ente Siciliano per La Promozione Industriale in Liquidazione;L1;82053;www.espi-ems.it;http://www.espi.ems.it;http://www.espi.ems.it;200;5
Ente tutela patrimonio ittico (ETPI);L1;30129;www.etpi.fvg.it;http://www.etpi.fvg.it;http://www.etpi.fvg.it;200;5
Ente Zona Industriale Trieste - EZIT;L1;32006;www.ezit.ts.it;http://www.ezit.ts.it;http://www.ezit.ts.it;500;5
Amministrazione Separata dei beni di Uso Civico Monte di San Candido;L1;21077;www.innichen.eu;http://www.innichen.eu.it;_NV_;['Errno -2'];20
Fondazione Bruno Kessler;L1;22205;www.fbk.eu;http://www.fbk.eu.it;_NV_;['Errno -2'];20
Ferrovia Circumetnea;L1;87015;www.circumetnea.it;http://www.circumetnea.it;http://www.circumetnea.it;200;5
Fondazione Caorle Citta' dello Sport;L1;27005;www.comune.caorle.ve.it/index.php?area=1&menu=226&page=797&lingua=4;http://www.comune.caorle.ve.it;http://www.comune.caorle.ve.it;200;5
Fondazione Calabria Film Commission;L1;79023;www.calabriafilmcommission.it;http://www.calabriafilmcommission.it;http://www.calabriafilmcommission.it;200;5
Fondazione Centro Internazionale di Studi di Architettura Andrea Palladio;L1;24116;www.palladiomuseum.org;http://www.palladiomuseum.org.it;_NV_;['Errno -2'];20
Fondazione Centro Studi Leon Battista Alberti;L1;20030;fondazioneleonbattistaalberti.it;http://fondazioneleonbattistaalberti.it;http://fondazioneleonbattistaalberti.it;200;5
Fondazione Contrada Torino Onlus;L1;1272;www.contradatorino.org;http://www.contradatorino.org.it;_NV_;['Errno -2'];20
Film Commission Torino Piemonte;L1;1272;www.fctp.it;http://www.fctp.it;http://www.fctp.it;200;5
Fondazione Edmund Mach;L1;22167;www.fmach.it;http://www.fmach.it;http://www.fmach.it;200;20
Fondazione Ente Ville Vesuviane;L1;63064;www.villevesuviane.net;http://www.villevesuviane.net.it;_NV_;['Errno -2'];20
Fondazione Film Commission Regione Campania;L1;63049;www.fcrc.it;http://www.fcrc.it;http://www.fcrc.it;200;5
Fondazione Film Commission Vallee D'Aoste;L1;7003;www.filmcommission.vda.it;http://www.filmcommission.vda.it;http://www.filmcommission.vda.it;200;5
Fondazione Galleria D'Arte Moderna e Contemporanea Silvio Zanella;L1;12070;www.museomaga.it;http://www.museomaga.it;http://www.museomaga.it;200;5
Fondazione Haydn di Bolzano e Trento;L1;21008;www.haydn.it;http://www.haydn.it;http://www.haydn.it;200;5
Fondazione Istituto per La Finanza e L'Economia Locale;L1;58091;www.fondazioneifel.it;http://www.fondazioneifel.it;http://www.fondazioneifel.it;200;5
Fondazione I Teatri;L1;35033;www.iteatri.re.it;http://www.iteatri.re.it;http://www.iteatri.re.it;200;5
Fondazione Lucana Film Commission;L1;77014;www.lucanafilmcommission.it;http://www.lucanafilmcommission.it;http://www.lucanafilmcommission.it;200;5
Fondazione Museo di Fotografia Contemporanea;L1;15077;www.mufoco.org;http://www.mufoco.org.it;_NV_;['Errno -2'];20
Fondazione Maria Ida Viglino Cultura Musicale;L1;7003;www.fondazionemusicalevda.it;http://www.fondazionemusicalevda.it;http://www.fondazionemusicalevda.it;200;5
Fondazione Musicale Santa Cecilia;L1;27029;www.fmsantacecilia.it;http://www.fmsantacecilia.it;http://www.fmsantacecilia.it;200;5
Fondazione Museo Storico del Trentino;L1;22205;www.museostorico.it;http://www.museostorico.it;http://www.museostorico.it;200;5
Fondazione per Lo Sport del Comune di Reggio Emilia;L1;35033;www.fondazionesport.it;http://www.fondazionesport.it;http://www.fondazionesport.it;200;5
Fondazione Sardegna Film Commission;L1;92009;https://www.sardegnafilmcommission.it;https://www.sardegnafilmcommission.it;https://www.sardegnafilmcommission.it;200;5
Fondazione Studi Universitari di Vicenza;L1;24116;www.univi.it;http://www.univi.it;http://www.univi.it;200;5
Fondazione Trentina Alcide De Gasperi;L1;22142;www.degasperitn.it;http://www.degasperitn.it;http://www.degasperitn.it;200;5
Fondazione Teatro Comunale e Auditorium;L1;21008;www.fondazioneteatro.bolzano.it;http://www.fondazioneteatro.bolzano.it;http://www.fondazioneteatro.bolzano.it;200;5
Amministrazione Separata Dei Beni Ad Uso Civico Terento Capoluogo;L1;21096;www.comune.terento.bz.it;http://www.comune.terento.bz.it;http://www.comune.terento.bz.it;200;5
Fondazione Veneto Film Commission;L1;27042;www.venetofilmcommission.com;http://www.venetofilmcommission.com.it;_NV_;['Errno -2'];20
GECT Euregio Tirolo-Alto Adige-Trentino;L1;21008;www.euregio.info;http://www.euregio.info.it;_NV_;['Errno -2'];20
Gect Euregio Senza Confini R.L.;L1;32006;www.euregio-senzaconfini.eu;http://www.euregio.senzaconfini.eu.it;_NV_;['Errno -2'];20
Comunità di Montagna delle Prealpi Friulane Orientali;L1;93016;www.pfo.comunitafvg.it;http://www.pfo.comunitafvg.it;_NV_;['Errno -2'];20
Intercent-er Agenzia Regionale per Lo Sviluppo Dei Mercati Telematici;L1;37006;http://intercenter.regione.emilia-romagna.it;http://intercenter.regione.emilia-romagna.it;http://intercenter.regione.emilia-romagna.it;200;5
Istituto Culturale Ladino;L1;22250;www.istladin.net;http://www.istladin.net.it;_NV_;['Errno -2'];20
Istituto Culturale Mocheno;L1;22133;www.bersntol.it;http://www.bersntol.it;http://www.bersntol.it;200;5
Istituzione Comunale Marsala Schola;L1;81011;www.marsalaschola.it;http://www.marsalaschola.it;http://www.marsalaschola.it;200;5
ISTITUTO DI FORMAZIONE PROFESSIONALE ALBERGHIERO DI ROVERETO;L1;22161;www.alberghierorovereto.it;http://www.alberghierorovereto.it;http://www.alberghierorovereto.it;200;5
Istituto di Formazione Professionale Sandro Pertini Servizi alla Persona e del Legno;L1;22205;https://www.ifpsandropertinitrento.it/;https://www.ifpsandropertinitrento.it;https://www.ifpsandropertinitrento.it;200;5
Istituzione Formativa della Provincia di Rieti;L1;57059;www.ifrieti.it;http://www.ifrieti.it;http://www.ifrieti.it;200;5
Istituto Ladino Micura' De Rue;L1;21082;www.micura.it;http://www.micura.it;http://www.micura.it;200;5
Istituto Provinciale per Infanzia Santa Maria della Pieta;L1;27042;www.pietavenezia.org;http://www.pietavenezia.org.it;_NV_;['Errno -2'];20
Il Presidente della Regione Campania Commissario Straordinario Ex Art. 11,comma 18, L.887-84;L1;63049;www.commissariostraordinario.regione.campania.it;http://www.commissariostraordinario.regione.campania.it;http://www.commissariostraordinario.regione.campania.it;404;5
Istituto Regionale A. Gervasone;L1;7020;www.istitutogervasone.it/;http://www.istitutogervasone.it;http://www.istitutogervasone.it;200;5
Istituto Regionale D'Arte;L1;82006;www.liceoartisticoregionale.it;http://www.liceoartisticoregionale.it;_NV_;['Errno -2'];20
Istituto Regionale di Studi Giuridici del Lazio Arturo Carlo Jemolo;L1;58091;www.jemolo.it;http://www.jemolo.it;http://www.jemolo.it;502;20
Istituto Regionale per Le Ville Venete;L1;27042;www.irvv.net;http://www.irvv.net.it;_NV_;['Errno -2'];20
I.R.P.E.T Istituto Regionale per La Programmazione Economica della Toscana;L1;48017;www.irpet.it;http://www.irpet.it;http://www.irpet.it;200;5
Istituto Regionale Sviluppo Attivita' Produttive;L1;82053;www.irsapsicilia.it;http://www.irsapsicilia.it;http://www.irsapsicilia.it;200;5
I.R.Vi.T. - Istituto Regionale Ville Tuscolane;L1;58091;www.irvit.it;http://www.irvit.it;http://www.irvit.it;200;5
Idm Suedtirol - Alto Adige;L1;21008;www.idm-suedtirol.com;http://www.idm.suedtirol.com.it;_NV_;['Errno -2'];20
"Istituto Regionale d'Istruzione Secondaria Superiore ""Francesca Morvillo""";L1;87015;istitutotecnicoregionalecatania.it;http://istitutotecnicoregionalecatania.it;http://istitutotecnicoregionalecatania.it;200;5
Liceo Artistico Regionale C.M. Esposito;L1;83091;www.liceoartisticosantostefanodicamastra.it;http://www.liceoartisticosantostefanodicamastra.it;http://www.liceoartisticosantostefanodicamastra.it;200;20
Liceo Artistico Regionale L. e M. Cascio;L1;86009;www.liceoartisticoenna.edu.it;http://www.liceoartisticoenna.edu.it;http://www.liceoartisticoenna.edu.it;200;5
Liceo Artistico Regionale Raffaele Libertini;L1;87018;www.iralibertini.it;http://www.iralibertini.it;http://www.iralibertini.it;200;5
Laboratorio di Diagnostica per I Beni Culturali;L1;54051;www.diagnosticabeniculturali.it;http://www.diagnosticabeniculturali.it;http://www.diagnosticabeniculturali.it;200;5
Liceo Artistico Don Gaspare Morello;L1;81012;liceoartisticomazara.it;http://liceoartisticomazara.it;http://liceoartisticomazara.it;200;5
Laore Sardegna;L1;92009;www.sardegnaagricoltura.it/;http://www.sardegnaagricoltura.it;http://www.sardegnaagricoltura.it;200;5
Man Museo D'Arte della Provincia di Nuoro;L1;91051;www.museoman.it;http://www.museoman.it;http://www.museoman.it;200;5
Museo Regionale di Scienze Naturali;L1;7063;www.museoscienze.it;http://www.museoscienze.it;http://www.museoscienze.it;200;5
Nuovo Circondario Imolese;L1;37032;www.nuovocircondarioimolese.it;http://www.nuovocircondarioimolese.it;http://www.nuovocircondarioimolese.it;200;5
Commissario Delegato Ocdpc 256 del 2015;L1;66049;protezionecivile.regione.abruzzo.it;http://protezionecivile.regione.abruzzo.it;http://protezionecivile.regione.abruzzo.it;200;5
Commissario Delegato Dgpc - Ocdpc 295-2015;L1;82053;www.regione.sicilia.it;http://www.regione.sicilia.it;http://www.regione.sicilia.it;200;5
Commissario Delegato Ocdpc 298_2015;L1;63049;www.commissario-delegato-ocpc2982015.it;http://www.commissario.delegato.ocpc2982015.it;_NV_;['Errno -2'];20
Ocdpc 630 del 03 Febbraio 2020;L1;82053;http://pti.regione.sicilia.it/portal/page/portal/pir_portale/pir;http://pti.regione.sicilia.it;http://pti.regione.sicilia.it;200;5
Opera Delle Mura di Lucca;L1;46017;www.lemuradilucca.it;http://www.lemuradilucca.it;http://www.lemuradilucca.it;530;5
LINFA AZIENDA SPECIALE CCIAA MARCHE - AGROALIMENTARE-;L1;44007;https://www.facebook.com/linfaaziendaspeciale;https://www.facebook.com;https://www.facebook.com;200;5
Presidenza Nazionale Lega Navale Italiana;L1;58091;www.leganavale.it;http://www.leganavale.it;https://www.leganavale.it;200;20
PRESIDENTE REGIONE ABRUZZO - COMMISSARIO DISSESTO IDROGEOLOGICO;L1;66049;www.regione.abruzzo.it;http://www.regione.abruzzo.it;http://www.regione.abruzzo.it;200;5
Pedemontana Sociale Azienda Territoriale per I Servizi alla Persona;L1;34009;www.pedemontanasocialeparma.it;http://www.pedemontanasocialeparma.it;http://www.pedemontanasocialeparma.it;200;5
Fondazione Film Commission di Roma e del Lazio;L1;58091;www.romalaziofilmcommission.it;http://www.romalaziofilmcommission.it;http://www.romalaziofilmcommission.it;200;20
Rossini Opera Festival Fondazione;L1;41044;www.rossinioperafestival.it;http://www.rossinioperafestival.it;http://www.rossinioperafestival.it;200;5
Ras Rundfunk- Anstalt Suedtirol - Radiotelevisione Azienda Speciale della Provincia di Bolzano;L1;21008;www.ras.bz.it;http://www.ras.bz.it;http://www.ras.bz.it;200;20
Risorsa Sociale Gera D'Adda A.S.C.;L1;16053;www.risorsasociale.it;http://www.risorsasociale.it;http://www.risorsasociale.it;200;5
Soggetto Attuatore Ocdpc N.630/2020 e 639/2020;L1;7058;https://www.regione.vda.it;https://www.regione.vda.it;https://www.regione.vda.it;200;5
Soggetto Attuatore Emergenza Covid-19 Calabria;L1;79023;www.regione.calabria.it;http://www.regione.calabria.it;http://www.regione.calabria.it;200;5
Scuola Civica di Musica;L1;111096;www.comune.villacidro.vs.it;http://www.comune.villacidro.vs.it;http://www.comune.villacidro.vs.it;200;20
Scuola Comunale Professionale a . Lattes - Istituzione del Comune di Cuneo;L1;4078;www.scuolalattes.it;http://www.scuolalattes.it;http://www.scuolalattes.it;200;5
Struttura Commissariale Straord.Delegata alla Realizzazione Degli Interventi di Mitigazione del Rischio Idrogeologico per La Reg. Molise;L1;70006;www.regione.molise.it;http://www.regione.molise.it;http://www.regione.molise.it;200;5
Scuola per L'Europa di Parma;L1;34027;www.scuolaperleuropa.eu;http://www.scuolaperleuropa.eu.it;_NV_;['Errno -2'];20
Scuola Provinciale Alberghiera Kaiserhof;L1;21051;www.kaiserhof.berufschule.it;http://www.kaiserhof.berufschule.it;_NV_;['Errno -2'];20
Scuola Professionale Commercio e Grafica Gutenberg;L1;21008;www.gutenberg.berufsschule.it;http://www.gutenberg.berufsschule.it;http://www.gutenberg.berufsschule.it;200;5
Scuola Prof. G. Marconi e Laimburg;L1;21051;www.marconi.fpbz.it;http://www.marconi.fpbz.it;http://www.marconi.fpbz.it;200;5
Scuola Professionale per L'Artigianato Artistico Val Gardena;L1;21061;www.cademia.it;http://www.cademia.it;http://www.cademia.it;200;5
Scuola Professionale per L'Agricoltura e L'Economia Domestica Salern Con Sede a Varna;L1;21111;www.fachschule-salern.it;http://www.fachschule.salern.it;_NV_;['Errno -2'];20
Scuola Professionali per L'Economia Domestica e Agroalimentare Asiago Ed Egna Con Sede a Bolzano;L1;21008;www.fachschule-haslach.it/;http://www.fachschule.haslach.it;_NV_;['Errno -2'];20
Scuola Professionale per L'Economia Domestica e Agroalimentare Teodone e per L'Agricoltura Mair Am Hof Con Sede a Teodone;L1;21013;www.fachschule-dietenheim.it;http://www.fachschule.dietenheim.it;_NV_;['Errno -2'];20
Scuola Professionale Provinciale Alberghiera Cesare Ritz di Merano;L1;21051;www.ritz.fpbz.it;http://www.ritz.fpbz.it;http://www.ritz.fpbz.it;200;5
Scuola Professionale Provinciale Alberghiera Ed Alimentare E. Hellenstainer Bressanone;L1;21011;www.hellenstainer.berufsschule.it/;http://www.hellenstainer.berufsschule.it;http://www.hellenstainer.berufsschule.it;200;5
Scuola Professionale Provinciale per Artigianato e Industria Luigi Einaudi;L1;21008;www.industria-einaudi.fpbz.it;http://www.industria.einaudi.fpbz.it;_NV_;['Errno -2'];20
Scuola Professionale Provinciale Alberghiera Savoy Merano;L1;21051;www.savoy.berufsschule.it;http://www.savoy.berufsschule.it;http://www.savoy.berufsschule.it;200;5
Scuola Professionale Provinciale Enrico Mattei - Scuola Professionale per Le Professioni Sociali Emmanuel Levinas;L1;21011;www.mattei.fpbz.it;http://www.mattei.fpbz.it;http://www.mattei.fpbz.it;200;5
Scuola Professionale Provinciale per Il Commercio Artigianato e Industria Chr. J. Tschuggmall Bressanone;L1;21011;www.tschuggmall.berufsschule.it;http://www.tschuggmall.berufsschule.it;http://www.tschuggmall.berufsschule.it;200;5
Scuola Professionale Provinciale di Silandro;L1;21093;www.schlanders.berufsschule.it;http://www.schlanders.berufsschule.it;http://www.schlanders.berufsschule.it;200;5
Societa' della Salute Senese;L1;52032;http://www.sds-senese.it/;http://www.sds-senese.it;http://www.sds-senese.it;200;20
Societa' della Salute della Zona Alta Val D'Elsa;L1;52022;http://www.sdsaltavaldelsa.it;http://www.sdsaltavaldelsa.it;http://www.sdsaltavaldelsa.it;200;5
Universita' Agraria di Civitella di Licenza;L1;58051;www.agrariacivitella.it;http://www.agrariacivitella.it;_NV_;['Errno -2'];20
Universita' Agraria di Colle di Tora;L1;57019;www.uniagrariacolleditora.it;http://www.uniagrariacolleditora.it;http://www.uniagrariacolleditora.it;200;5
Universita Agraria di Sipicciano;L1;56029;www.universitaagrariasipicciano.it;http://www.universitaagrariasipicciano.it;http://www.universitaagrariasipicciano.it;200;5
Universita Agraria di Tarquinia;L1;56050;www.agrariatarquinia.it;http://www.agrariatarquinia.it;http://www.agrariatarquinia.it;200;5
Universita' Agraria di Vivaro Romano;L1;58113;www.agrariavivaroromano.com;http://www.agrariavivaroromano.com.it;_NV_;['Errno -2'];20
Ufficio del Commissario Straordinario per La Progettazione Affidamento e Realizzazione Dei Lavori Relativi alla Depurazione Delle Acque Reflue Nei Comuni di Crotone Castrovillari Montebello Ionico Pizzo Ionadi;L1;79023;www.depurazionecalabria.it;http://www.depurazionecalabria.it;_NV_;['Errno -2'];20
Ufficio per La Realizzazione del Piano Straordinario di Telerilevamento;L1;58091;www.pcn.minambiente.it/gn/progetto_pst.php?lan=it;http://www.pcn.minambiente.it;http://www.pcn.minambiente.it;200;5
Ufficio Speciale per La Ricostruzione dell'Aquila;L1;66049;www.usra.it/;http://www.usra.it;http://www.usra.it;200;5
Ufficio Speciale per La Ricostruzione Post Sisma 2016 della Regione Lazio;L1;57059;www.ricostruzionelazio.it;http://www.ricostruzionelazio.it;http://www.ricostruzionelazio.it;200;5
Ufficio Speciale per La Ricostruzione Dei Comuni del Cratere;L1;66044;www.usrc.it;http://www.usrc.it;http://www.usrc.it;200;5
Ufficio Speciale per La Ricostruzione Post Sisma 2016 per La Regione Abruzzo;L1;66049;www.sisma2016abruzzo.it;http://www.sisma2016abruzzo.it;http://www.sisma2016abruzzo.it;200;5
A.S.B.U.C. COMITATO DI AMMINISTRAZIONE SEPARATA DEI BENI CIVICI FRAZIONALI DI PROPRIETA' DELLE FRAZIONI DI SERRAZZONE OSPITALE FELLICAROLO CANEVARE;L1;36011;www.usicivicifanano.it;http://www.usicivicifanano.it;http://www.usicivicifanano.it;200;5
