Denominazione_ente;Codice_Categoria;Codice_comune_ISTAT;Sito_istituzionale;url;http_ok;codice_risposta;test_timeout
Autorita' di Regolazione per Energia Reti e Ambiente;C5;15146;www.arera.it;http://www.arera.it;http://www.arera.it;200;5
Autorita Garante della Concorrenza e del Mercato;C5;58091;www.agcm.it;http://www.agcm.it;_NV_;['Errno -3'];5
Autorita' per le Garanzie nelle Comunicazioni - AGCOM;C5;63049;www.agcom.it;http://www.agcom.it;http://www.agcom.it;200;5
Autorita Garante per L'Infanzia e L'Adolescenza;C5;58091;www.garanteinfanzia.org;http://www.garanteinfanzia.org.it;_NV_;['Errno -2'];5
Agenzia Nazionale di Valutazione del Sistema Universitario e della Ricerca;C5;58091;www.anvur.it;http://www.anvur.it;_NV_;['Errno -3'];5
Autorita' di Regolazione Dei Trasporti;C5;1272;www.autorita-trasporti.it;http://www.autorita.trasporti.it;_NV_;['Errno -2'];5
Banca D'Italia;C5;58091;www.bancaditalia.it;http://www.bancaditalia.it;http://www.bancaditalia.it;200;5
Commissione di Garanzia dell'Attuazione della Legge sullo Sciopero nei Servizi Pubblici Essenziali - CGS;C5;58091;www.cgsse.it;http://www.cgsse.it;_NV_;['Errno -3'];5
Commissione Nazionale per Le Societa' e La Borsa;C5;58091;www.consob.it;http://www.consob.it;http://www.consob.it;200;5
Commissione di Vigilanza Sui Fondi Pensione;C5;58091;www.covip.it;http://www.covip.it;_NV_;['Errno -3'];5
Autorita' Nazionale Anticorruzione - A.N.AC.;C5;58091;www.anticorruzione.it;http://www.anticorruzione.it;http://www.anticorruzione.it;200;5
Garante Infanzia e Adolescenza Regione Calabria;C5;80063;www.garanteinfanziaconsrc.it;http://www.garanteinfanziaconsrc.it;http://www.garanteinfanziaconsrc.it;200;5
Garante nazionale dei diritti delle persone private della liberta' personale;C5;58091;www.garantenazionaleprivatiliberta.it;http://www.garantenazionaleprivatiliberta.it;http://www.garantenazionaleprivatiliberta.it;200;5
Garante per la protezione dei dati personali - GP;C5;58091;www.gpdp.it;http://www.gpdp.it;http://www.gpdp.it;200;5
IVASS - Istituto per la Vigilanza sulle Assicurazioni;C5;58091;www.ivass.it;http://www.ivass.it;http://www.ivass.it;200;5
Agenzia per la Cybersicurezza Nazionale;C5;58091;www.acn.gov.it;http://www.acn.it;http://www.acn.it;200;5
