Denominazione_ente;Codice_Categoria;Codice_comune_ISTAT;Sito_istituzionale;url;http_ok;codice_risposta;test_timeout
Autorita' di Bacino della Basilicata;L40;76063;www.adb.basilicata.it;http://www.adb.basilicata.it;http://www.adb.basilicata.it;200;5
Autorita' di Bacino Distrettuale dell'Appennino Meridionale;L40;61022;www.distrettoappenninomeridionale.it;http://www.distrettoappenninomeridionale.it;_NV_;['Errno -3'];5
Autorita' di Bacino Distrettuale dell'Appennino Settentrionale;L40;48017;http://www.appenninosettentrionale.it;http://www.appenninosettentrionale.it;http://www.appenninosettentrionale.it;200;5
Autorita' di Bacino dei Fiumi Liri Garigliano e Volturno;L40;61022;www.autoritadibacino.it;http://www.autoritadibacino.it;http://www.autoritadibacino.it;200;5
Autorita' di Bacino Distrettuale dell'Appennino Centrale;L40;58091;www.autoritadistrettoac.it;http://www.autoritadistrettoac.it;_NV_;['Errno -3'];5
Autorita' di Bacino del Lario e Dei Laghi Minori;L40;13145;www.autoritabacinolario.it;http://www.autoritabacinolario.it;http://www.autoritabacinolario.it;200;5
Autorita' di Bacino Lacuale Ceresio Piano e Ghirla;L40;13040;www.autoritabacinoceresio.it;http://www.autoritabacinoceresio.it;_NV_;ConnectTimeout;5
Autorita' di Bacino Lacuale Dei Laghi Maggiore Comabbio Monate Varese;L40;12087;www.autoritadibacino.va.it;http://www.autoritadibacino.va.it;http://www.autoritadibacino.va.it;200;5
Autorita di Bacino Regionale della Campania Centrale;L40;63049;www.adbcampaniacentrale2.it;http://www.adbcampaniacentrale2.it;http://www.adbcampaniacentrale2.it;200;5
Autorita di Bacino Regionale di Campania Sud Ed Interregionale per Il Bacino Idrografico del Fiume Sele;L40;63049;www.adbcampaniasud.it;http://www.adbcampaniasud.it;_NV_;ConnectTimeout;5
Autorita' di Bacino della Puglia;L40;72048;www.adb.puglia.it;http://www.adb.puglia.it;_NV_;['Errno -3'];5
Autorita' di Bacino distrettuale del Fiume Po;L40;34027;www.adbpo.gov.it;http://www.adbpo.it;http://www.adbpo.it;200;5
Autorita Regionale Dei Trasporti della Calabria;L40;79023;www.artcalabria.eu;http://www.artcalabria.eu.it;_NV_;['Errno -2'];5
Consorzio di Bacino Dei Rifiuti dell'Astigiano;L40;5005;www.cbra.it;http://www.cbra.it;http://www.cbra.it;200;5
Consiglio di Bacino Polesine;L40;29041;www.atopolesine.it;http://www.atopolesine.it;http://www.atopolesine.it;200;5
Autorita' di Bacino Laghi Garda e Idro;L40;17170;www.consorziogardaidro.it;http://www.consorziogardaidro.it;http://www.consorziogardaidro.it;200;5
Consorzio Obbligatorio per lo Smaltimento Dei Rifiuti Solidi Urbani Bacino Padova 4;L40;28065;www.bacinopadova4.it;http://www.bacinopadova4.it;http://www.bacinopadova4.it;200;5
Autorita' di Bacino Lacuale dei Laghi d'Iseo Endine e Moro;L40;16193;www.autoritalaghi.it;http://www.autoritalaghi.it;http://www.autoritalaghi.it;200;5
