Denominazione_ente;Codice_Categoria;Codice_comune_ISTAT;Sito_istituzionale;url;http_ok;codice_risposta;test_timeout
Autorita' di Sistema Portuale del Mare Adriatico Centrale;L11;42002;https://www.porto.ancona.it/;https://www.porto.ancona.it;https://www.porto.ancona.it;200;5
Autorita di Sistema Portuale del Mare di Sardegna;L11;92009;www.adspmaredisardegna.it;http://www.adspmaredisardegna.it;http://www.adspmaredisardegna.it;200;5
Autorita' di sistema portuale del Mar Tirreno centro-settentrionale;L11;58032;www.portidiroma.it;http://www.portidiroma.it;http://www.portidiroma.it;200;5
Autorità di Sistema Portuale dei Mari Tirreno Meridionale e Ionio;L11;80038;www.portodigioiatauro.it;http://www.portodigioiatauro.it;http://www.portodigioiatauro.it;200;5
Autorita' di Sistema portuale dello Stretto;L11;83048;www.adspstretto.it;http://www.adspstretto.it;_NV_;['Errno -3'];5
Autorita di sistema portuale del Mare di Sicilia Occidentale;L11;82053;www.portpalermo.it;http://www.portpalermo.it;http://www.portpalermo.it;200;5
Autorita' di Sistema portuale del Mare Adriatico centro-settentrionale;L11;39014;www.port.ravenna.it;http://www.port.ravenna.it;http://www.port.ravenna.it;200;5
Autorita' Portuale Regionale;L11;46033;www.autoritaportualeregionale.toscana.it;http://www.autoritaportualeregionale.toscana.it;http://www.autoritaportualeregionale.toscana.it;200;5
AUTORITA' DI SISTEMA PORTUALE DEL MAR IONIO;L11;73027;www.port.taranto.it;http://www.port.taranto.it;http://www.port.taranto.it;200;5
Autorita' di Sistema Portuale del Mar Adriatico Orientale;L11;32006;www.porto.trieste.it;http://www.porto.trieste.it;_NV_;SSLERROR;5
Autorita' di sistema portuale del Mare Adriatico settentrionale;L11;27042;www.port.venice.it;http://www.port.venice.it;http://www.port.venice.it;200;5
Autorita' di Sistema Portuale del Mar Ligure Occidentale;L11;10025;www.portsofgenoa.com;http://www.portsofgenoa.com.it;_NV_;['Errno -2'];5
Autorita' di Sistema Portuale del Mar Ligure Orientale;L11;11015;www.adspmarligureorientale.it;http://www.adspmarligureorientale.it;http://www.adspmarligureorientale.it;200;5
Autorita' di Sistema Portuale del Mare Adriatico Meridionale;L11;72006;www.adspmam.it;http://www.adspmam.it;_NV_;['Errno -3'];5
Autorita di Sistema Portuale del Mare di Sicilia Orientale;L11;89001;www.adspmaresiciliaorientale.it;http://www.adspmaresiciliaorientale.it;http://www.adspmaresiciliaorientale.it;200;5
Autorita' di Sistema Portuale del Mar Tirreno Settentrionale;L11;49009;www.portialtotirreno.it;http://www.portialtotirreno.it;_NV_;['Errno -3'];5
Autorita' di Sistema Portuale del Mar Tirreno Centrale;L11;63049;www.adsptirrenocentrale.it;http://www.adsptirrenocentrale.it;http://www.adsptirrenocentrale.it;200;5
