Denominazione_ente;Codice_Categoria;Codice_comune_ISTAT;Sito_istituzionale;url;http_ok;codice_risposta;test_timeout
Automobile Club Alessandria;C13;6003;www.alessandria.aci.it;http://www.alessandria.aci.it;http://www.alessandria.aci.it;200;5
Automobile Club Ascoli Piceno - Fermo;C13;44007;www.ascolipicenofermo.aci.it;http://www.ascolipicenofermo.aci.it;http://www.ascolipicenofermo.aci.it;200;5
Automobile Club Arezzo;C13;51002;www.arezzo.aci.it;http://www.arezzo.aci.it;http://www.arezzo.aci.it;200;5
Automobile Club Bologna;C13;37006;www.bologna.aci.it/;http://www.bologna.aci.it;http://www.bologna.aci.it;200;5
Automobile Club Como;C13;13075;www.como.aci.it;http://www.como.aci.it;http://www.como.aci.it;200;5
Automobile Club Cosenza;C13;78045;www.cosenza.aci.it;http://www.cosenza.aci.it;http://www.cosenza.aci.it;200;5
Automobile Club Forli'-Cesena;C13;40012;www.forlicesena.aci.it;http://www.forlicesena.aci.it;http://www.forlicesena.aci.it;200;5
Automobile Club Ferrara;C13;38008;www.aciferrara.it;http://www.aciferrara.it;http://www.aciferrara.it;200;5
Automobile Club Firenze;C13;48017;www.acifirenze.it;http://www.acifirenze.it;http://www.acifirenze.it;403;5
Automobile Club Frosinone;C13;60038;www.frosinone.aci.it;http://www.frosinone.aci.it;http://www.frosinone.aci.it;200;5
Automobile Club Genova;C13;10025;www.genova.aci.it;http://www.genova.aci.it;http://www.genova.aci.it;200;5
AUTOMOBILE CLUB DEL PONENTE LIGURE;C13;8031;www.ponenteligure.aci.it;http://www.ponenteligure.aci.it;http://www.ponenteligure.aci.it;200;5
Automobile Club Latina;C13;59011;www.latina.aci.it;http://www.latina.aci.it;http://www.latina.aci.it;200;5
Automobile Club Lucca;C13;46017;www.lucca.aci.it;http://www.lucca.aci.it;http://www.lucca.aci.it;200;5
Automobile Club Parma;C13;34027;http://www.parma.aci.it/;http://www.parma.aci.it;http://www.parma.aci.it;200;5
Automobile Club Pesaro e Urbino;C13;41044;www.pesarourbino.aci.it;http://www.pesarourbino.aci.it;http://www.pesarourbino.aci.it;200;5
Automobile Club Ravenna;C13;39014;www.acravenna.it;http://www.acravenna.it;http://www.acravenna.it;200;5
Automobile Club Rimini;C13;99014;www.rimini.aci.it;http://www.rimini.aci.it;http://www.rimini.aci.it;200;5
Automobile Club Trapani;C13;81021;www.trapani.aci.it;http://www.trapani.aci.it;http://www.trapani.aci.it;200;5
Automobile Club Treviso;C13;26086;www.treviso.aci.it;http://www.treviso.aci.it;http://www.treviso.aci.it;200;5
Automobile Club Valle d'Aosta;C13;7003;www.aosta.aci.it;http://www.aosta.aci.it;http://www.aosta.aci.it;200;5
Automobile Club Varese;C13;12133;www.varese.aci.it;http://www.varese.aci.it;http://www.varese.aci.it;200;5
Automobile Club Verbano Cusio Ossola;C13;103028;www.vco.aci.it;http://www.vco.aci.it;http://www.vco.aci.it;200;5
Automobile Club Ancona;C13;42002;www.ancona.aci.it;http://www.ancona.aci.it;http://www.ancona.aci.it;200;5
Automobile Club Agrigento;C13;84001;www.agrigento.aci.it;http://www.agrigento.aci.it;http://www.agrigento.aci.it;200;5
Automobile Club Asti;C13;5005;www.asti.aci.it/;http://www.asti.aci.it;http://www.asti.aci.it;200;5
Automobile Club Avellino;C13;64008;www.avellino.aci.it;http://www.avellino.aci.it;http://www.avellino.aci.it;200;5
Automobile Club Acireale;C13;87004;www.acireale.aci.it;http://www.acireale.aci.it;http://www.acireale.aci.it;200;5
Automobile Club Benevento;C13;62008;www.benevento.aci.it;http://www.benevento.aci.it;http://www.benevento.aci.it;200;5
Automobile Club Brescia;C13;17029;www.brescia.aci.it;http://www.brescia.aci.it;http://www.brescia.aci.it;200;5
Automobile Club Brindisi;C13;74001;www.brindisi.aci.it;http://www.brindisi.aci.it;http://www.brindisi.aci.it;200;5
Automobile Club Caserta;C13;61022;www.caserta.aci.it;http://www.caserta.aci.it;http://www.caserta.aci.it;200;5
Automobile Club Chieti;C13;69022;www.chieti.aci.it;http://www.chieti.aci.it;http://www.chieti.aci.it;200;5
Automobile Club Catania;C13;87015;www.catania.aci.it/;http://www.catania.aci.it;http://www.catania.aci.it;200;5
Automobile Club Molise;C13;70006;www.campobasso.aci.it;http://www.campobasso.aci.it;http://www.campobasso.aci.it;200;5
Automobile Club Cremona;C13;19036;www.acicremona.it;http://www.acicremona.it;http://www.acicremona.it;200;5
Automobile Club Catanzaro;C13;79023;www.catanzaro.aci.it;http://www.catanzaro.aci.it;http://www.catanzaro.aci.it;200;5
Automobile Club Enna;C13;86009;www.enna.aci.it;http://www.enna.aci.it;http://www.enna.aci.it;200;5
Automobile Club Foggia;C13;71024;www.foggia.aci.it;http://www.foggia.aci.it;http://www.foggia.aci.it;200;5
Automobile Club Gorizia;C13;31007;www.gorizia.aci.it;http://www.gorizia.aci.it;http://www.gorizia.aci.it;200;5
Automobile Club d'Italia;C13;58091;www.aci.it;http://www.aci.it;http://www.aci.it;200;5
Automobile Club Bari;C13;72006;www.bari.aci.it;http://www.bari.aci.it;http://www.bari.aci.it;200;5
Automobile Club Bergamo;C13;16024;www.bergamo.aci.it;http://www.bergamo.aci.it;http://www.bergamo.aci.it;200;5
Automobile Club Biella;C13;96004;www.biella.aci.it;http://www.biella.aci.it;http://www.biella.aci.it;200;5
Automobile Club Grosseto;C13;53011;www.grosseto.aci.it;http://www.grosseto.aci.it;http://www.grosseto.aci.it;200;5
Automobile Club Isernia;C13;94023;www.isernia.aci.it;http://www.isernia.aci.it;http://www.isernia.aci.it;200;5
Automobile Club Lecco;C13;97042;www.lecco.aci.it;http://www.lecco.aci.it;http://www.lecco.aci.it;200;5
Automobile Club Padova;C13;28060;www.padova.aci.it;http://www.padova.aci.it;http://www.padova.aci.it;200;5
Automobile Club Pordenone;C13;93033;www.pordenone.aci.it;http://www.pordenone.aci.it;http://www.pordenone.aci.it;200;5
Automobile Club Belluno;C13;25006;www.belluno.aci.it;http://www.belluno.aci.it;http://www.belluno.aci.it;200;5
Automobile Club Bolzano;C13;21008;www.acibz.it;http://www.acibz.it;http://www.acibz.it;200;5
Automobile Club Cagliari;C13;92009;www.cagliari.aci.it;http://www.cagliari.aci.it;http://www.cagliari.aci.it;200;5
Automobile Club Caltanissetta;C13;85004;www.caltanissetta.aci.it;http://www.caltanissetta.aci.it;http://www.caltanissetta.aci.it;200;5
Automobile Club Cuneo;C13;4078;www.cuneo.aci.it;http://www.cuneo.aci.it;http://www.cuneo.aci.it;200;5
Automobile Club Ivrea;C13;1125;www.ivrea.aci.it;http://www.ivrea.aci.it;http://www.ivrea.aci.it;200;5
Automobile Club Livorno;C13;49009;www.acilivorno.it;http://www.acilivorno.it;http://www.acilivorno.it;200;5
Automobile Club Macerata;C13;43023;www.macerata.aci.it;http://www.macerata.aci.it;http://www.macerata.aci.it;200;5
Automobile Club Nuoro;C13;91051;www.nuoro.aci.it;http://www.nuoro.aci.it;http://www.nuoro.aci.it;200;5
Automobile Club Oristano;C13;95038;www.oristano.aci.it;http://www.oristano.aci.it;http://www.oristano.aci.it;200;5
Automobile Club Sassari;C13;90064;www.sassari.aci.it;http://www.sassari.aci.it;http://www.sassari.aci.it;200;5
Automobile Club L'Aquila;C13;66049;www.laquila.aci.it;http://www.laquila.aci.it;http://www.laquila.aci.it;200;5
Automobile Club Lecce;C13;75035;www.lecce.aci.it;http://www.lecce.aci.it;http://www.lecce.aci.it;200;5
Automobile Club La Spezia;C13;11015;www.laspezia.aci.it;http://www.laspezia.aci.it;http://www.laspezia.aci.it;200;5
Automobile Club Modena;C13;36023;www.acimodena.it;http://www.acimodena.it;http://www.acimodena.it;200;5
Automobile Club Milano;C13;15146;www.milano.aci.it;http://www.milano.aci.it;http://www.milano.aci.it;200;5
Automobile Club Messina;C13;83048;www.messina.aci.it;http://www.messina.aci.it;http://www.messina.aci.it;200;5
Automobile Club Mantova;C13;20030;www.mantova.aci.it;http://www.mantova.aci.it;http://www.mantova.aci.it;200;5
Automobile Club Massa Carrara;C13;45010;www.massacarrara.aci.it;http://www.massacarrara.aci.it;http://www.massacarrara.aci.it;200;5
Automobile Club Matera;C13;77014;www.matera.aci.it;http://www.matera.aci.it;http://www.matera.aci.it;200;5
Automobile Club Napoli;C13;63049;www.napoli.aci.it;http://www.napoli.aci.it;http://www.napoli.aci.it;200;5
Automobile Club Novara;C13;3106;www.novara.aci.it;http://www.novara.aci.it;http://www.novara.aci.it;200;5
Automobile Club Pisa;C13;50026;www.pisa.aci.it;http://www.pisa.aci.it;http://www.pisa.aci.it;200;5
Automobile Club Piacenza;C13;33032;www.acipiacenza.it;http://www.acipiacenza.it;http://www.acipiacenza.it;200;5
Automobile Club Palermo;C13;82053;www.palermo.aci.it;http://www.palermo.aci.it;http://www.palermo.aci.it;200;5
Automobile Club Pescara;C13;68028;www.pescara.aci.it;http://www.pescara.aci.it;http://www.pescara.aci.it;200;5
Automobile Club Perugia;C13;54039;www.perugia.aci.it;http://www.perugia.aci.it;http://www.perugia.aci.it;200;5
Automobile Club Pavia;C13;18110;www.acipavia.it;http://www.acipavia.it;http://www.acipavia.it;200;5
Automobile Club Pistoia;C13;47014;www.pistoia.aci.it;http://www.pistoia.aci.it;http://www.pistoia.aci.it;200;5
Automobile Club Prato;C13;100005;www.prato.aci.it;http://www.prato.aci.it;http://www.prato.aci.it;200;5
Automobile Club Potenza;C13;76063;www.potenza.aci.it;http://www.potenza.aci.it;http://www.potenza.aci.it;200;5
Automobile Club Ragusa;C13;88009;www.ragusa.aci.it;http://www.ragusa.aci.it;http://www.ragusa.aci.it;200;5
Automobile Club Roma;C13;58091;www.roma.aci.it;http://www.roma.aci.it;http://www.roma.aci.it;200;5
Automobile Club Rovigo;C13;29041;www.rovigo.aci.it;http://www.rovigo.aci.it;http://www.rovigo.aci.it;200;5
Automobile Club Reggio Calabria;C13;80063;www.reggiocalabria.aci.it;http://www.reggiocalabria.aci.it;http://www.reggiocalabria.aci.it;200;5
Automobile Club Reggio Emilia;C13;35033;www.acireggio.it;http://www.acireggio.it;http://www.acireggio.it;200;5
Automobile Club Rieti;C13;57059;www.rieti.aci.it;http://www.rieti.aci.it;http://www.rieti.aci.it;200;5
Automobile Club Salerno;C13;65116;www.salerno.aci.it;http://www.salerno.aci.it;http://www.salerno.aci.it;200;5
Automobile Club Siena;C13;52032;www.siena.aci.it;http://www.siena.aci.it;http://www.siena.aci.it;200;5
Automobile Club Sondrio;C13;14061;www.sondrio.aci.it;http://www.sondrio.aci.it;http://www.sondrio.aci.it;200;5
Automobile Club Siracusa;C13;89017;www.siracusa.aci.it;http://www.siracusa.aci.it;http://www.siracusa.aci.it;200;5
Automobile Club Trieste;C13;32006;www.trieste.aci.it;http://www.trieste.aci.it;http://www.trieste.aci.it;200;5
Automobile Club Trento;C13;22205;www.trento.aci.it;http://www.trento.aci.it;http://www.trento.aci.it;200;5
Automobile Club Teramo;C13;67041;www.teramo.aci.it/;http://www.teramo.aci.it;http://www.teramo.aci.it;200;5
Automobile Club Terni;C13;55032;www.terni.aci.it;http://www.terni.aci.it;http://www.terni.aci.it;200;5
Automobile Club Taranto;C13;73027;www.acitaranto.it/;http://www.acitaranto.it;http://www.acitaranto.it;200;5
Automobile Club Torino;C13;1272;www.torino.aci.it;http://www.torino.aci.it;http://www.torino.aci.it;200;5
Automobile Club Udine;C13;30129;www.acu.ud.it;http://www.acu.ud.it;http://www.acu.ud.it;200;5
Automobile Club Venezia;C13;27042;www.venezia.aci.it;http://www.venezia.aci.it;http://www.venezia.aci.it;200;5
Automobile Club Vicenza;C13;24116;www.vicenza.aci.it;http://www.vicenza.aci.it;http://www.vicenza.aci.it;200;5
Automobile Club Verona;C13;23091;www.verona.aci.it;http://www.verona.aci.it;http://www.verona.aci.it;200;5
Automobile Club Viterbo;C13;56059;www.viterbo.aci.it;http://www.viterbo.aci.it;http://www.viterbo.aci.it;200;5
Automobile Club Vercelli;C13;2158;http://www.vercelli.aci.it/;http://www.vercelli.aci.it;http://www.vercelli.aci.it;200;5
Automobile Club Vibo Valentia;C13;102047;www.vibovalentia.aci.it;http://www.vibovalentia.aci.it;http://www.vibovalentia.aci.it;200;5
