Denominazione_ente;Codice_Categoria;Codice_comune_ISTAT;Sito_istituzionale;url;http_ok;codice_risposta;test_timeout
Azienda Unita' Sanitaria Locale Umbria 1;L7;54039;www.uslumbria1.gov.it;http://www.uslumbria1.it;https://www.uslumbria1.it;200;5
Azienda Unita' Sanitaria Locale Umbria 2;L7;55032;www.uslumbria2.it;http://www.uslumbria2.it;http://www.uslumbria2.it;200;5
Azienda Unita' Sanitaria Locale Viterbo;L7;56059;www.asl.vt.it;http://www.asl.vt.it;http://www.asl.vt.it;200;20
Azienda Sanitaria Locale Roma 5;L7;58104;https://www.aslroma5.info;https://www.aslroma5.info;https://www.aslroma5.info;200;5
Azienda Sanitaria Provinciale N. 5 di Reggio Calabria;L7;80063;www.asp.rc.it;http://www.asp.rc.it;http://www.asp.rc.it;200;5
ARNAS G. Brotzu;L7;92009;www.aobrotzu.it;http://www.aobrotzu.it;http://www.aobrotzu.it;200;20
Azienda Sanitaria Friuli Occidentale;L7;93033;https://asfo.sanita.fvg.it;https://asfo.sanita.fvg.it;https://asfo.sanita.fvg.it;200;5
Azienda Sanitaria Provinciale di Vibo Valentia;L7;102047;www.aspvv.it;http://www.aspvv.it;https://www.aspvv.it;200;5
Azienda Sanitaria Locale di Matera;L7;77014;www.asmbasilicata.it;http://www.asmbasilicata.it;http://www.asmbasilicata.it;200;5
Azienda Sanitaria Provinciale Ragusa;L7;88009;www.asp.rg.it;http://www.asp.rg.it;http://www.asp.rg.it;200;5
Azienda Sanitaria Provinciale Crotone;L7;101010;www.asp.crotone.it;http://www.asp.crotone.it;http://www.asp.crotone.it;200;5
Azienda Sanitaria Regionale Molise;L7;70006;https://www.asrem.gov.it/;https://www.asrem.it;http://www.asrem.it;200;5
Azienda Sanitaria Provinciale di Caltanissetta;L7;85004;www.asp.cl.it;http://www.asp.cl.it;http://www.asp.cl.it;200;5
Azienda Sanitaria Provinciale Catania;L7;87015;www.aspct.it;http://www.aspct.it;http://www.aspct.it;200;5
Azienda Sanitaria Provinciale di Siracusa;L7;89017;www.asp.sr.it;http://www.asp.sr.it;http://www.asp.sr.it;200;5
Azienda ULSS n. 1 Dolomiti;L7;25006;www.aulss1.veneto.it;http://www.aulss1.veneto.it;http://www.aulss1.veneto.it;200;5
Azienda Sanitaria Locale Napoli 1 Centro;L7;63049;www.aslnapoli1centro.it;http://www.aslnapoli1centro.it;http://www.aslnapoli1centro.it;200;20
Azienda per la tutela della salute - ATS Sardegna;L7;90064;www.atssardegna.it;http://www.atssardegna.it;http://www.atssardegna.it;200;5
Azienda Sanitaria Locale NO;L7;3106;www.asl.novara.it;http://www.asl.novara.it;http://www.asl.novara.it;200;5
Azienda Sanitaria Locale N. 4 di Teramo;L7;67041;www.aslteramo.it;http://www.aslteramo.it;http://www.aslteramo.it;200;5
Azienda ULSS n. 2 Marca Trevigiana;L7;26086;www.aulss2.veneto.it;http://www.aulss2.veneto.it;http://www.aulss2.veneto.it;200;5
Azienda Provinciale per i Servizi Sanitari della Provincia Autonoma di Trento;L7;22205;www.apss.tn.it;http://www.apss.tn.it;http://www.apss.tn.it;200;5
Azienda Regionale di Coordinamento per La Salute;L7;30129;arcs.sanita.fvg.it;http://arcs.sanita.fvg.it;https://arcs.sanita.fvg.it;200;5
Azienda sanitaria Locale - ASL - Asti;L7;5005;portale.asl.at.it/;http://portale.asl.at.it;http://portale.asl.at.it;200;5
Azienda USL Imola;L7;37032;www.ausl.imola.bo.it;http://www.ausl.imola.bo.it;http://www.ausl.imola.bo.it;200;5
Azienda Sanitaria Locale Caserta;L7;61022;www.aslcaserta.it;http://www.aslcaserta.it;_NV_;SSLERROR;20
Regione Marche Azienda Sanitaria Unica Regionale;L7;42002;www.asur.marche.it;http://www.asur.marche.it;https://www.asur.marche.it;200;5
Azienda USL Piacenza;L7;33032;www.ausl.pc.it;http://www.ausl.pc.it;http://www.ausl.pc.it;200;20
Azienda USL Pescara;L7;68028;www.ausl.pe.it;http://www.ausl.pe.it;https://www.ausl.pe.it;200;20
Azienda Sanitaria di Potenza ASP;L7;76063;www.aspbasilicata.it;http://www.aspbasilicata.it;http://www.aspbasilicata.it;200;20
Azienda USL Rieti;L7;57059;www.asl.rieti.it;http://www.asl.rieti.it;_NV_;['Errno -5'];20
Azienda USL della Valle d'Aosta;L7;7003;www.ausl.vda.it;http://www.ausl.vda.it;http://www.ausl.vda.it;200;5
Azienda Sanitaria Locale di Lecce;L7;75035;www.asl.lecce.it;http://www.asl.lecce.it;http://www.asl.lecce.it;200;20
Azienda Sanitaria Locale CN2 Alba-Bra;L7;4003;www.aslcn2.it;http://www.aslcn2.it;http://www.aslcn2.it;200;5
Azienda ULSS n.7 Pedemontana;L7;24012;www.aulss7.veneto.it/;http://www.aulss7.veneto.it;http://www.aulss7.veneto.it;200;5
Azienda Sociosanitaria Ligure 5;L7;11015;www.asl5.liguria.it;http://www.asl5.liguria.it;http://www.asl5.liguria.it;200;5
Azienda Sanitaria Locale TO3;L7;1090;www.aslto3.piemonte.it;http://www.aslto3.piemonte.it;https://www.aslto3.piemonte.it;200;5
Azienda Sanitaria Locale 2 Lanciano Vasto Chieti;L7;69022;www.asl2abruzzo.it;http://www.asl2abruzzo.it;http://www.asl2abruzzo.it;200;5
Azienda Sanitaria Locale 2 di Savona;L7;9056;www.asl2.liguria.it;http://www.asl2.liguria.it;https://www.asl2.liguria.it;200;5
Azienda Sanitaria Locale AL di Alessandria;L7;6003;www.aslal.it;http://www.aslal.it;http://www.aslal.it;200;5
Azienda Sanitaria Locale Avellino;L7;64008;www.aslavellino.it;http://www.aslavellino.it;https://www.aslavellino.it;200;20
Azienda Sanitaria Locale Bari;L7;72006;www.asl.bari.it;http://www.asl.bari.it;http://www.asl.bari.it;200;5
Azienda Sanitaria Locale BT di Andria;L7;110001;www.aslbat.it;http://www.aslbat.it;_NV_;('Connection aborted.', RemoteDisconnected('Remote end closed connection without response'));20
Azienda Sanitaria Locale della Provincia di Biella;L7;96047;www.aslbi.piemonte.it;http://www.aslbi.piemonte.it;_NV_;['Errno 111'];20
Azienda USL di Bologna;L7;37006;www.ausl.bologna.it;http://www.ausl.bologna.it;http://www.ausl.bologna.it;200;5
Azienda Sanitaria Locale di Brindisi;L7;74001;www.asl.brindisi.it;http://www.asl.brindisi.it;_NV_;ConnectTimeout;20
Azienda Sanitaria Locale CN1;L7;4078;www.ASLCN1.it;http://www.aslcn1.it;http://www.aslcn1.it;200;20
Asl Foggia;L7;71024;www.aslfg.it;http://www.aslfg.it;http://www.aslfg.it;200;5
Azienda USL Latina;L7;59011;www.asl.latina.it;http://www.asl.latina.it;https://www.asl.latina.it;200;5
Azienda Sanitaria Locale Napoli 2 Nord;L7;63032;www.aslnapoli2nord.it;http://www.aslnapoli2nord.it;http://www.aslnapoli2nord.it;200;5
Azienda Sanitaria Locale di Napoli 3 Sud;L7;63084;www.aslnapoli3sud.it;http://www.aslnapoli3sud.it;http://www.aslnapoli3sud.it;200;5
Azienda Sanitaria Locale di Salerno;L7;65116;www.aslsalerno.it;http://www.aslsalerno.it;http://www.aslsalerno.it;200;5
Azienda Sanitaria Locale TO4;L7;1082;www.aslto4.piemonte.it;http://www.aslto4.piemonte.it;http://www.aslto4.piemonte.it;200;5
Azienda Sanitaria Locale TO5 di Chieri;L7;1078;www.aslto5.piemonte.it;http://www.aslto5.piemonte.it;http://www.aslto5.piemonte.it;200;5
Azienda Sanitaria Locale Vercelli;L7;2158;www.aslvc.piemonte.it;http://www.aslvc.piemonte.it;https://www.aslvc.piemonte.it;200;5
Azienda Sanitaria Locale di Taranto;L7;73027;www.sanita.puglia.it/web/asl-taranto;http://www.sanita.puglia.it;https://www.sanita.puglia.it;200;5
Azienda Sanitaria Locale Avezzano Sulmona L'Aquila;L7;66049;www.asl1abruzzo.it;http://www.asl1abruzzo.it;http://www.asl1abruzzo.it;200;20
Azienda Sanitaria Locale Benevento 1;L7;62008;www.aslbenevento1.it;http://www.aslbenevento1.it;http://www.aslbenevento1.it;200;5
Azienda Sociosanitaria Ligure n.1;L7;8055;www.asl1.liguria.it;http://www.asl1.liguria.it;http://www.asl1.liguria.it;200;20
Azienda Sanitaria Locale VCO;L7;103050;www.aslvco.it;http://www.aslvco.it;http://www.aslvco.it;200;5
Azienda Sociosanitaria 3;L7;10025;www.asl3.liguria.it;http://www.asl3.liguria.it;http://www.asl3.liguria.it;200;5
Azienda Sociosanitaria Ligure n. 4 - Sistema Sanitario Regione Liguria;L7;10015;www.asl4.liguria.it;http://www.asl4.liguria.it;http://www.asl4.liguria.it;200;5
Azienda Sanitaria Locale Roma 1;L7;58091;www.aslroma1.it/;http://www.aslroma1.it;http://www.aslroma1.it;200;5
Azienda Sanitaria Locale Roma 2;L7;58091;www.aslroma2.it;http://www.aslroma2.it;http://www.aslroma2.it;200;5
ASL ROMA 4;L7;58032;www.aslrmf.it/;http://www.aslrmf.it;http://www.aslrmf.it;200;20
Azienda Sanitaria Locale Citta' di Torino;L7;1272;www.aslcittaditorino.it;http://www.aslcittaditorino.it;http://www.aslcittaditorino.it;200;5
Azienda Sanitaria Provinciale di Agrigento;L7;84001;www.aspag.it;http://www.aspag.it;http://www.aspag.it;200;20
Azienda Sanitaria Provinciale di Cosenza;L7;78045;www.asp.cosenza.it;http://www.asp.cosenza.it;http://www.asp.cosenza.it;200;20
Azienda Sanitaria Provinciale di Catanzaro;L7;79023;www.asp.cz.it;http://www.asp.cz.it;https://www.asp.cz.it;200;5
Azienda Sanitaria Provinciale di Messina;L7;83048;www.asp.messina.it;http://www.asp.messina.it;https://www.asp.messina.it;200;5
Azienda Sanitaria Provinciale di Palermo;L7;82053;www.asppalermo.org;http://www.asppalermo.org.it;_NV_;['Errno -2'];20
Azienda Sanitaria Provinciale di Trapani;L7;81021;www.asptrapani.it;http://www.asptrapani.it;http://www.asptrapani.it;200;20
Azienda Sanitaria della Provincia autonoma di Bolzano - Sanitatsbetrieb der autonomen Provinz Bozen;L7;21008;www.sabes.it;http://www.sabes.it;http://www.sabes.it;200;5
Azienda Sanitaria Provinciale di Enna;L7;86009;www.asp.enna.it;http://www.asp.enna.it;http://www.asp.enna.it;200;5
Azienda ULSS n. 4 Veneto Orientale;L7;27033;www.aulss4.veneto.it;http://www.aulss4.veneto.it;https://www.aulss4.veneto.it;200;5
Agenzia di Tutela della Salute della Val Padana;L7;20030;www.ats-valpadana.it;http://www.ats.valpadana.it;_NV_;['Errno -2'];20
Azienda Sanitaria Universitaria Friuli Centrale;L7;30129;https://asufc.sanita.fvg.it/it/;https://asufc.sanita.fvg.it;https://asufc.sanita.fvg.it;200;5
Azienda Sanitaria Universitaria Giuliano Isontina;L7;32006;www.asugi.sanita.fvg.it;http://www.asugi.sanita.fvg.it;http://www.asugi.sanita.fvg.it;200;5
Agenzia di Tutela della Salute di Bergamo;L7;16024;www.ats-bg.it;http://www.ats.bg.it;_NV_;['Errno -2'];20
Agenzia di Tutela della Salute di Brescia;L7;17029;www.ats-brescia.it;http://www.ats.brescia.it;_NV_;['Errno -2'];20
Agenzia di Tutela della Salute dell'Insubria;L7;12133;www.ats-insubria.it;http://www.ats.insubria.it;_NV_;['Errno -2'];20
Agenzia di Tutela della Salute della Montagna;L7;14061;http://www.ats-montagna.it/;http://www.ats-montagna.it;https://www.ats-montagna.it;200;5
Agenzia di Tutela della Salute della Brianza;L7;108033;HTTPS://www.ats-brianza.it/;https://www.ats-brianza.it;https://www.ats-brianza.it;200;5
Agenzia di Tutela della Salute della Citta' Metropolitana di Milano;L7;15146;www.ats-milano.it;http://www.ats.milano.it;_NV_;['Errno -2'];20
Agenzia di Tutela della Salute di Pavia;L7;18110;www.ats-pavia.it;http://www.ats.pavia.it;_NV_;['Errno -2'];20
azienda ULSS n. 3 Serenissima;L7;27042;www.aulss3.veneto.it/;http://www.aulss3.veneto.it;http://www.aulss3.veneto.it;200;5
Azienda ULSS n.6 Euganea;L7;28060;www.aulss6.veneto.it/;http://www.aulss6.veneto.it;http://www.aulss6.veneto.it;200;5
Azienda ULSS n. 9 Scaligera;L7;23091;www.aulss9.veneto.it;http://www.aulss9.veneto.it;http://www.aulss9.veneto.it;200;5
AZIENDA ULSS n.5 Polesana;L7;29041;www.aulss5.veneto.it;http://www.aulss5.veneto.it;http://www.aulss5.veneto.it;200;5
Azienda USL di Ferrara;L7;38008;www.ausl.fe.it;http://www.ausl.fe.it;_NV_;SSLERROR;20
Azienda Unita' Sanitaria Locale di Frosinone;L7;60038;www.asl.fr.it;http://www.asl.fr.it;http://www.asl.fr.it;200;5
Azienda Unita' Sanitaria Locale di Modena;L7;36023;www.ausl.mo.it;http://www.ausl.mo.it;http://www.ausl.mo.it;200;5
Azienda Unita' Sanitaria Locale di Parma;L7;34027;www.ausl.pr.it;http://www.ausl.pr.it;http://www.ausl.pr.it;200;5
Azienda Sanitaria Locale Roma 6;L7;58003;www.aslroma6.it;http://www.aslroma6.it;https://www.aslroma6.it;200;5
Azienda Usl della Romagna;L7;39014;https://www.auslromagna.it;https://www.auslromagna.it;https://www.auslromagna.it;200;5
Azienda USL di Reggio Emilia;L7;35033;www.ausl.re.it;http://www.ausl.re.it;https://www.ausl.re.it;200;5
Azienda Unita' Sanitaria Locale Toscana Centro;L7;48017;www.uslcentro.toscana.it;http://www.uslcentro.toscana.it;http://www.uslcentro.toscana.it;200;5
Azienda U.S.L. Toscana Nord - Ovest;L7;50026;www.uslnordovest.toscana.it/;http://www.uslnordovest.toscana.it;https://www.uslnordovest.toscana.it;200;5
Azienda Unita' Sanitaria Locale Toscana Sud Est;L7;51002;www.uslsudest.toscana.it;http://www.uslsudest.toscana.it;http://www.uslsudest.toscana.it;200;5
Azienda ULSS n.8 Berica;L7;24116;www.aulss8.veneto.it;http://www.aulss8.veneto.it;http://www.aulss8.veneto.it;200;5
Azienda Sanitaria Locale Roma 3;L7;58091;www.aslromad.it;http://www.aslromad.it;http://www.aslromad.it;200;20
