Denominazione_ente;Codice_Categoria;Codice_comune_ISTAT;Sito_istituzionale;url;http_ok;codice_risposta;test_timeout
Azienda pubblica servizi alla persona Cav. Marco Rossi Sidoli;L34;34011;www.rossisidoli.com;http://www.rossisidoli.com.it;_NV_;['Errno -2'];20
AZIENDA SPECIALE CONSORTILE PER I SERVIZI ALLA PERSONA DEL TERRITORIO DEL DESTRA SECCHIA;L34;20038;www.aspdestrasecchia.it;http://www.aspdestrasecchia.it;http://www.aspdestrasecchia.it;200;5
Casa di Riposo Sgobba;L34;72031;www.operapiasgobbanoci.it;http://www.operapiasgobbanoci.it;http://www.operapiasgobbanoci.it;200;5
Azienda Consortile A.C.C.C.;L34;63002;aziendaconsortilen19.it;http://aziendaconsortilen19.it;http://aziendaconsortilen19.it;200;5
Asp Civica Assistenza Tolentino;L34;43053;www.civicatolentino.it;http://www.civicatolentino.it;http://www.civicatolentino.it;200;5
Asp Circondario Imolese;L34;37020;www.aspcircondarioimolese.bo.it;http://www.aspcircondarioimolese.bo.it;http://www.aspcircondarioimolese.bo.it;200;5
Asp Collegio Morigi - De Cesaris;L34;33032;www.collegiomorigi.it;http://www.collegiomorigi.it;http://www.collegiomorigi.it;200;5
Asp Contessa Maddalena Pelagallo;L34;44023;www.pelagallo.it;http://www.pelagallo.it;http://www.pelagallo.it;200;5
Apsp Casa di Riposo Fie allo Sciliar;L34;21031;www.seniorenzentrum.it;http://www.seniorenzentrum.it;http://www.seniorenzentrum.it;200;5
Asp 'Casa di Riposo Giuseppe Sirch';L34;30103;www.aspsirch.it;http://www.aspsirch.it;http://www.aspsirch.it;200;5
Asp Citta' di Siena;L34;52032;www.asp.siena.it;http://www.asp.siena.it;https://www.asp.siena.it;200;5
Asp Centro Servizi alla Persona;L34;38008;www.aspfe.it;http://www.aspfe.it;http://www.aspfe.it;200;5
Asp Don Cavalletti;L34;35011;www.aspdoncavalletti.it;http://www.aspdoncavalletti.it;http://www.aspdoncavalletti.it;200;5
Asp Dei Comuni della Bassa Romagna;L34;39002;www.aspbassaromagna.it;http://www.aspbassaromagna.it;http://www.aspbassaromagna.it;200;5
Apsp Don Giuseppe Cumer;L34;22210;www.apspvallarsa.it;http://www.apspvallarsa.it;http://www.apspvallarsa.it;200;5
Asp della Romagna Faentina;L34;39010;www.aspromagnafaentina.it;http://www.aspromagnafaentina.it;http://www.aspromagnafaentina.it;200;5
Asp Emanuele Brignole;L34;10025;www.emanuelebrignole.it;http://www.emanuelebrignole.it;http://www.emanuelebrignole.it;200;5
Fondazione Lorenzerhof APSP;L34;21041;www.lorenzerhof.eu;http://www.lorenzerhof.eu.it;_NV_;['Errno -2'];20
Apsp Fondazione Casa di Riposo S. Valburga;L34;21104;www.altenheim-stwalburg.it;http://www.altenheim.stwalburg.it;_NV_;['Errno -2'];20
Asp Istituto Casa Famiglia;L34;52008;casafamigliacetona.it;http://casafamigliacetona.it;http://casafamigliacetona.it;200;5
Asilo Infantile Clementi di Velo;L34;24108;www.asiloclementivelo.it/;http://www.asiloclementivelo.it;http://www.asiloclementivelo.it;200;5
Asilo Infantile Guido Roberti;L34;69008;www.asp1chieti.it;http://www.asp1chieti.it;http://www.asp1chieti.it;200;5
Asilo Infantile Monumento Ai Caduti;L34;24108;www.asilomonumentoaicaduti.it;http://www.asilomonumentoaicaduti.it;http://www.asilomonumentoaicaduti.it;200;5
Asilo Infantile-Scuola Materna-Ente Morale;L34;6154;www.ssalvatoreinrete.it/pagina.aspx?IDPagina=350;http://www.ssalvatoreinrete.it;http://www.ssalvatoreinrete.it;200;5
Asp Istituti Milanesi Martinitt e Stelline e Pio Albergo Trivulzio di Milano;L34;15146;www.iltrivulzio.it;http://www.iltrivulzio.it;http://www.iltrivulzio.it;200;5
Assap Istituto Principe di Castelnuovo e di Villaermosa;L34;82053;www.operapiacastelnuovo.it;http://www.operapiacastelnuovo.it;http://www.operapiacastelnuovo.it;200;5
Asilo Infantile Scuola Materna;L34;25033;www.scuolainfanzialozzodicadore.it;http://www.scuolainfanzialozzodicadore.it;http://www.scuolainfanzialozzodicadore.it;200;5
Azienda per i Servizi alla Persona Daniele Moro;L34;30027;www.aspmoro.it;http://www.aspmoro.it;http://www.aspmoro.it;200;5
Asilo Infantile Umberto I;L34;26012;www.centroinfanziaumbertoprimo.it;http://www.centroinfanziaumbertoprimo.it;http://www.centroinfanziaumbertoprimo.it;200;5
Apsp Josefsheim Villandro;L34;21114;http://www.josefsheim.eu/de;http://www.josefsheim.eu;http://www.josefsheim.eu;200;5
Altavita -istituzioni Riunite di Assistenza- I.R.A.;L34;28060;www.altavita.org;http://www.altavita.org.it;_NV_;['Errno -2'];20
Asp N. 2 della Provincia dell'Aquila;L34;66098;www.asp2aq.it;http://www.asp2aq.it;http://www.asp2aq.it;200;5
Asilo Infantile S. Giuseppe;L34;67044;www.asp1teramo.it;http://www.asp1teramo.it;_NV_;['Errno -2'];20
Asp Opus Civium;L34;35015;www.asp-opuscivium.it;http://www.asp.opuscivium.it;_NV_;['Errno -2'];20
Asp Ospedale S.Antonio;L34;9055;www.residenzasantantonio-sassello.it;http://www.residenzasantantonio.sassello.it;_NV_;['Errno -2'];20
Azienda di Servizi alla Persona del Distretto di Parma;L34;34027;www.adpersonam.pr.it;http://www.adpersonam.pr.it;http://www.adpersonam.pr.it;200;5
Asp Pubblica Assistenza della Spezia;L34;11015;www.pubblicaassistenza.it;http://www.pubblicaassistenza.it;http://www.pubblicaassistenza.it;200;5
Azienda Pubblica di Servizi alla Persona San Gaetano;L34;22147;www.apspsangaetano.it;http://www.apspsangaetano.it;http://www.apspsangaetano.it;200;5
Azienda Pubblica di Servizi alla Persona Fondo Ospedale della S.S.Trinita' di Laces;L34;21037;www.altenheimlatsch.it;http://www.altenheimlatsch.it;http://www.altenheimlatsch.it;200;20
Asp 'Pio e Ninetta Gavazzi';L34;108023;www.casadiriposogavazzi.it;http://www.casadiriposogavazzi.it;http://www.casadiriposogavazzi.it;200;5
Apsp Casa Lucia;L34;93029;www.aspcasalucia.it;http://www.aspcasalucia.it;http://www.aspcasalucia.it;200;5
A.P.S.P.S. Spirito Fondazione Montel;L34;22139;www.apsp-pergine.it;http://www.apsp.pergine.it;http://www.apsp.pergine.it;200;5
Azienda Pubblica di Servizi alla Persona Dott. Antonio Bontempelli;L34;22137;www.apsp-pellizzano.it;http://www.apsp.pellizzano.it;http://www.apsp.pellizzano.it;200;5
Azienda Pubblica di Servizi alla Persona Valle del Vanoi;L34;22038;www.apspvalledelvanoi.it;http://www.apspvalledelvanoi.it;http://www.apspvalledelvanoi.it;200;5
Azienda Pubblica Servizi alla Persona Maria Redditi;L34;52033;www.istitutoredditi.it;http://www.istitutoredditi.it;http://www.istitutoredditi.it;200;5
Azienda Pubblica di Servizi alla Persona Giovanni Chiaba' di San Giorgio di Nogaro;L34;30100;www.gchiaba.it;http://www.gchiaba.it;http://www.gchiaba.it;200;5
Azienda Pubblica di Servizi alla Persona Distretto di Fidenza;L34;34014;www.aspdistrettofidenza.it;http://www.aspdistrettofidenza.it;http://www.aspdistrettofidenza.it;200;5
Azienda Pubblica di Servizi alla Persona A.S.P. del Rubicone;L34;40041;www.aspdelrubicone.it;http://www.aspdelrubicone.it;http://www.aspdelrubicone.it;200;5
Azienda Pubblica di Servizi alla Persona del distretto Cesena Valle Savio;L34;40007;www.aspcesenavallesavio.eu;http://www.aspcesenavallesavio.eu.it;_NV_;['Errno -2'];20
Azienda Pubblica di Servizi alla Persona Giovanni Endrizzi;L34;22103;www.apsplavis.it;http://www.apsplavis.it;http://www.apsplavis.it;200;5
A.P.S.P. Anaunia;L34;22230;www.apsptaio.org;http://www.apsptaio.org.it;_NV_;['Errno -2'];20
Azienda Pubblica di Servizi alla Persona A. Chierichetti;L34;43020;www.aspgagliole.it;http://www.aspgagliole.it;http://www.aspgagliole.it;200;5
Azienda Pubblica di Servizi alla Persona di Brentonico;L34;22025;www.apspbrentonico.it;http://www.apspbrentonico.it;http://www.apspbrentonico.it;200;5
A.P.S.P. Beato De Tschiderer Gia' Istituto Arcivescovile per Sordi;L34;22205;www.iaps.it;http://www.iaps.it;http://www.iaps.it;200;5
Azienda Pubblica di Servizi alla Persona Beata Lucia;L34;55022;www.aspbeatalucia.gov.it;http://www.aspbeatalucia.it;http://www.aspbeatalucia.it;200;20
Azienda Pubblica di Servizi alla Persona Beniamino Forlini;L34;44054;www.casariposoforlini.it;http://www.casariposoforlini.it;http://www.casariposoforlini.it;200;5
Azienda Pubblica di Servizi alla Persona Cordenonese;L34;93017;www.casariposocordenons.it;http://www.casariposocordenons.it;_NV_;['Errno -2'];20
A.P.S.P. Centro Residenziale 'Abelardo Collini' di Pinzolo;L34;22143;www.apsp-pinzolo.it;http://www.apsp.pinzolo.it;_NV_;['Errno -2'];20
A.P.S.P. Casa di Riposo S.Vigilio - Fondazione Bonazza;L34;22179;www.casariposospiazzo.it;http://www.casariposospiazzo.it;http://www.casariposospiazzo.it;200;5
Azienda Pubblica di Servizi alla Persona Casa per Anziani;L34;30026;www.aspcividale.it;http://www.aspcividale.it;http://www.aspcividale.it;200;5
A.P.S.P. Cesare Benedetti;L34;22123;www.apsp-cesarebenedetti.it;http://www.apsp.cesarebenedetti.it;_NV_;['Errno -2'];20
Azienda Pubblica Servizi alla Persona Cristani - De Luca;L34;22116;https://www.cristanideluca.it/;https://www.cristanideluca.it;https://www.cristanideluca.it;200;5
Azienda Pubblica di Servizi alla Persona Centro Carlo del Prete;L34;46017;www.aspcarlodelprete.it;http://www.aspcarlodelprete.it;http://www.aspcarlodelprete.it;200;5
Azienda Pubblica di Servizi alla Persona Citta di Riva;L34;22153;www.csarivadelgarda.com;http://www.csarivadelgarda.com.it;_NV_;['Errno -2'];20
A.P.S.P. Casa Laner;L34;22087;www.casalaner.it;http://www.casalaner.it;http://www.casalaner.it;200;5
Azienda Pubblica di Servizi alla Persona Casa di Riposo Ed Istituzioni Educative Serristori;L34;51012;www.aspserristoricastiglionfiorentino.it;http://www.aspserristoricastiglionfiorentino.it;http://www.aspserristoricastiglionfiorentino.it;200;5
Azienda Pubblica di Servizi alla Persona Clementino Vannetti;L34;22161;www.apspvannetti.it;http://www.apspvannetti.it;http://www.apspvannetti.it;200;5
Azienda Pubblica di Servizi alla Persona Daniele Moro;L34;93028;www.entemoro.it;http://www.entemoro.it;http://www.entemoro.it;200;5
Azienda Pubblica di Servizi alla Persona Delia Repetto;L34;36006;www.indicepa.gov.it/IPA2/Ipa_;http://www.indicepa.it;http://www.indicepa.it;200;5
Azienda Pubblica di Servizi alla Del Campana Guazzesi;L34;50032;www.delcampana.it;http://www.delcampana.it;http://www.delcampana.it;200;5
Azienda Pubblica di Servizi alla Persona Montedomini - Sant'Ambrogio - Fuligno - Bigallo;L34;48017;www.montedomini.net;http://www.montedomini.net.it;_NV_;['Errno -2'];20
A.P.S.P. Fondazione La Roggia;L34;21008;www.fondazioneviaroggia.it;http://www.fondazioneviaroggia.it;http://www.fondazioneviaroggia.it;200;5
Azienda Pubblica di Servizi alla Persona Fondazione E. Muner De Giudici;L34;30080;www.fondazionemuner.it;http://www.fondazionemuner.it;http://www.fondazionemuner.it;200;5
A.P.S.P. Giacomo Cis Azienda Pubblica di Servizi alla Persona;L34;22229;www.apspgiacomocis.it;http://www.apspgiacomocis.it;http://www.apspgiacomocis.it;200;5
Azienda Pubblica di Servizi alla Persona Giorgio Gasparini;L34;36046;www.aspvignola.mo.it;http://www.aspvignola.mo.it;http://www.aspvignola.mo.it;200;5
Azienda Pubblica di Servizi alla Persona Giudicarie Esteriori;L34;22017;www.apspgiudicarieesteriori.it;http://www.apspgiudicarieesteriori.it;http://www.apspgiudicarieesteriori.it;200;5
Azienda Pubblica di Servizi alla Persona Itis;L34;32006;www.itis.it;http://www.itis.it;http://www.itis.it;404;5
A.P.S.P. Levico Curae - Centro Unico Riabilitativo Assistenziale Educativo;L34;22104;www.apsplevicocurae.it;http://www.apsplevicocurae.it;http://www.apsplevicocurae.it;200;5
Apsp Lazzarelli;L34;43047;www.asplazzarelli.it;http://www.asplazzarelli.it;http://www.asplazzarelli.it;200;5
Azienda Pubblica di Servizi alla Persona Margherita Grazioli;L34;22205;www.apspgrazioli.it;http://www.apspgrazioli.it;http://www.apspgrazioli.it;200;5
Azienda Pubblica di Servizi alla Persona Maria Cristina di Savoia;L34;72011;www.aspmariacristinadisavoia.it;http://www.aspmariacristinadisavoia.it;_NV_;['Errno -2'];20
Azienda Pubblica di Servizi alla Persona;L34;71024;www.depiccolellis.it;http://www.depiccolellis.it;http://www.depiccolellis.it;200;5
Azienda Pubblica di Servizi alla Persona Opera Pia di Venere;L34;72006;www.aspoperapiadivenere.it;http://www.aspoperapiadivenere.it;http://www.aspoperapiadivenere.it;200;5
A.P.S.P. Opera Romani;L34;22128;www.operaromani.it;http://www.operaromani.it;http://www.operaromani.it;200;20
A.P.S.P. Padre Odone Nicolini;L34;22234;www.apsppievedibono.it;http://www.apsppievedibono.it;http://www.apsppievedibono.it;200;5
Azienda Pubblica di Servizi alla Persona Pianura Est;L34;37048;www.asppianuraest.bo.it/;http://www.asppianuraest.bo.it;http://www.asppianuraest.bo.it;200;5
A.P.S.P. Piccolo Spedale;L34;22142;www.piccolospedale.it;http://www.piccolospedale.it;http://www.piccolospedale.it;200;5
Azienda Pubblica di Servizi alla Persona Rutigliano;L34;72037;www.asprutigliano.it;http://www.asprutigliano.it;http://www.asprutigliano.it;200;5
"Apsp ""Redenta Floriani""";L34;22240;www.apspstrigno.it;http://www.apspstrigno.it;http://www.apspstrigno.it;200;5
A.P.S.P. Residenza Molino;L34;22079;www.residenzamolino.it;http://www.residenzamolino.it;http://www.residenzamolino.it;200;5
Azienda Pubblica di Servizi alla Persona Fondazione San Nicolo;L34;21051;www.sannicolo.bz.it/it;http://www.sannicolo.bz.it;http://www.sannicolo.bz.it;200;5
Azienda Pubblica di Servizi alla Persona Seneca;L34;37024;www.asp-seneca.it;http://www.asp.seneca.it;_NV_;['Errno -2'];20
A.P.S.P. Suor Agnese;L34;22048;www.apspsuoragnese.it;http://www.apspsuoragnese.it;http://www.apspsuoragnese.it;200;5
A.P.S.P. SUOR FILIPPINA Casa di Soggiorno;L34;22095;www.apspgrigno.it;http://www.apspgrigno.it;http://www.apspgrigno.it;200;5
Azienda Pubblica Servizi alla Persona San Giovanni;L34;22117;www.sangiovanni.tn.it;http://www.sangiovanni.tn.it;http://www.sangiovanni.tn.it;200;5
APSP 'San Giuseppe' di Primiero;L34;22245;https://www.apsp-primiero.net/;https://www.apsp-primiero.net;https://www.apsp-primiero.net;200;5
Azienda Pubblica di Servizi alla Persona San Giuseppe;L34;22156;www.apsp-roncegno.it;http://www.apsp.roncegno.it;_NV_;['Errno -2'];20
Apsp S.Lorenzo e S.Maria della Misericordia;L34;22022;www.apspborgo.it;http://www.apspborgo.it;http://www.apspborgo.it;200;5
Azienda Pubblica di Servizi alla Persona S.M.A.R.;L34;71029;www.aspsmar.it;http://www.aspsmar.it;_NV_;['Errno -2'];20
Azienda Pubblica di Servizi alla Persona Stati Uniti D'America;L34;30133;www.aspvillasantina.it;http://www.aspvillasantina.it;http://www.aspvillasantina.it;200;5
Azienda Pubblica di Servizi alla Persona Riunite Terra di Bari;L34;72006;www.aspriuniteterradibari.it;http://www.aspriuniteterradibari.it;http://www.aspriuniteterradibari.it;200;5
AZIENDA PUBBLICA DI SERVIZI ALLA PERSONA UMBERTO I;L34;30046;www.umberto-primo.it;http://www.umberto.primo.it;http://www.umberto.primo.it;200;5
Azienda Pubblica di Servizi alla Persona della Val di Fassa;L34;22250;www.apspfassa.it;http://www.apspfassa.it;http://www.apspfassa.it;200;5
Azienda Pubblica di Servizi alla Persona Dr. Vincenzo Zaccagnino;L34;71049;aspzaccagnino.it;http://aspzaccagnino.it;http://aspzaccagnino.it;200;5
Asp Reggio Emilia Citta' delle Persone;L34;35033;www.asp.re.it;http://www.asp.re.it;http://www.asp.re.it;200;5
Azienda Servizi alla Persona Opera Pia Antonio Gatti;L34;43028;www.operapiagatti.it;http://www.operapiagatti.it;http://www.operapiagatti.it;200;5
Asilo Savoia;L34;58091;www.asilosavoia.it;http://www.asilosavoia.it;http://www.asilosavoia.it;200;5
Azienda Servizi alla Persona del Forlivese;L34;40032;www.aspforlivese.it;http://www.aspforlivese.it;http://www.aspforlivese.it;200;5
PROGETTO PERSONA;L34;35024;www.aspprogettopersona.it;http://www.aspprogettopersona.it;http://www.aspprogettopersona.it;200;5
ASP della Carnia S. L. Scrosoppi;L34;30121;www.aspcarnia.it;http://www.aspcarnia.it;http://www.aspcarnia.it;200;5
ASP LAURA RODRIGUEZ Y LASO DE' BUOI;L34;37054;www.asplaurarodriguez.it;http://www.asplaurarodriguez.it;http://www.asplaurarodriguez.it;200;5
ASP delle Terre d'Argine;L34;36005;www.aspterredargine.it;http://www.aspterredargine.it;http://www.aspterredargine.it;200;5
Asp Eppi Manica Salvatori;L34;38001;www.aspems.it;http://www.aspems.it;http://www.aspems.it;200;5
Azienda Pubblica di Servizi alla Persona Ardito Desio;L34;30070;www.asparditodesio.it;http://www.asparditodesio.it;http://www.asparditodesio.it;200;5
Asp Ambito 9;L34;42021;www.aspambitonove.it;http://www.aspambitonove.it;http://www.aspambitonove.it;200;20
Azienda Servizi alla Persona A.Suarez;L34;9017;www.casasuarez.it;http://www.casasuarez.it;http://www.casasuarez.it;200;5
Asp Basso Lodigiano;L34;98019;www.aspbassolodigiano.it;http://www.aspbassolodigiano.it;http://www.aspbassolodigiano.it;200;5
Azienda di Servizi alla Persona Pedemontana;L34;93012;www.asppedemontana.it;http://www.asppedemontana.it;http://www.asppedemontana.it;200;5
ASP Citta' di Bologna;L34;37006;www.aspbologna.it;http://www.aspbologna.it;http://www.aspbologna.it;200;5
A.S.P. Castriota e Corroppoli;L34;71021;www.aspcastriotaecorroppoli.it;http://www.aspcastriotaecorroppoli.it;_NV_;['Errno -2'];20
A.S.P. Casa Degli Operai Vecchi Ed Inabili al Lavoro di Paluzza;L34;30071;www.aspbrunetti.it;http://www.aspbrunetti.it;http://www.aspbrunetti.it;200;5
Asp Citta' di Piacenza;L34;33032;www.asp-piacenza.it/;http://www.asp.piacenza.it;_NV_;['Errno -2'];20
Azienda Pubblica di Servizi alla Persona dei Comuni Modenesi Area Nord;L34;36022;www.aspareanord.it;http://www.aspareanord.it;_NV_;['Errno -3'];20
Azienda di Servizi alla Persona Catria e Nerone;L34;41007;www.irabcagli.it;http://www.irabcagli.it;_NV_;['Errno -2'];20
Azienda Servizi alla Persona Carlo Pezzani;L34;18182;www.aspvoghera.it;http://www.aspvoghera.it;http://www.aspvoghera.it;200;5
Asp Carlo Sartori;L34;35038;www.carlosartori.it;http://www.carlosartori.it;http://www.carlosartori.it;200;5
Asp del Delta Ferrarese;L34;38005;www.aspdeldeltaferrarese.it;http://www.aspdeldeltaferrarese.it;http://www.aspdeldeltaferrarese.it;200;5
Asp Francesco Testino;L34;72020;www.casadiriposocorato.it;http://www.casadiriposocorato.it;http://www.casadiriposocorato.it;200;5
Azienda di Servizi alla Persona Golgi - Redaelli;L34;15146;www.golgiredaelli.it;http://www.golgiredaelli.it;http://www.golgiredaelli.it;200;5
Azienda di Servizi alla Persona Istituzioni Assistenziali Riunite di Pavia;L34;18110;www.asppavia.it;http://www.asppavia.it;http://www.asppavia.it;200;5
Azienda di Servizi alla Persona Magiera Ansaloni;L34;35034;www.magieraansaloni.it;http://www.magieraansaloni.it;http://www.magieraansaloni.it;200;5
Azienda di Servizi alla Persona Maria Cristina di Savoia;L34;71024;www.mariacristinadisavoia.it;http://www.mariacristinadisavoia.it;_NV_;['Errno -2'];20
A.S.P. Patronato pei Figli del Popolo e Fondazione San Paolo e San Geminiano;L34;36023;www.aspminori.it;http://www.aspminori.it;http://www.aspminori.it;200;5
Asp Paolo Ricci;L34;43013;www.paoloricci.org;http://www.paoloricci.org.it;_NV_;['Errno -2'];20
A.S.P. Pergola;L34;41043;www.asp-pergola.it;http://www.asp.pergola.it;_NV_;['Errno -2'];20
Azienda Servizi alla Persona Ravenna Cervia e Russi;L34;39014;www.aspravennacerviaerussi.it;http://www.aspravennacerviaerussi.it;http://www.aspravennacerviaerussi.it;200;5
Asp Romanelli Palmieri;L34;72030;www.romanellipalmieri.it;http://www.romanellipalmieri.it;http://www.romanellipalmieri.it;200;5
A.S.P. Rodolfo Tanzi;L34;34027;www.asprodolfotanzi.it/;http://www.asprodolfotanzi.it;http://www.asprodolfotanzi.it;200;5
ASP Solidarieta' - Mons. D. Cadore;L34;93005;www.aspsolidarieta.it;http://www.aspsolidarieta.it;http://www.aspsolidarieta.it;200;5
Azienda di Servizi alla Persona di Spilimbergo;L34;93044;www.aspspilimbergo.it;http://www.aspspilimbergo.it;http://www.aspspilimbergo.it;200;5
Residenza per Anziani Asps;L34;21072;www.seniorenritten.eu;http://www.seniorenritten.eu.it;_NV_;['Errno -2'];20
A.S.P. Terra di Brindisi Canonico Latorre e Canonico Rossini;L34;74007;www.aspterradibrindisi.it;http://www.aspterradibrindisi.it;http://www.aspterradibrindisi.it;200;5
Azienda di Servizi alla Persona Valsasino;L34;15191;www.aspvalsasino.it;http://www.aspvalsasino.it;http://www.aspvalsasino.it;200;5
Azienda Servizi alla Persona Vittorio Emanuele II;L34;42017;www.aspfabriano.it;http://www.aspfabriano.it;http://www.aspfabriano.it;200;5
Asp Valloni Marecchia;L34;99014;www.aspvallonimarecchia.it;http://www.aspvallonimarecchia.it;http://www.aspvallonimarecchia.it;200;5
Apsp Santo Spirito;L34;21011;www.casadiriposo-bressanone.it;http://www.casadiriposo.bressanone.it;_NV_;['Errno -2'];20
A.S.S.A.P. Oo. Pp. Riunite Eugenio Criscione Lupis, Carmelo Boscarino e Carmelo Moltisanti;L34;88009;www.operepieragusa.it;http://www.operepieragusa.it;http://www.operepieragusa.it;200;5
Azienda Sociale Sud-est;L34;34018;www.aspsocialesudest.it;http://www.aspsocialesudest.it;http://www.aspsocialesudest.it;200;5
Azienda Socio Sanitaria G. Mancinelli;L34;109020;www.istitutomancinelli.com;http://www.istitutomancinelli.com.it;_NV_;['Errno -2'];20
Azienda Speciale Servizi alla Persona;L34;38007;www.asspterrefiumi.it;http://www.asspterrefiumi.it;http://www.asspterrefiumi.it;200;5
Apsp Ubaldo Campagnola;L34;22007;www.apspavio.it;http://www.apspavio.it;http://www.apspavio.it;200;5
Asilo Umberto I - Ipab;L34;26021;www.asiloumbertoprimo.com;http://www.asiloumbertoprimo.com.it;_NV_;['Errno -2'];20
Apsp Villa San Lorenzo;L34;22183;www.apspstoro.it;http://www.apspstoro.it;http://www.apspstoro.it;200;20
Asp Azalea Azienda di Servizi alla Persona del Distretto di Ponente;L34;33013;www.aspazalea.it;http://www.aspazalea.it;http://www.aspazalea.it;200;20
Azienda pubblica di Servizi alla Persona Martinsheim di Malles Venosta;L34;21046;www.martinsheim.it;http://www.martinsheim.it;http://www.martinsheim.it;200;5
Buergerheim St.Nikolaus Von Der Fluee - Apsp;L34;21093;www.altersheim-schlanders.it;http://www.altersheim.schlanders.it;_NV_;['Errno -2'];20
Centro Residenziale per Anziani Umberto I di Piove di Sacco;L34;28065;www.craup.it;http://www.craup.it;http://www.craup.it;200;5
CASA ASSISTENZA ANZIANI;L34;23045;www.caatoblini.it;http://www.caatoblini.it;https://www.caatoblini.it;503;5
Casa di Riposo Guizzo Marseille I.P.A.B;L34;26093;www.guizzo-marseille.org;http://www.guizzo.marseille.org.it;_NV_;['Errno -2'];20
Casa del Sorriso di Badia Polesine;L34;29004;www.caripdelsorriso.it;http://www.caripdelsorriso.it;http://www.caripdelsorriso.it;200;5
Charitas Asp - Servizi Assistenziali per Disabili;L34;36023;www.charitasasp.it;http://www.charitasasp.it;http://www.charitasasp.it;200;5
Centro di Accoglienza Santa Lucia;L34;86009;www.centrodiaccoglienzasantalucia.it;http://www.centrodiaccoglienzasantalucia.it;http://www.centrodiaccoglienzasantalucia.it;200;5
Casa di Riposo Sen. B. Borelli ASP;L34;8042;www.casadiriposoborelli.it;http://www.casadiriposoborelli.it;http://www.casadiriposoborelli.it;200;5
Centro Assistenza Tschoegglberg APSP;L34;21050;www.ahtschoegglberg.it;http://www.ahtschoegglberg.it;http://www.ahtschoegglberg.it;200;5
IPAB Centro Anziani Villa Aldina;L34;24088;www.csvillaaldina.it;http://www.csvillaaldina.it;http://www.csvillaaldina.it;200;5
Consorzio Casa di Riposo e di Degenza S.Michael;L34;21099;www.pflegeheim-tisens.bz.it;http://www.pflegeheim.tisens.bz.it;_NV_;['Errno -2'];20
Casa di Cura e Riposo di Funes;L34;21033;www.aph-villnoess.bz.it;http://www.aph.villnoess.bz.it;_NV_;['Errno -2'];20
Casa Dei Fanciulli Renda-Ferrari;L34;81015;www.ipabrendaferrari.it;http://www.ipabrendaferrari.it;http://www.ipabrendaferrari.it;200;5
Casa Delle Fanciulle San Vincenzo Ferreri e Asilo Infantile Ippolito De Cristofaro;L34;87049;www.ipabsvferreriscordia.it;http://www.ipabsvferreriscordia.it;http://www.ipabsvferreriscordia.it;200;5
Casa di Riposo A. Rossi di Arsiero;L34;24007;www.csprossi.it;http://www.csprossi.it;http://www.csprossi.it;200;5
Casa dell'Accoglienza Baldo Sprea;L34;23039;www.baldosprea.it;http://www.baldosprea.it;http://www.baldosprea.it;200;5
ASP Casa di Riposo e Pensionato Imperia;L34;8031;www.casadiriposoim.it;http://www.casadiriposoim.it;http://www.casadiriposoim.it;200;5
Casa di Riposo Aita;L34;26096;www.casadiriposoaita.it;http://www.casadiriposoaita.it;http://www.casadiriposoaita.it;200;5
Casa di Riposo di Cartigliano;L34;24025;www.casadiriposocartigliano.it;http://www.casadiriposocartigliano.it;http://www.casadiriposocartigliano.it;200;5
Casa di Riposo Comm. A. Michelazzo;L34;24102;www.casaripososossano.it;http://www.casaripososossano.it;http://www.casaripososossano.it;200;5
Casa di Riposo Casa Charitas;L34;25026;www.casacharitas.com;http://www.casacharitas.com.it;_NV_;['Errno -2'];20
Casa di Riposo di Legnago;L34;23044;www.casariposolegnago.it;http://www.casariposolegnago.it;http://www.casariposolegnago.it;200;5
Casa di Riposo Orazio Lampertico;L34;24064;www.casadiriposolampertico.it;http://www.casadiriposolampertico.it;http://www.casadiriposolampertico.it;200;20
Centro Dei Servizi Sociali Villa Resemini;L34;29045;www.villaresemini.it;http://www.villaresemini.it;http://www.villaresemini.it;200;5
Casa della Fanciulla e di Riposo Maria Ss del Carmelo;L34;84029;www.ipabcasariposoracalmuto.it;http://www.ipabcasariposoracalmuto.it;http://www.ipabcasariposoracalmuto.it;200;5
Casa G. Ascoli Azienda Pubblica di Servizi alla Persona;L34;45010;www.casagascoliapsp.it;http://www.casagascoliapsp.it;http://www.casagascoliapsp.it;200;5
Centro Geriatrico Giovanni XXIII;L34;56059;www.ipabgiovanni23.it;http://www.ipabgiovanni23.it;http://www.ipabgiovanni23.it;200;5
Casa Mia Azienda Pubblica di Servizi alla Persona;L34;22153;www.casamiariva.it;http://www.casamiariva.it;http://www.casamiariva.it;200;5
Opera Pia Coianiz;L34;30116;www.operapiacoianiz.it;http://www.operapiacoianiz.it;http://www.operapiacoianiz.it;200;20
La Consolazione Etab di Todi;L34;54052;www.etabtodi.it/;http://www.etabtodi.it;http://www.etabtodi.it;200;5
Casa di Ospitalita' S. Teresa del Bambino Gesu';L34;84010;www.casasantateresa.it;http://www.casasantateresa.it;http://www.casasantateresa.it;200;5
Casa di Ospitalita' Tommaso Lucentini;L34;81006;tommasolucentini.jimdo.com/;http://tommasolucentini.jimdo.com.it;_NV_;['Errno -2'];20
Casa per Anziani Umberto I;L34;93033;www.aspumbertoprimo.it;http://www.aspumbertoprimo.it;http://www.aspumbertoprimo.it;200;5
Casa di Riposo di Noventa Vicentina;L34;24074;www.casariposocaarnaldi.it;http://www.casariposocaarnaldi.it;http://www.casariposocaarnaldi.it;200;5
Centro Residenziale Anziani;L34;24008;www.crascalabrin.it;http://www.crascalabrin.it;http://www.crascalabrin.it;200;5
Centro Residenziale per Anziani Sartor;L34;26012;www.centroanzianisartor.it;http://www.centroanzianisartor.it;http://www.centroanzianisartor.it;200;20
Casa di Riposo per Anziani Villa Belvedere di Crocetta di Montello;L34;26025;www.cdrvillabelvedere.org;http://www.cdrvillabelvedere.org.it;_NV_;['Errno -2'];20
Casa di Riposo A. Galvan di Pontelongo;L34;28068;www.csgalvan.it;http://www.csgalvan.it;http://www.csgalvan.it;200;5
Casa di Riposo S. Anna Apsp;L34;21098;www.ah-tramin.it;http://www.ah.tramin.it;http://www.ah.tramin.it;404;5
Casa di Riposo di Asiago;L34;24009;www.casariposoasiago.it/;http://www.casariposoasiago.it;http://www.casariposoasiago.it;200;5
Casa di Riposo Benedetto Albertini;L34;23040;www.cralbertini.it;http://www.cralbertini.it;http://www.cralbertini.it;200;5
Casa di Riposo Borsetti Sella Facenda;L34;96088;casadiriposoborsettisellafacenda.it;http://casadiriposoborsettisellafacenda.it;_NV_;['Errno -5'];20
Casa di Riposo Cesare Bertoli;L34;23054;www.cesarebertoli.it;http://www.cesarebertoli.it;http://www.cesarebertoli.it;200;5
Casa di Riposo Citta' di Asti;L34;5005;www.casadiriposo.asti.it;http://www.casadiriposo.asti.it;http://www.casadiriposo.asti.it;200;5
Casa di Riposo Conte Giuseppe Guazzone di Passalacqua;L34;6003;www.casadiriposoguazzone.org;http://www.casadiriposoguazzone.org.it;_NV_;['Errno -2'];20
Casa di Riposo Coniugi Godi Sgargi;L34;24108;www.cdrgodisgargi.it;http://www.cdrgodisgargi.it;http://www.cdrgodisgargi.it;200;5
Centro Residenziale di Cura Media Pusteria;L34;21013;www.altenheime-bruneck-olang.it;http://www.altenheime.bruneck.olang.it;_NV_;['Errno -2'];20
Casa di Riposo Don A.Simionati e Cav. D.Soattini;L34;24124;www.crsimionati.it;http://www.crsimionati.it;http://www.crsimionati.it;200;5
Casa di Riposo Domenico Cardo;L34;23027;www.cdrcardo.it;http://www.cdrcardo.it;http://www.cdrcardo.it;200;5
Casa di Riposo Dr. Carlo Fattori;L34;49001;www.casafattori.it;http://www.casafattori.it;http://www.casafattori.it;200;5
Casa di Riposo Ed Opere Pie Riunite;L34;26090;www.operepieriunitedividor.it;http://www.operepieriunitedividor.it;http://www.operepieriunitedividor.it;200;5
Casa di Riposo E.Serra;L34;5042;www.casadiripososerra.it;http://www.casadiripososerra.it;http://www.casadiripososerra.it;200;20
Casa di Riposo Fogliotti;L34;5059;www.casadiriposofogliotti.it;http://www.casadiriposofogliotti.it;_NV_;['Errno -2'];20
Casa di Riposo F. Beggiato;L34;28034;www.casadiriposobeggiato.it;http://www.casadiriposobeggiato.it;http://www.casadiriposobeggiato.it;200;5
Casa di Riposo Francesco Fenzi;L34;26021;www.casafenzi.it;http://www.casafenzi.it;http://www.casafenzi.it;200;5
Casa di Riposo Giovanelli;L34;22196;www.casadiriposogiovanelli.org;http://www.casadiriposogiovanelli.org.it;_NV_;['Errno -2'];20
Casa di Riposo Gian Antonio Campostrini;L34;23082;www.cdrcampostrini.com;http://www.cdrcampostrini.com.it;_NV_;['Errno -2'];20
Casa di Riposo Giovanni Xxiii;L34;81011;www.sites.google.com/site/casagiovxxiii;http://www.sites.google.com;http://www.sites.google.com;200;5
Casa Sant'Anna;L34;2016;www.casadiripososantannainborgosesia.it/;http://www.casadiripososantannainborgosesia.it;_NV_;['Errno -2'];20
Casa di Riposo J.B. Festaz di Aosta;L34;7003;www.jbfestaz.it;http://www.jbfestaz.it;http://www.jbfestaz.it;200;5
Azienda Pubblica di Servizi alla persona casa di Riposo Mosca;L34;54024;www.casadiriposomosca.com;http://www.casadiriposomosca.com.it;_NV_;['Errno -2'];20
Casa Gino e Pierina Marani;L34;26091;www.casamarani.it;http://www.casamarani.it;http://www.casamarani.it;200;5
Casa di Riposo Monumento Ai Caduti in Guerra;L34;27033;www.cdrmonumento.com;http://www.cdrmonumento.com.it;_NV_;['Errno -2'];20
Casa di Riposo Maria Addolorata;L34;81019;www.casadiriposo-santaninfa.it;http://www.casadiriposo.santaninfa.it;_NV_;['Errno -2'];20
Centro servizi alla Persona CR Morelli Bugna;L34;23096;www.morellibugna.com;http://www.morellibugna.com.it;_NV_;['Errno -2'];20
Casa di Riposo Monsignor Ventimiglia Ed Istituto San Benedetto;L34;87015;www.operapiaventimiglia.it;http://www.operapiaventimiglia.it;http://www.operapiaventimiglia.it;200;5
Casa di Ricovero Muzan;L34;24055;www.muzan.it;http://www.muzan.it;http://www.muzan.it;200;5
Casa di Riposo di Noventa Padovana;L34;28058;www.cdrnoventapadovana.it;http://www.cdrnoventapadovana.it;http://www.cdrnoventapadovana.it;200;5
Casa di Riposo Orfanelle;L34;1078;www.leorfanelle.it;http://www.leorfanelle.it;http://www.leorfanelle.it;200;5
Residenza per Anziani Ojoep Freinademetz ;L34;21082;www.ciasadepalsa.it;http://www.ciasadepalsa.it;http://www.ciasadepalsa.it;200;5
Casa Riposo Protetta Dr. G. Perini;L34;33018;www.istitutoperini.it/;http://www.istitutoperini.it;http://www.istitutoperini.it;200;5
Casa di Riposo Pietro Zangheri;L34;40012;www.residenzapietrozangheri.it;http://www.residenzapietrozangheri.it;http://www.residenzapietrozangheri.it;200;5
Ospitalita' CDR Casale;L34;6039;www.cdrcasale.it;http://www.cdrcasale.it;http://www.cdrcasale.it;200;5
Casa di Riposo S. Biagio;L34;23012;www.crsanbiagio.it;http://www.crsanbiagio.it;http://www.crsanbiagio.it;200;5
Casa di Riposo San Giuseppe;L34;24075;www.casaripososangiuseppe.it;http://www.casaripososangiuseppe.it;http://www.casaripososangiuseppe.it;200;5
Casa di Riposo San Giorgio;L34;28027;www.cdrsangiorgio.it;http://www.cdrsangiorgio.it;http://www.cdrsangiorgio.it;200;5
Casa di Riposo San Giovanni Battista;L34;24060;www.cdrbattista.it;http://www.cdrbattista.it;http://www.cdrbattista.it;200;5
Casa di Riposo Serse Panizzoni;L34;24021;www.sersepanizzoni.it;http://www.sersepanizzoni.it;http://www.sersepanizzoni.it;200;5
Casa di Riposo San Pancrazio Apsp;L34;21084;www.altenheim-stpankraz.it;http://www.altenheim.stpankraz.it;_NV_;['Errno -2'];20
Casa di Riposo Ss. Annunziata;L34;4034;www.casariposobusca.it;http://www.casariposobusca.it;_NV_;['Errno -2'];20
Casa di Riposo Seghini Strambi e Giulio Segre;L34;6168;www.casadiriposo-strevi.it;http://www.casadiriposo.strevi.it;http://www.casadiriposo.strevi.it;200;5
Casa di Riposo Tomitano Boccassin;L34;26049;www.cdrmotta.it;http://www.cdrmotta.it;http://www.cdrmotta.it;200;5
Casa di Riposo Umberto I di Montebelluna;L34;26046;www.umbertoprimo.com;http://www.umbertoprimo.com.it;_NV_;['Errno -2'];20
CASA DI RIPOSO UMBERTO E ALICE TASSONI;L34;24034;www.casatassoni.it;http://www.casatassoni.it;http://www.casatassoni.it;200;5
Casa di Riposo di Vercelli;L34;2158;www.casadiriposodivercelli.it;http://www.casadiriposodivercelli.it;http://www.casadiriposodivercelli.it;200;5
Centro Residenziale per Anziani di Cittadella;L34;28032;www.cracittadella.it;http://www.cracittadella.it;http://www.cracittadella.it;200;5
Centro Servizi Anziani Adria;L34;29001;www.csaadria.it;http://www.csaadria.it;http://www.csaadria.it;200;5
Centro Servizi per Anziani Anna Moretti Bonora;L34;28019;www.csabonora.it;http://www.csabonora.it;http://www.csabonora.it;200;5
Centro Socio Assistenziale Anziani Sciacca Baratta;L34;83066;www.casadiriposopatti.it;http://www.casadiriposopatti.it;_NV_;['Errno -2'];20
Centro Servizi Assistenziali S.Antonio-Chiampo e Alta Valle;L34;24029;www.ipabchiampo.it;http://www.ipabchiampo.it;http://www.ipabchiampo.it;200;5
Centro Servizi Anziani di Dueville;L34;24038;www.ipabcsa.it;http://www.ipabcsa.it;http://www.ipabcsa.it;200;5
Centro Servizi Anziani F.F. Casson - Chioggia;L34;27008;www.ipachioggia.it;http://www.ipachioggia.it;http://www.ipachioggia.it;200;5
Centro Servizi per Anziani di Monselice;L34;28055;www.centroanzianimonselice.it;http://www.centroanzianimonselice.it;http://www.centroanzianimonselice.it;200;5
Consorzio Servizi per Anziani Passiria;L34;21080;www.altersheim.it;http://www.altersheim.it;http://www.altersheim.it;200;5
Casa di Soggiorno per Anziani San Giuseppe;L34;5031;www.soggiornosangiuseppe.it;http://www.soggiornosangiuseppe.it;http://www.soggiornosangiuseppe.it;200;5
CASA ELISEO E PIETRO MOZZETTI;L34;26088;www.casamozzetti.it;http://www.casamozzetti.it;http://www.casamozzetti.it;200;5
Casa di soggiorno e Pensionato della Citta' Murata;L34;28056;www.cdrmontagnana.it;http://www.cdrmontagnana.it;http://www.cdrmontagnana.it;200;5
Centro Servizi alla Persona Maria Ss Addolorata;L34;87039;IPABRIPOSTO;http://ipabriposto.it;http://ipabriposto.it;200;5
Centro Servizi Socio Sanitari e Residenziali Male' A.P.S.P.;L34;22110;www.centroservizimale.it;http://www.centroservizimale.it;http://www.centroservizimale.it;200;5
Casa Serena Santa Maria di Loreto;L34;78029;www.casaserena.it;http://www.casaserena.it;http://www.casaserena.it;200;5
Centro Servizi Sociali Villa Serena;L34;24111;www.cssvillaserena.it;http://www.cssvillaserena.it;http://www.cssvillaserena.it;200;5
Civica di Trento;L34;22205;www.civicatnapsp.it;http://www.civicatnapsp.it;http://www.civicatnapsp.it;200;5
Croce Verde Verona Pubblica Assistenza Volontaria;L34;23091;www.croceverdeverona.org;http://www.croceverdeverona.org.it;_NV_;['Errno -2'];20
Ente di Assistenza e Servizi alla Persona - E.A.S.P. A. Baldassini;L34;54023;www.easp.it;http://www.easp.it;http://www.easp.it;200;5
Fondazione Benjamin Kofler Apsp;L34;21076;www.benjamin-kofler.it;http://www.benjamin.kofler.it;_NV_;['Errno -2'];20
Fondazione Banco di Napoli Azienda Pubblica di Servizi per L'Assistenza all'Infanzia;L34;63049;www.fbnai.it;http://www.fbnai.it;http://www.fbnai.it;200;5
Fondazione Comunita' di Arco;L34;22006;www.fcda.it;http://www.fcda.it;http://www.fcda.it;200;5
Fondazione Crosina Sartori Cloch;L34;22205;www.fondazione-csc.it;http://www.fondazione.csc.it;_NV_;['Errno -2'];20
Fondazione Conservatori e Scandurra Riuniti;L34;83048;https://www.ipabscandurra.it/;https://www.ipabscandurra.it;https://www.ipabscandurra.it;200;5
Fraternita Dei Laici;L34;51002;www.fraternitadeilaici.it;http://www.fraternitadeilaici.it;http://www.fraternitadeilaici.it;200;5
Fondazione Don Mozzatti D'Aprili;L34;23050;www.donmozzatti.it;http://www.donmozzatti.it;http://www.donmozzatti.it;200;5
Fondazione Enzo e Silvio Chiari;L34;27042;www.indicepa.gov.it;http://www.indicepa.it;http://www.indicepa.it;200;5
Fondazione Martinsheim;L34;21019;www.martinsheim.net;http://www.martinsheim.net.it;_NV_;['Errno -2'];20
Fondazione Moscon Gazza;L34;28085;www.fondazionemoscon.it/;http://www.fondazionemoscon.it;http://www.fondazionemoscon.it;200;5
Fondazione Pilsenhof Apsp;L34;21097;www.pilsenhof.it;http://www.pilsenhof.it;http://www.pilsenhof.it;200;5
Fondazione Pitsch Apsp;L34;21051;www.pitsch.it;http://www.pitsch.it;http://www.pitsch.it;200;5
Fondazione Peter Paul Schrott Apsp;L34;21059;www.sh-eggental.bz.it;http://www.sh.eggental.bz.it;_NV_;['Errno -2'];20
Fondazione Casa di Riposo Heinrich Von Rottenburg;L34;21015;www.altenheimkaltern.it;http://www.altenheimkaltern.it;http://www.altenheimkaltern.it;200;5
Fondazione Von-kurz Apsp - Casa di Riposo Villabassa;L34;21113;www.von-kurz-stiftung.com;http://www.von.kurz.stiftung.com.it;_NV_;['Errno -2'];20
Griesfeld Apsp;L34;21029;www.griesfeld.it;http://www.griesfeld.it;http://www.griesfeld.it;200;5
Grimani Buttari - Residenze per Anziani;L34;42034;www.buttari.it;http://www.buttari.it;http://www.buttari.it;200;5
IPAB La Pieve - Servizi Assistenziali;L34;24061;www.ipab-lapieve.it;http://www.ipab.lapieve.it;_NV_;['Errno -2'];20
Ipab Oasi Cristo Re;L34;87004;www.ipaboasicristore.wordpress.com;http://www.ipaboasicristore.wordpress.com.it;_NV_;['Errno -2'];20
Istituto Anziani Casa de Battisti (Cerea);L34;23025;www.casadebattisti.eu;http://www.casadebattisti.eu.it;_NV_;['Errno -2'];20
Istituto Assistenza Anziani Verona;L34;23091;www.iaaverona.it;http://www.iaaverona.it;http://www.iaaverona.it;200;5
Istituto Assistenza Anziani Villa Spada;L34;23018;www.villaspada.vr.it;http://www.villaspada.vr.it;http://www.villaspada.vr.it;200;5
Istituto Assistenziale Burgio Corsello;L34;84011;www.casadiriposoburgio.it;http://www.casadiriposoburgio.it;_NV_;['Errno -2'];20
Azienda Servizi per la Cittadinanza Interventi Sociali Valli Reno, Lavino e Samoggia;L34;37011;www.ascinsieme.it;http://www.ascinsieme.it;http://www.ascinsieme.it;200;5
ISTITUTO DI ASSISTENZA 'FRANCESCO CAPEZZUTO';L34;64005;www.istitutocapezzuto.it;http://www.istitutocapezzuto.it;http://www.istitutocapezzuto.it;200;5
Ipab Asilo Infantile di Toscanella;L34;56052;www.enteasilotuscania.it/;http://www.enteasilotuscania.it;http://www.enteasilotuscania.it;200;5
Ipab Associazione Volontariato Villaggio Marino Ca' Roman;L34;28060;https://villaggiocaroman.weebly.com;https://villaggiocaroman.weebly.com;https://villaggiocaroman.weebly.com;200;5
Istituto Bon Bozzolla - I.P.A.B.;L34;26026;www.bonbozzolla.it;http://www.bonbozzolla.it;http://www.bonbozzolla.it;200;5
Ipab Bonomo Munafo' Nicolaci Perdichizzi Picardi;L34;83005;www.ipabnicolacibonomo.it;http://www.ipabnicolacibonomo.it;http://www.ipabnicolacibonomo.it;200;20
Istituto per Ciechi Ardizzone Gioeni;L34;87015;www.ardizzonegioeni.it;http://www.ardizzonegioeni.it;http://www.ardizzonegioeni.it;200;5
Casa del Fanciullo F. Messina;L34;87008;casadelfanciullo.pe.hu;http://casadelfanciullo.pe.hu.it;_NV_;['Errno -2'];20
Ipab Casa Famiglia Regina Elena Famiglia Amato;L34;83048;www.casafamigliareginaelenafa.it;http://www.casafamigliareginaelenafa.it;http://www.casafamigliareginaelenafa.it;200;5
Istituto Costante Gris - Ipab;L34;26043;www.istitutogris.it;http://www.istitutogris.it;http://www.istitutogris.it;200;5
Istituzione Comunale Monsignore Pietro Zerbi;L34;12119;www.istituzionezerbi.it;http://www.istituzionezerbi.it;http://www.istituzionezerbi.it;200;5
"A.P.S.P. ""CASE DI RIPOSO DI SOLERO""";L34;6163;www.casadiripososolero.it;http://www.casadiripososolero.it;http://www.casadiripososolero.it;200;5
Ipab Casa di Riposo Leonardo Marano;L34;87017;www.casadiriposomarano.it;http://www.casadiriposomarano.it;_NV_;['Errno -2'];20
Ipab Casa di Riposo Maurizio Muller;L34;103072;www.casamuller.it/;http://www.casamuller.it;http://www.casamuller.it;200;5
Ipab Casa di Riposo Umberto I di Cuorgne;L34;1098;www.casadiriposoumbertoprimo.it;http://www.casadiriposoumbertoprimo.it;http://www.casadiriposoumbertoprimo.it;200;5
Conservatorio Santa Casa della Grazia;L34;87015;www.educandatoreginaelenaeconservatoriraggruppati.it/;http://www.educandatoreginaelenaeconservatoriraggruppati.it;http://www.educandatoreginaelenaeconservatoriraggruppati.it;200;5
Collegio Santonoceto e Conservatori Riuniti;L34;87004;www.santonocetoacireale.it;http://www.santonocetoacireale.it;http://www.santonocetoacireale.it;200;5
Ipab Centro Servizi Residenza S. Pio X;L34;24125;www.ipabsanpioxvalstagna.it;http://www.ipabsanpioxvalstagna.it;http://www.ipabsanpioxvalstagna.it;200;5
Istituti Civici di Servizio Sociale;L34;23091;www.iciss.vr.it;http://www.iciss.vr.it;http://www.iciss.vr.it;200;5
Ipab Domenico Bertone;L34;4009;www.ipabbertone.it;http://www.ipabbertone.it;_NV_;['Errno -2'];20
Istituto Degli Innocenti di Firenze;L34;48017;https://www.istitutodeglinnocenti.it;https://www.istitutodeglinnocenti.it;https://www.istitutodeglinnocenti.it;200;20
Istituto Dei Poveri Ss. Salvatore e S. Croce;L34;82034;www.ipabsantissimosalvatore.it;http://www.ipabsantissimosalvatore.it;http://www.ipabsantissimosalvatore.it;200;5
Istituto Domenica Romana Ipab;L34;1066;www.istitutodomenicaromana.it;http://www.istitutodomenicaromana.it;http://www.istitutodomenicaromana.it;200;5
Istituto Domenico Trincheri;L34;9002;www.istitutotrincheri.it;http://www.istitutotrincheri.it;http://www.istitutotrincheri.it;200;5
Istituto Educativo Assistenziale Anna Bella;L34;84010;www.istitutoannabella.it;http://www.istitutoannabella.it;http://www.istitutoannabella.it;200;5
Istituto Emilio Biazzi - I.P.A.B - Struttura Protetta;L34;33014;www.istitutoemiliobiazzi.it;http://www.istitutoemiliobiazzi.it;http://www.istitutoemiliobiazzi.it;200;5
Ipab Emma e Decio Ripandelli;L34;71009;www.enteripandelli.it;http://www.enteripandelli.it;http://www.enteripandelli.it;200;5
Ipab Ente Morale Asilo Monumento;L34;26027;www.scuolavalmareno.it;http://www.scuolavalmareno.it;_NV_;['Errno -2'];20
Ipab Fondazione Agricola G. Del Bianco;L34;99005;www;http://www.it;_NV_;['Errno -2'];20
Istituto Femminile Antonietta Genna Spano';L34;81011;istitutogennaspano.it;http://istitutogennaspano.it;http://istitutogennaspano.it;200;5
Ipab G. Bisognin Servizi Socio Assistenziali;L34;24098;www.casariposobisognin.it;http://www.casariposobisognin.it;http://www.casariposobisognin.it;200;5
Istituto G. Falusi;L34;53015;www.istitutofalusi.org;http://www.istitutofalusi.org.it;_NV_;['Errno -2'];20
Istituto Immacolata Azienda Pubblica di Servizi alla Persona;L34;75029;www.istitutoimmacolata.org;http://www.istitutoimmacolata.org.it;_NV_;['Errno -2'];20
Ipab Istituto Boccone del Povero Gurrera Moncada Calafato;L34;85004;www.bocconedelpovero.it;http://www.bocconedelpovero.it;http://www.bocconedelpovero.it;200;5
Ipab Istituto di Beneficenza e Scolastico Sac. M. Scriffignano Siscaro;L34;86001;www.istitutoscriffignano.it;http://www.istitutoscriffignano.it;http://www.istitutoscriffignano.it;200;5
Ipab Istituto Cesana Malanotti;L34;26092;www.cesanamalanotti.it;http://www.cesanamalanotti.it;http://www.cesanamalanotti.it;200;5
Istituti Raggruppati per l'assistenza all'infanzia e ai minori ASP;L34;58091;www.ipabirai.it;http://www.ipabirai.it;http://www.ipabirai.it;200;5
Ipab per I Minori di Vicenza;L34;24116;www.ipabperiminoridivicenza.it;http://www.ipabperiminoridivicenza.it;http://www.ipabperiminoridivicenza.it;200;5
Ipab Istituto Sacra Famiglia;L34;58091;www.istitutosacrafamiglia.org;http://www.istitutosacrafamiglia.org.it;_NV_;['Errno -2'];20
Istituto per I Servizi alla Persona per L'Europa;L34;75035;www.ispelecce.IT;http://www.ispelecce.it;http://www.ispelecce.it;200;5
Istituto Luigi Configliachi per I Minorati della Vista;L34;28060;www.configliachi.it;http://www.configliachi.it;http://www.configliachi.it;200;5
Ipab Opera Pia Carenzi;L34;56030;www.operapiacarenzi.it;http://www.operapiacarenzi.it;http://www.operapiacarenzi.it;200;5
Opera Pia Casa di Riposo;L34;87054;casariposovizzini.it;http://casariposovizzini.it;http://casariposovizzini.it;200;5
Ipab Opere Pie Riunite Pastore e San Pietro;L34;81001;www.ipabpastoreesanpietroalcamo.it;http://www.ipabpastoreesanpietroalcamo.it;http://www.ipabpastoreesanpietroalcamo.it;200;5
I.P.A.B. Appiani - Turazza;L34;26086;www.appianiturazza.it;http://www.appianiturazza.it;http://www.appianiturazza.it;200;5
CENTRO RESIDENZIALE PER ANZIANI DANIELATO;L34;27006;www.ipabdanielato.it;http://www.ipabdanielato.it;http://www.ipabdanielato.it;200;5
I.P.A.B. Casa di Riposo;L34;26023;www.ipabvillafiorita.it/;http://www.ipabvillafiorita.it;http://www.ipabvillafiorita.it;200;5
I.P.A.B. Centro Anziani;L34;23015;www.ipabcentroanziani.it;http://www.ipabcentroanziani.it;http://www.ipabcentroanziani.it;200;5
A.P.S.P. Casa Benefica;L34;1272;www.casabenefica.it;http://www.casabenefica.it;http://www.casabenefica.it;200;5
I.P.A.B. Opera Pia Collegio di Maria;L34;82031;www.operapiacinisi.it;http://www.operapiacinisi.it;http://www.operapiacinisi.it;200;5
IPAB Casa di Riposo Maria Gasparini di Villa Bartolomea;L34;23095;www.ipabcasadiriposomariagasparini.it/;http://www.ipabcasadiriposomariagasparini.it;http://www.ipabcasadiriposomariagasparini.it;200;5
I.P.A.B. Casa di Ospitalita' Collereale;L34;83048;www.collereale.it;http://www.collereale.it;http://www.collereale.it;200;5
I.P.A.B. Luigi Mariutto;L34;27024;www.casaluigimariutto.it;http://www.casaluigimariutto.it;http://www.casaluigimariutto.it;200;5
I.P.A.B. La Pieve;L34;24014;www.ipablapieve.it;http://www.ipablapieve.it;http://www.ipablapieve.it;200;5
Istituzione Pubblica di Assistenza e Beneficenza Ospedale Civico Ferrari;L34;60025;www.ipabferrari.it;http://www.ipabferrari.it;_NV_;['Errno -2'];20
I.P.A.B. Principe di Palagonia e Conte Ventimiglia;L34;82053;www.ipabpalagonia.it;http://www.ipabpalagonia.it;http://www.ipabpalagonia.it;200;5
I.P.A.B. Residenza per Anziani G. Francescon;L34;27029;www.entefrancescon.it/;http://www.entefrancescon.it;http://www.entefrancescon.it;200;5
I.P.A.B. S. Antonio Abate;L34;2148;www.ipabsantonioabatetrino.it;http://www.ipabsantonioabatetrino.it;http://www.ipabsantonioabatetrino.it;200;20
I.P.A.B. Istituti Femminili Riuniti Provvidenza e S. Maria del Lume;L34;87015;www.ipabprovvidenzasantamariadellume.it;http://www.ipabprovvidenzasantamariadellume.it;http://www.ipabprovvidenzasantamariadellume.it;200;5
I.P.A.S.S. Istituzione Pubblica di Assistenza e Servizi Sociali;L34;81003;www.ipasscalatafimisegesta.gov.it/;http://www.ipasscalatafimisegesta.it;_NV_;['Errno -2'];20
Istituzioni Pubbliche di Assistenza Veneziane;L34;27042;www.ipav.it;http://www.ipav.it;http://www.ipav.it;200;5
Istituti Raggruppati A.P.S.P.;L34;47014;www.istitutiraggruppati.eu;http://www.istitutiraggruppati.eu.it;_NV_;['Errno -2'];20
Istituto Rodigino di Assistenza Sociale;L34;29041;www.irasrovigo.it;http://www.irasrovigo.it;http://www.irasrovigo.it;200;5
I.R.ASP - Istituti Riuniti Azienda di Servizi alla Persona;L34;58091;www.irasp.it;http://www.irasp.it;http://www.irasp.it;200;5
Azienda Pubblica di Servizi alla Persona Casa di Riposo Andrea Rossi;L34;54001;www.casadiriposoandrearossi.it/;http://www.casadiriposoandrearossi.it;http://www.casadiriposoandrearossi.it;200;5
Istituti Riuniti di Beneficenza;L34;54056;https://it-it.facebook.com/residenzabalducci/;https://it-it.facebook.com;https://it-it.facebook.com;200;5
Istituto Regionale Rittmeyer per I Ciechi;L34;32006;www.istitutorittmeyer.it;http://www.istitutorittmeyer.it;http://www.istitutorittmeyer.it;200;5
Ipab Residence Salvatore Bellia San Luigi Gonzaga Costanzo Cutore;L34;87033;www.ipab-bellia.com/;http://www.ipab.bellia.com.it;_NV_;['Errno -2'];20
Istituto Romano di San Michele di Roma;L34;58091;www.irsm.it;http://www.irsm.it;http://www.irsm.it;200;5
Istituto Gaudenzio De Pagave di Novara;L34;3106;www.istitutodepagave.it;http://www.istitutodepagave.it;http://www.istitutodepagave.it;200;5
Istituto Servizi Assistenziali Cima Colbacchini;L34;24012;www.isacc.it;http://www.isacc.it;http://www.isacc.it;200;5
Ipab Ss. Annunziata;L34;59009;www.ipabsantissimannunziata.it;http://www.ipabsantissimannunziata.it;http://www.ipabsantissimannunziata.it;200;5
Istituti di Soggiorno per Anziani San Gregorio;L34;26087;www.istitutisangregorio.it;http://www.istitutisangregorio.it;http://www.istitutisangregorio.it;200;5
Ipab Suor Diodata Bertolo di Sandrigo;L34;24091;www.diodatabertolo.it;http://www.diodatabertolo.it;http://www.diodatabertolo.it;200;5
Ipab - Scuola dell'Infanzia Emilia Girardello Ferrari Farinazzo;L34;28027;www.scuolainfanzia-ferrarifarinazzo.it;http://www.scuolainfanzia.ferrarifarinazzo.it;_NV_;['Errno -2'];20
Istituto di Santa Margherita;L34;58091;www.istitutosantamargherita.it;http://www.istitutosantamargherita.it;_NV_;['Errno -2'];20
Istituto per Servizi di Ricovero e Assistenza Agli Anziani di Treviso;L34;26086;www.israa.it;http://www.israa.it;http://www.israa.it;200;5
Istituto Rizza Rosso;L34;88002;www.istitutorizzarosso.it;http://www.istitutorizzarosso.it;http://www.istitutorizzarosso.it;200;5
Istituto Testasecca;L34;85004;www.testasecca.it;http://www.testasecca.it;http://www.testasecca.it;200;5
Istituto Tempesti per L'Educazione Permanente Dei Giovani Casa di Riposo E. Chiassarini;L34;56014;WWW.ISTITUTOTEMPESTI.IT;http://www.istitutotempesti.it;_NV_;['Errno -2'];20
Ipab Vagliasindi;L34;87038;www.ipabvagliasindi.it/;http://www.ipabvagliasindi.it;_NV_;['Errno -2'];20
Ipab di Vicenza;L34;24116;www.ipab.vicenza.it;http://www.ipab.vicenza.it;http://www.ipab.vicenza.it;200;5
Ipab Veronesi Dr. Germano;L34;23076;https://www.ipabveronesi.it/;https://www.ipabveronesi.it;https://www.ipabveronesi.it;200;5
Ipab Villa Betania;L34;84001;www.villabetania.agrigento.it;http://www.villabetania.agrigento.it;_NV_;['Errno -2'];20
Istituzione Veneziana Servizi Sociali alla Persona;L34;27042;www.istituzioneveneziana.it;http://www.istituzioneveneziana.it;http://www.istituzioneveneziana.it;200;5
Ipab Villa Serena;L34;24101;www.villaserena-solagna.it;http://www.villaserena.solagna.it;http://www.villaserena.solagna.it;200;5
La C.A.S.A. Centro Assistenza Servizi per Anziani;L34;24100;www.lacasaschio.it;http://www.lacasaschio.it;http://www.lacasaschio.it;200;5
La Quiete Azienda Pubblica di Servizi alla Persona;L34;30129;www.laquieteudine.it;http://www.laquieteudine.it;http://www.laquieteudine.it;200;5
Azienda Pubblica di Servizi alla Persona Letizia Veralli, Giulio Ed Angelo Cortesi;L34;54052;www.verallicortesi.it;http://www.verallicortesi.it;http://www.verallicortesi.it;200;5
Opera Armida Barelli;L34;22161;www.operaarmidabarelli.org;http://www.operaarmidabarelli.org.it;_NV_;['Errno -2'];20
Opera Pia Asili Scuole Materne;L34;24116;www.ipab.scuolafiorasi.it;http://www.ipab.scuolafiorasi.it;_NV_;ConnectTimeout;20
Opera Pia Beato Amato Ronconi-Ipab;L34;99015;http://www.comunedisaludecio.it;http://www.comunedisaludecio.it;_NV_;['Errno -2'];20
Opera Pia Cardinale Ernesto Ruffini;L34;82053;www.opcer.it;http://www.opcer.it;http://www.opcer.it;200;5
Ipab Casa del Fanciullo;L34;82021;www.ipabcasadelfanciullo.org;http://www.ipabcasadelfanciullo.org.it;_NV_;['Errno -2'];20
Opera Pia Casa di Ospitalita' Cortese Capizzi Basile;L34;83088;www.casadiriposocortese.it;http://www.casadiriposocortese.it;http://www.casadiriposocortese.it;200;5
Opera Pia Casa di Ospitalita Mangione;L34;81001;www.operapiamangione.it;http://www.operapiamangione.it;_NV_;['Errno -2'];20
Opera Pia Casa di Riposo Mons. Benedetto Balsamo;L34;82049;www.casadiriposobalsamo.it;http://www.casadiriposobalsamo.it;http://www.casadiriposobalsamo.it;200;5
Opera Pia Casa di Riposo Barone Bernardo di Falco e Opere Assistenziali Ed Educative S. Anna;L34;86012;istituzionedifalco.it;http://istituzionedifalco.it;http://istituzionedifalco.it;200;5
Opera Pia Francesco Bottoni;L34;29034;www.operapiabottoni.it;http://www.operapiabottoni.it;http://www.operapiabottoni.it;200;5
Opera Pia Faccio Frichieri;L34;1058;www.operapiafacciofrichieri.it/;http://www.operapiafacciofrichieri.it;http://www.operapiafacciofrichieri.it;200;5
Opera Pia Federico Garofoli;L34;23071;www.garofolioperapia.org;http://www.garofolioperapia.org.it;_NV_;['Errno -2'];20
Opera Pia Istituto Canonico Luigi Calderonio;L34;83086;www.istitutocalderonio.it;http://www.istitutocalderonio.it;http://www.istitutocalderonio.it;200;5
Opera Pia Istituto Regina Margherita;L34;83049;www.istitutoreginamargherita.org;http://www.istitutoreginamargherita.org.it;_NV_;['Errno -2'];20
Opera Pia Istituto Santa Lucia;L34;82053;www.operapiaistitutosantalucia.it;http://www.operapiaistitutosantalucia.it;http://www.operapiaistitutosantalucia.it;200;5
Opera Pia Legato Barone Alpi Gaetano;L34;27043;legatobarone.provincia.venezia.it/;http://legatobarone.provincia.venezia.it;http://legatobarone.provincia.venezia.it;200;5
Azienda Pubblica di Servizi alla Persona;L34;54013;www.muzibetti.it;http://www.muzibetti.it;http://www.muzibetti.it;200;5
Opere Pie di Onigo;L34;26056;www.operepiedionigo.it;http://www.operepiedionigo.it;http://www.operepiedionigo.it;200;5
ASP Giovanni Ottavio Bufalini - Centro di Istruzione e Formazione Professionale;L34;54013;www.gobufalini.it;http://www.gobufalini.it;http://www.gobufalini.it;200;5
Opere Pie Riunite Devoto Marini Sivori;L34;10028;www.operepielavagna.it;http://www.operepielavagna.it;http://www.operepielavagna.it;200;5
Opera Pia Siccardi Berninzoni;L34;9057;www.operapiasiccardiberninzoni.it;http://www.operapiasiccardiberninzoni.it;http://www.operapiasiccardiberninzoni.it;200;5
Opera Pia Salvatore Genchi Collotti;L34;82027;https://www.casaperanzianigenchicollotti.it/;https://www.casaperanzianigenchicollotti.it;https://www.casaperanzianigenchicollotti.it;200;5
Opera Pia Sticca;L34;6043;www.operapiasticca.it;http://www.operapiasticca.it;http://www.operapiasticca.it;200;5
Opere Riunite Buon Pastore;L34;27042;www.buonpastore.org;http://www.buonpastore.org.it;_NV_;['Errno -2'];20
Ospedale Ricovero Francesco Arnaldi di Montechiaro D'asti;L34;5075;www.casadiriposoarnaldi.it;http://www.casadiriposoarnaldi.it;http://www.casadiriposoarnaldi.it;200;5
Opere Sociali di Nostra Signora di Misericordia di Savona;L34;9056;www.operesociali.it;http://www.operesociali.it;https://www.operesociali.it;200;5
Pensionato e Centro di Degenza S. Paolo;L34;21004;www.altenheim-stpauls.it;http://www.altenheim.stpauls.it;_NV_;['Errno -2'];20
Pio Istituto Elemosiniere - A. del Colle;L34;30131;www.aspvenzone.it;http://www.aspvenzone.it;http://www.aspvenzone.it;200;5
Pio Istituto Zirafa Sacro Cuore di Gesu' Ipab;L34;84001;www.istitutozirafa.it;http://www.istitutozirafa.it;http://www.istitutozirafa.it;200;5
Pia Opera Croce Verde Padova;L34;28060;www.croceverdepadova.it;http://www.croceverdepadova.it;http://www.croceverdepadova.it;200;5
Pia Opera Rosa Serraino Vulpitta;L34;81021;www.serrainovulpitta.it;http://www.serrainovulpitta.it;http://www.serrainovulpitta.it;200;5
Pensionato Pietro e Santa Scarmignan;L34;28053;www.casariposomerlara.it;http://www.casariposomerlara.it;http://www.casariposomerlara.it;200;5
Pro Senectute A.S.P.;L34;32006;www.prosenectutets.it;http://www.prosenectutets.it;http://www.prosenectutets.it;200;5
Residenza Riviera Del Brenta;L34;27012;www.residenzarb.it;http://www.residenzarb.it;http://www.residenzarb.it;200;5
Residenza per Anziani Beata Gaetana Sterni;L34;25005;www.residenzaanzianiauronzo.it;http://www.residenzaanzianiauronzo.it;http://www.residenzaanzianiauronzo.it;200;5
Residenza per Anziani di Laion;L34;21039;www.seniorenwohnheim-lajen.eu;http://www.seniorenwohnheim.lajen.eu.it;_NV_;['Errno -2'];20
Residenza per Anziani Lagundo Mathias Ladurner Apsp;L34;21038;www.seniorenheimalgund.bz.it/de;http://www.seniorenheimalgund.bz.it;http://www.seniorenheimalgund.bz.it;200;5
Residenza Assistenziale Opera Pia Paravidini;L34;6147;www.operapiaparavidini.it;http://www.operapiaparavidini.it;http://www.operapiaparavidini.it;200;5
Rosa Dei Venti A.P.S.P.;L34;22238;www.rosadeiventi.tn.it;http://www.rosadeiventi.tn.it;http://www.rosadeiventi.tn.it;200;5
Regina Elena Azienda Speciale;L34;45003;www.casadiriposocarrara.it;http://www.casadiriposocarrara.it;http://www.casadiriposocarrara.it;200;5
Residenza Emanuele Tapparelli D'Azeglio;L34;4203;www.tapparelli.org;http://www.tapparelli.org.it;_NV_;['Errno -2'];20
Residence Marino Centro Servizi alla Persona;L34;81021;www.residencemarino.it;http://www.residencemarino.it;_NV_;['Errno -2'];20
Residenza per Anziani di Oderzo;L34;26051;www.raoderzo.it;http://www.raoderzo.it;http://www.raoderzo.it;200;20
Residenza Valle Dei Laghi;L34;22053;www.residenzavalledeilaghi.it;http://www.residenzavalledeilaghi.it;http://www.residenzavalledeilaghi.it;200;5
A.P.S.P. OPERA PIA CORBETTA P. E FIGLIO ING. GIUSEPPE;L34;3023;www.operapiacorbetta.it;http://www.operapiacorbetta.it;http://www.operapiacorbetta.it;200;5
I.P.A.B. SOGGIORNO BORSALINO CENTRO SERVIZI POLIFUNZIONALE PER LA PERSONA;L34;6003;www.soggiornoborsalino.it;http://www.soggiornoborsalino.it;http://www.soggiornoborsalino.it;200;5
Residenza per Anziani San Candido;L34;21077;www.residenzaperanziani-sancandido.it;http://www.residenzaperanziani.sancandido.it;_NV_;['Errno -2'];20
Azienda Pubblica di Servizi alla Persona Santa Maria;L34;22062;www.apspcles.it;http://www.apspcles.it;http://www.apspcles.it;200;5
Scuola Materna E. De Amicis;L34;26003;www.maternadeamicis.it;http://www.maternadeamicis.it;_NV_;['Errno -2'];20
I.P.A.B. Scuola Materna Opera Pia Caterina Rota;L34;26060;www.asilodiportobuffole.it;http://www.asilodiportobuffole.it;http://www.asilodiportobuffole.it;200;5
Societa' di Patrocinio per I Dimessi Dagli Oo.Pp. di Torino;L34;1272;www.societadipatrociniotorino.webnode.it;http://www.societadipatrociniotorino.webnode.it;http://www.societadipatrociniotorino.webnode.it;200;20
Seniorenheim Partschins Johann Nepomuk Schoepf - A.P.S.P.;L34;21062;seniorenheim-partschins.bz.it;http://seniorenheim.partschins.bz.it;_NV_;['Errno -2'];20
Sarner Stiftung - Fondazione Sarentino;L34;21086;www.sarnerstiftung.it;http://www.sarnerstiftung.it;http://www.sarnerstiftung.it;200;5
Spes Servizi alla Persona Educativi e Sociali;L34;28060;www.spes.pd.it;http://www.spes.pd.it;http://www.spes.pd.it;200;5
Azienda Servizi alla Persona San Vincenzo De' Paoli;L34;40043;www.asp-sanvincenzodepaoli.it;http://www.asp.sanvincenzodepaoli.it;_NV_;['Errno -2'];20
Vivere Insieme A.P.S.P.;L34;44032;www.vivere-insieme.com;http://www.vivere.insieme.com.it;_NV_;['Errno -2'];20
Villa Serena Lonigo Servizi Sociali e Sociosanitari alla Persona;L34;24052;www.villaserenalonigo.it;http://www.villaserenalonigo.it;http://www.villaserenalonigo.it;200;5
