Denominazione_ente;Codice_Categoria;Codice_comune_ISTAT;Sito_istituzionale;url;http_ok;codice_risposta;test_timeout
Agenzia Campana per L'Edilizia Residenziale;L39;63049;www.acercampania.it;http://www.acercampania.it;http://www.acercampania.it;200;5
Azienda Regionale per L'Edilizia Abitativa;L39;92009;www.area.sardegna.it;http://www.area.sardegna.it;http://www.area.sardegna.it;200;5
Azienda Regionale per L'Edilizia Residenziale della Valle D'Aosta;L39;7003;www.arervda.it;http://www.arervda.it;http://www.arervda.it;200;5
Agenzia Territoriale per la casa del Piemonte Sud;L39;6003;www.atcpiemontesud.it;http://www.atcpiemontesud.it;http://www.atcpiemontesud.it;200;5
Agenzia Territoriale per La Casa del Piemonte Nord;L39;3106;http://www.atcpiemontenord.it;http://www.atcpiemontenord.it;http://www.atcpiemontenord.it;200;5
Agenzia Territoriale per la Casa del Piemonte Centrale;L39;1272;www.atc.torino.it;http://www.atc.torino.it;http://www.atc.torino.it;200;5
Azienda Territoriale Edilizia Residenziale Pubblica della Provincia di Potenza;L39;76063;www.aterpotenza.it;http://www.aterpotenza.it;http://www.aterpotenza.it;200;5
ATER DI MATERA;L39;77014;www.atermatera.it;http://www.atermatera.it;http://www.atermatera.it;200;5
Azienda Territoriale Edilizia Residenziale Pubblica Calabria;L39;79023;www.aterpcalabria.it;http://www.aterpcalabria.it;http://www.aterpcalabria.it;200;5
Agenzia Territoriale per La Casa della Provincia di Vercelli;L39;2158;www.atcvercelli.it;http://www.atcvercelli.it;http://www.atcvercelli.it;200;5
Agenzia Territoriale per La Casa della Provincia di Biella;L39;96004;www.atcbiella.it;http://www.atcbiella.it;_NV_;['Errno -2'];5
ARCA - Nord Salento;L39;74001;www.arcanordsalento.it;http://www.arcanordsalento.it;http://www.arcanordsalento.it;200;5
Istituto Autonomo per le Case Popolari della Provincia di Avellino;L39;64008;www.iacpav.it;http://www.iacpav.it;http://www.iacpav.it;200;5
Istituto Autonomo per Le Case Popolari Provincia di Caltanissetta;L39;85004;www.iacp.cl.it;http://www.iacp.cl.it;http://www.iacp.cl.it;200;5
Istituto Autonomo per le Case Popolari della Provincia di Agrigento;L39;84001;www.iacpag.it;http://www.iacpag.it;http://www.iacpag.it;200;5
Agenzia Regionale per la Casa e l'Abitare - Arca - Puglia Centrale;L39;72006;www.arcapugliacentrale.it;http://www.arcapugliacentrale.it;_NV_;['Errno -3'];5
Istituto Autonomo per le Case Popolari della Provincia di Campobasso;L39;70006;www.iacpcampobasso.it;http://www.iacpcampobasso.it;http://www.iacpcampobasso.it;200;5
Istituto Autonomo per le Case Popolari della Provincia di Caserta in Liquidazione;L39;61022;www.iacp.caserta.it;http://www.iacp.caserta.it;http://www.iacp.caserta.it;200;5
Arca Capitanata;L39;71024;www.arcacapitanata.it;http://www.arcacapitanata.it;http://www.arcacapitanata.it;200;5
Istituto Autonomo per le case popolari della provincia di Napoli in liquidazione;L39;63049;www.iacp.napoli.it;http://www.iacp.napoli.it;https://www.iacp.napoli.it;200;5
Istituto Autonomo per le Case Popolari della Provincia di Siracusa;L39;89017;iacpsiracusa.it;http://iacpsiracusa.it;http://iacpsiracusa.it;200;5
Istituto Autonomo per le Case Popolari della Provincia di Trapani;L39;81021;www.iacptrapani.it;http://www.iacptrapani.it;http://www.iacptrapani.it;200;5
Istituto Autonomo Case Popolare Comprensori di Acireale;L39;87004;www.iacp-acireale.it;http://www.iacp.acireale.it;_NV_;['Errno -2'];5
Istituto Autonomo Case Popolari di Catania;L39;87015;www.iacpcatania.it;http://www.iacpcatania.it;http://www.iacpcatania.it;200;5
Istituto Autonomo Case Popolari di Messina;L39;83048;www.iacpmessina.it;http://www.iacpmessina.it;http://www.iacpmessina.it;200;5
Agenzia Regionale per la Casa e l'Abitare - ARCA Sud Salento;L39;75035;www.arcasudsalento.it;http://www.arcasudsalento.it;http://www.arcasudsalento.it;200;5
Agenzia Regionale per la Casa e L'Abitare per la provincia di Taranto;L39;73027;www.arcajonica.gov.it;http://www.arcajonica.it;http://www.arcajonica.it;200;5
Istituto Autonomo per Le Case Popolari della Provincia Palermo;L39;82053;www.iacp.pa.it;http://www.iacp.pa.it;http://www.iacp.pa.it;200;5
Istituto Autonomo per le Case Popolari della Provincia di Benevento in Liquidazione;L39;62008;www.iacpbenevento.it;http://www.iacpbenevento.it;_NV_;ConnectTimeout;5
Istituto Autonomo per Le Case Popolari della Provincia di Isernia;L39;94023;www.iacpisernia.it;http://www.iacpisernia.it;http://www.iacpisernia.it;200;5
Istituto Autonomo per le Case Popolari della Provincia di Ragusa;L39;88009;www.iacpragusa.it;http://www.iacpragusa.it;http://www.iacpragusa.it;200;5
Istituto Autonomo per Le Case Popolari della Provincia di Enna;L39;86009;www.iacpenna.it;http://www.iacpenna.it;http://www.iacpenna.it;200;5
Istituto per L'Edilizia Sociale della Provincia Autonoma di Bolzano;L39;21008;www.ipes.bz.it;http://www.ipes.bz.it;http://www.ipes.bz.it;200;5
