Denominazione_ente;Codice_Categoria;Codice_comune_ISTAT;Sito_istituzionale;url;http_ok;codice_risposta;test_timeout
Asst Fatebenefratelli Sacco;L8;15146;www.asst-fbf-sacco.it;http://www.asst.fbf.sacco.it;_NV_;['Errno -2'];20
Azienda Ospedaliero Universitaria Ospedali Riuniti di Foggia;L8;71024;www.sanita.puglia.it/web/ospedaliriunitifoggia/;http://www.sanita.puglia.it;https://www.sanita.puglia.it;200;5
Azienda Ospedaliera;L8;55032;www.aospterni.it/;http://www.aospterni.it;http://www.aospterni.it;200;5
Azienda Ospedaliera di Cosenza;L8;78045;www.aocosenza.it;http://www.aocosenza.it;https://www.aocosenza.it;200;5
Azienda Ospedaliera S.Pio- Benevento ;L8;62008;www.aosanpio.it;http://www.aosanpio.it;http://www.aosanpio.it;200;20
Azienda Ospedaliera di Perugia;L8;54039;www.ospedale.perugia.it;http://www.ospedale.perugia.it;https://www.ospedale.perugia.it;200;5
Azienda Ospedaliero Universitaria Sant'Andrea ;L8;58091;www.ospedalesantandrea.it;http://www.ospedalesantandrea.it;http://www.ospedalesantandrea.it;200;5
A.o.u. - 'San Giovanni di Dio e Ruggi D'Aragona';L8;65116;www.sangiovannieruggi.it;http://www.sangiovannieruggi.it;https://www.sangiovannieruggi.it;200;20
Azienda Ospedaliera San Giuseppe Moscati di Avellino;L8;64008;www.aornmoscati.it;http://www.aornmoscati.it;http://www.aornmoscati.it;200;20
A.R.N.A.S. CIVICO - DI CRISTINA E BENEFRATELLI;L8;82053;www.arnascivico.it;http://www.arnascivico.it;http://www.arnascivico.it;200;20
Azienda Ospedaliero - Universitaria Citta' della Salute e della Scienza di Torino;L8;1272;www.cittadellasalute.to.it;http://www.cittadellasalute.to.it;http://www.cittadellasalute.to.it;200;5
Azienda Ospedaliera Dei Colli;L8;63049;www.ospedalideicolli.it;http://www.ospedalideicolli.it;http://www.ospedalideicolli.it;200;20
Azienda Ospedaliera di Desio e Vimercate;L8;108050;www.aodesiovimercate.it;http://www.aodesiovimercate.it;http://www.aodesiovimercate.it;200;5
Azienda Ospedaliera per L'Emergenza Cannizzaro;L8;87015;www.aocannizzaro.it;http://www.aocannizzaro.it;http://www.aocannizzaro.it;200;5
Azienda Ospedaliero-universitaria Maggiore della Carita;L8;3106;www.maggioreosp.novara.it;http://www.maggioreosp.novara.it;http://www.maggioreosp.novara.it;200;5
Azienda Ospedaliera Ospedali Riuniti Marche Nord;L8;41044;www.ospedalimarchenord.it;http://www.ospedalimarchenord.it;http://www.ospedalimarchenord.it;200;5
Azienda Ospedaliera Papardo;L8;83048;www.aopapardo.it;http://www.aopapardo.it;_NV_;['Errno 111'];20
Azienda Ospedaliera Ospedali Riuniti Villa Sofia Cervello;L8;82053;www.ospedaliriunitipalermo.it;http://www.ospedaliriunitipalermo.it;http://www.ospedaliriunitipalermo.it;200;5
AZIENDA OSPEDALIERA PUGLIESE - CIACCIO;L8;79023;www.aocatanzaro.it;http://www.aocatanzaro.it;http://www.aocatanzaro.it;200;5
Azienda Ospedaliero-Universitaria di Bologna IRCCS Istituto di Ricerca e di Cura a Carattere Scientifico;L8;37006;www.aosp.bo.it;http://www.aosp.bo.it;http://www.aosp.bo.it;200;5
Azienda Ospedaliera di Rilievo Nazionale Antonio Cardarelli;L8;63049;www.ospedalecardarelli.it;http://www.ospedalecardarelli.it;http://www.ospedalecardarelli.it;200;20
Azienda Ospedaliera di Rilievo Nazionale e di Alta Specializzazione Garibaldi;L8;87015;www.ao-garibaldi.catania.it/;http://www.ao.garibaldi.catania.it;_NV_;['Errno -2'];20
Azienda Ospedaliera San Camillo Forlanini;L8;58091;www.scamilloforlanini.rm.it;http://www.scamilloforlanini.rm.it;http://www.scamilloforlanini.rm.it;200;20
Azienda Ospedaliera Sant'Anna e San Sebastiano di Caserta;L8;61022;www.ospedale.caserta.it;http://www.ospedale.caserta.it;http://www.ospedale.caserta.it;200;20
Azienda Ospedaliera San Carlo di Potenza;L8;76063;www.ospedalesancarlo.it;http://www.ospedalesancarlo.it;http://www.ospedalesancarlo.it;200;20
AZIENDA OSPEDALIERA SANTA CROCE E CARLE;L8;4078;www.ospedale.cuneo.it;http://www.ospedale.cuneo.it;http://www.ospedale.cuneo.it;200;5
Azienda Ospedaliera Santobono Pausilipon;L8;63049;www.santobonopausilipon.it;http://www.santobonopausilipon.it;http://www.santobonopausilipon.it;200;20
AZIENDA OSPEDALIERO-UNIVERSITARIA DI FERRARA;L8;38008;www.ospfe.it;http://www.ospfe.it;_NV_;SSLERROR;20
IRCCS Ospedale Policlinico San Martino;L8;10025;www.ospedalesanmartino.it;http://www.ospedalesanmartino.it;http://www.ospedalesanmartino.it;200;5
Azienda Ospedaliero - Universitaria di Modena;L8;36023;www.aou.mo.it;http://www.aou.mo.it;http://www.aou.mo.it;200;20
Azienda Ospedaliero - Universitaria Pisana;L8;50026;www.ao-pisa.toscana.it;http://www.ao.pisa.toscana.it;_NV_;['Errno -2'];20
Azienda Ospedaliero Universitaria Careggi di Firenze;L8;48017;www.aou-careggi.toscana.it;http://www.aou.careggi.toscana.it;_NV_;['Errno -2'];20
Azienda Ospedaliero Universitaria Consorziale Policlinico di Bari;L8;72006;www.policlinico.ba.it;http://www.policlinico.ba.it;_NV_;['Errno 111'];20
Azienda Ospedaliera Universitaria 'Federico II' di Napoli;L8;63049;www.policlinico.unina.it;http://www.policlinico.unina.it;http://www.policlinico.unina.it;200;5
Azienda Ospedaliera Universitaria Integrata Verona;L8;23091;www.aovr.veneto.it;http://www.aovr.veneto.it;http://www.aovr.veneto.it;200;5
Azienda Ospedaliera Universitaria Mater Domini;L8;79023;www.materdominiaou.it;http://www.materdominiaou.it;http://www.materdominiaou.it;200;5
Azienda Ospedaliero Universitaria Meyer di Firenze;L8;48017;www.meyer.it;http://www.meyer.it;http://www.meyer.it;200;5
AZ.OSP.UNIV.OSPEDALI RIUN.UMBERTO I-LANCISI-SALESI;L8;42002;www.ospedaliriuniti.marche.it;http://www.ospedaliriuniti.marche.it;http://www.ospedaliriuniti.marche.it;200;5
Azienda Ospedaliera Universitaria Policlinico Paolo Giaccone;L8;82053;www.policlinico.pa.it;http://www.policlinico.pa.it;http://www.policlinico.pa.it;200;5
"Azienda Ospedaliero-Universitaria Policlinico ""G. Rodolico-San Marco"" di Catania";L8;87015;www.policlinicovittorioemanuele.it;http://www.policlinicovittorioemanuele.it;http://www.policlinicovittorioemanuele.it;200;20
A.O.U. Policlinico 'G. Martino' di Messina;L8;83048;www.polime.it;http://www.polime.it;http://www.polime.it;200;5
Azienda Ospedaliera Universitaria Policlinico Tor Vergata;L8;58091;www.ptvonline.it;http://www.ptvonline.it;http://www.ptvonline.it;200;5
Azienda ospedaliero-universitaria Senese;L8;52032;www.ao-siena.toscana.it;http://www.ao.siena.toscana.it;_NV_;['Errno -2'];20
Azienda Ospedaliera Universitaria - Universita'  degli Studi della Campania Luigi Vanvitelli;L8;63049;www.policliniconapoli.it;http://www.policliniconapoli.it;http://www.policliniconapoli.it;200;20
A.O.U. San Luigi Gonzaga;L8;1171;www.sanluigi.piemonte.it;http://www.sanluigi.piemonte.it;http://www.sanluigi.piemonte.it;200;5
Azienda Policlinico Umberto I;L8;58091;www.policlinicoumberto1.it;http://www.policlinicoumberto1.it;http://www.policlinicoumberto1.it;200;5
Aou Sassari - Azienda Ospedaliera Universitaria di Sassari;L8;90064;www.aousassari.it;http://www.aousassari.it;http://www.aousassari.it;200;20
Azienda Ospedaliera Universitaria di Cagliari;L8;92009;www.aoucagliari.it;http://www.aoucagliari.it;http://www.aoucagliari.it;200;5
Azienda Ospedaliera Ordine Mauriziano di Torino;L8;1272;www.mauriziano.it;http://www.mauriziano.it;_NV_;['Errno -3'];20
Azienda Socio Sanitaria Territoriale Degli Spedali Civili di Brescia;L8;17029;www.asst-spedalicivili.it;http://www.asst.spedalicivili.it;http://www.asst.spedalicivili.it;200;5
Azienda Socio Sanitaria Territoriale di Bergamo Est;L8;16198;www.asst-bergamoest.it;http://www.asst.bergamoest.it;http://www.asst.bergamoest.it;200;5
Azienda Socio Sanitaria Territoriale di Bergamo Ovest;L8;16219;www.asst-bgovest.it;http://www.asst.bgovest.it;_NV_;['Errno -2'];20
Azienda Socio Sanitaria Territoriale di Crema;L8;19035;www.asst-crema.it;http://www.asst.crema.it;_NV_;['Errno -2'];20
Azienda Socio Sanitaria Territoriale di Cremona;L8;19036;www.asst-cremona.it;http://www.asst.cremona.it;_NV_;['Errno -2'];20
Azienda Socio Sanitaria Territoriale della Franciacorta;L8;17052;www.asst-franciacorta.it;http://www.asst.franciacorta.it;_NV_;['Errno -2'];20
Azienda Socio Sanitaria Territoriale del Garda;L8;17067;www.asst-garda.it;http://www.asst.garda.it;_NV_;['Errno -2'];20
Asst Centro Specialistico Ortopedico Traumatologico Gaetano Pini Cto;L8;15146;www.asst-pini-cto.it/;http://www.asst.pini.cto.it;http://www.asst.pini.cto.it;200;5
Azienda Socio Sanitaria Territoriale di Lecco;L8;97042;www.asst-lecco.it;http://www.asst.lecco.it;_NV_;['Errno -2'];20
Azienda Socio Sanitaria Territoriale Lariana;L8;13075;www.asst-lariana.it;http://www.asst.lariana.it;_NV_;['Errno -2'];20
Azienda Socio Sanitaria Territoriale di Lodi;L8;98031;www.asst-lodi.it;http://www.asst.lodi.it;_NV_;['Errno -2'];20
Azienda Socio Sanitaria Territoriale di Mantova;L8;20030;www.asst-mantova.it/;http://www.asst.mantova.it;_NV_;['Errno -2'];20
Azienda Socio Sanitaria Territoriale di Monza;L8;108033;www.asst-monza.it;http://www.asst.monza.it;_NV_;['Errno -2'];20
Azienda Socio Sanitaria Territoriale Melegnano e della Martesana;L8;15244;www.asst-melegnano-martesana.it;http://www.asst.melegnano.martesana.it;http://www.asst.melegnano.martesana.it;200;5
Azienda Socio Sanitaria Territoriale Grande Ospedale Metropolitano Niguarda;L8;15146;www.ospedaleniguarda.it;http://www.ospedaleniguarda.it;http://www.ospedaleniguarda.it;200;5
Azienda Socio Sanitaria Territoriale Nord Milano;L8;15209;www.asst-nordmilano.it;http://www.asst.nordmilano.it;http://www.asst.nordmilano.it;200;5
Asst Ovest Milanese;L8;15118;www.asst-ovestmi.it;http://www.asst.ovestmi.it;_NV_;['Errno -2'];20
Azienda Socio Sanitaria Territoriale Papa Giovanni XXIII;L8;16024;www.asst-pg23.it;http://www.asst.pg23.it;_NV_;['Errno -2'];20
Azienda Socio Sanitaria Territoriale di Pavia;L8;18110;www.asst-pavia.it;http://www.asst.pavia.it;_NV_;['Errno -2'];20
Asst Rhodense;L8;15105;www.asst-rhodense.it/;http://www.asst.rhodense.it;http://www.asst.rhodense.it;200;5
Azienda Socio Sanitaria Territoriale Dei Sette Laghi;L8;12133;www.asst-settelaghi.it;http://www.asst.settelaghi.it;_NV_;['Errno -2'];20
Azienda Socio Sanitaria Territoriale Santi Paolo e Carlo;L8;15146;www.asst-santipaolocarlo.it;http://www.asst.santipaolocarlo.it;_NV_;['Errno -2'];20
Azienda Socio Sanitaria Territoriale della Brianza;L8;108050;www.asst-brianza.it;http://www.asst.brianza.it;http://www.asst.brianza.it;200;5
Azienda Socio Sanitaria Territoriale della Valcamonica;L8;17028;www.asst-valcamonica.it;http://www.asst.valcamonica.it;http://www.asst.valcamonica.it;200;5
Azienda Socio Sanitaria Territoriale della Valtellina e dell'Alto Lario;L8;14061;www.asst-val.it;http://www.asst.val.it;_NV_;['Errno -2'];20
Azienda Socio Sanitaria Territoriale della Valle Olona;L8;12026;www.asst-valleolona.it/;http://www.asst.valleolona.it;http://www.asst.valleolona.it;200;5
Azienda Ospedaliero-Universitaria di Parma;L8;34027;www.ao.pr.it;http://www.ao.pr.it;http://www.ao.pr.it;200;5
Azienda Ospedaliera Complesso Ospedaliero San Giovanni Addolorata;L8;58091;www.hsangiovanni.roma.it;http://www.hsangiovanni.roma.it;https://www.hsangiovanni.roma.it;200;5
Azienda Ospedale - Universita' Padova;L8;28060;www.aopd.veneto.it;http://www.aopd.veneto.it;http://www.aopd.veneto.it;200;5
Centro di Riferimento Oncologico di Aviano;L8;93004;www.cro.it;http://www.cro.it;https://www.cro.it;200;5
Ente Ospedaliero Specializzato in Gastroenterologia Istituto Nazionale di Ricovero e Cura a Carattere Scientifico S. de Bellis;L8;72017;www.sanita.puglia.it/web/debellis/;http://www.sanita.puglia.it;https://www.sanita.puglia.it;200;5
Ente Ospedaliero Ospedali Galliera di Genova;L8;10025;www.galliera.it;http://www.galliera.it;http://www.galliera.it;200;5
Fondazione Irccs Istituto Nazionale Dei Tumori;L8;15146;www.istitutotumori.mi.it;http://www.istitutotumori.mi.it;http://www.istitutotumori.mi.it;200;5
Fondazione Istituto Neurologico C. Besta Milano;L8;15146;www.istituto-besta.it;http://www.istituto.besta.it;_NV_;['Errno -2'];20
Fondazione Toscana Gabriele Monasterio per La Ricerca Medica e di Sanita Pubblica;L8;50026;www.ftgm.it;http://www.ftgm.it;http://www.ftgm.it;200;5
Istituti Fisioterapici Ospitalieri;L8;58091;www.ifo.it;http://www.ifo.it;https://www.ifo.it;200;5
Istituto Giannina Gaslini;L8;10025;www.gaslini.org;http://www.gaslini.org.it;_NV_;['Errno -2'];20
Irccs Istituto Nazionale Tumori - Fondazione Pascale;L8;63049;www.istitutotumori.na.it;http://www.istitutotumori.na.it;http://www.istitutotumori.na.it;200;5
Istituto Nazionale di Riposo e Cura Anziani V. E. II;L8;42002;www.inrca.it;http://www.inrca.it;https://www.inrca.it;200;20
Istituto Ortopedico Rizzoli;L8;37006;www.ior.it;http://www.ior.it;http://www.ior.it;200;5
Istituto Oncologico Veneto;L8;28060;iov.veneto.it;http://iov.veneto.it;http://iov.veneto.it;200;5
IRCCS Burlo Garofolo di Trieste;L8;32006;www.burlo.trieste.it;http://www.burlo.trieste.it;http://www.burlo.trieste.it;200;5
IRCCS Lazzaro Spallanzani;L8;58091;www.inmi.it;http://www.inmi.it;https://www.inmi.it;200;5
Irccs Centro Neurolesi Bonino Pulejo;L8;83048;www.irccsme.it;http://www.irccsme.it;http://www.irccsme.it;200;5
Istituto di Ricovero e Cura a Carattere Scientifico Centro di Riferimento Oncologico della Basilicata;L8;76066;www.crob.it;http://www.crob.it;http://www.crob.it;200;5
FONDAZIONE IRCCS POLICLINICO 'S.MATTEO';L8;18110;www.sanmatteo.org;http://www.sanmatteo.org.it;_NV_;['Errno -2'];20
Istituto Tumori Giovanni Paolo Ii-irccs-bari;L8;72006;www.sanita.puglia.it/web/irccs;http://www.sanita.puglia.it;https://www.sanita.puglia.it;200;5
Azienda Ospedaliera Bianchi Melacrino Morelli;L8;80063;www.ospedalerc.it;http://www.ospedalerc.it;http://www.ospedalerc.it;200;20
Azienda Sanitaria Ospedaliera SS. Antonio e Biagio e C. Arrigo;L8;6003;www.ospedale.al.it;http://www.ospedale.al.it;_NV_;['Errno -3'];20
Fondazione IRCCS Ca Granda Ospedale Maggiore Policlinico;L8;15146;www.policlinico.mi.it;http://www.policlinico.mi.it;http://www.policlinico.mi.it;200;5
