Denominazione_ente;Codice_Categoria;Codice_comune_ISTAT;Sito_istituzionale;url;http_ok;codice_risposta;test_timeout
Camera di Commercio, Industria, Artigianato e Agricoltura di Caltanissetta;L35;85004;www.cameracommercio.cl.it;http://www.cameracommercio.cl.it;http://www.cameracommercio.cl.it;200;20
Camera di commercio, industria, artigianato e agricoltura di Mantova;L35;20030;www.mn.camcom.gov.it;http://www.mn.camcom.gov.it;https://www.mn.camcom.gov.it;200;5
Camera di Commercio Arezzo Siena;L35;51002;www.as.camcom.it;http://www.as.camcom.it;http://www.as.camcom.it;200;5
Camera di commercio, industria, artigianato e agricoltura Monte Rosa Laghi Alto Piemonte;L35;2158;www.pno.camcom.it;http://www.pno.camcom.it;http://www.pno.camcom.it;200;5
Camera di Commercio Industria Artigianato e Agricoltura di Como-Lecco;L35;13075;www.comolecco.camcom.it;http://www.comolecco.camcom.it;http://www.comolecco.camcom.it;200;5
Unioncamere Umbria;L35;54039;www.umbria.camcom.it;http://www.umbria.camcom.it;http://www.umbria.camcom.it;200;5
Camera di Commercio Industria Artigianato e Agricoltura di Palermo Ed Enna;L35;82053;www.paen.camcom.gov.it;http://www.paen.camcom.gov.it;http://www.paen.camcom.gov.it;200;5
Camera di Commercio, Industria, Artigianato e Agricoltura di Agrigento;L35;84001;www.ag.camcom.it;http://www.ag.camcom.it;http://www.ag.camcom.it;200;5
Camera Valdostana delle Imprese e delle Professioni;L35;7003;www.ao.camcom.it;http://www.ao.camcom.it;https://www.ao.camcom.it;200;5
Camera di Commercio, Industria, Artigianato e Agricoltura di Avellino;L35;64008;www.av.camcom.it;http://www.av.camcom.it;http://www.av.camcom.it;200;20
Camera di Commercio, Industria, Artigianato e Agricoltura di Bari;L35;72006;www.ba.camcom.it;http://www.ba.camcom.it;http://www.ba.camcom.it;200;5
Camera di Commercio, Industria, Artigianato e Agricoltura di Bergamo;L35;16024;www.bg.camcom.it;http://www.bg.camcom.it;http://www.bg.camcom.it;200;5
Camera di Commercio, Industria, Artigianato e Agricoltura di Benevento;L35;62008;www.bn.camcom.it;http://www.bn.camcom.it;http://www.bn.camcom.it;200;5
Camera di Commercio, Industria, Artigianato e Agricoltura di Bologna;L35;37006;www.bo.camcom.gov.it;http://www.bo.camcom.gov.it;http://www.bo.camcom.gov.it;200;5
Camera di Commercio, Industria, Artigianato e Agricoltura di Brindisi;L35;74001;www.br.camcom.gov.it;http://www.br.camcom.gov.it;http://www.br.camcom.gov.it;200;20
Camera di Commercio, Industria, Artigianato e Agricoltura di Brescia;L35;17029;www.bs.camcom.it;http://www.bs.camcom.it;http://www.bs.camcom.it;200;5
Camera di Commercio, Industria, Artigianato e Agricoltura di Bolzano;L35;21008;www.camcom.bz.it;http://www.camcom.bz.it;http://www.camcom.bz.it;200;5
Camera di Commercio, Industria, Artigianato e Agricoltura di Caserta;L35;61022;www.ce.camcom.it;http://www.ce.camcom.it;http://www.ce.camcom.it;200;5
Camera di Commercio, Industria, Artigianato e Agricoltura di Cuneo;L35;4078;www.cn.camcom.it;http://www.cn.camcom.it;http://www.cn.camcom.it;200;5
Camera di Commercio, Industria, Artigianato e Agricoltura di Cremona;L35;19036;www.cr.camcom.it;http://www.cr.camcom.it;https://www.cr.camcom.it;200;5
Camera di Commercio, Industria, Artigianato e Agricoltura di Cosenza;L35;78045;www.cs.camcom.it;http://www.cs.camcom.it;http://www.cs.camcom.it;200;5
Camera di Commercio, Industria, Artigianato e Agricoltura di Catanzaro;L35;79023;www.cz.camcom.it;http://www.cz.camcom.it;http://www.cz.camcom.it;200;20
Camera di Commercio, Industria, Artigianato e Agricoltura di Ferrara;L35;38008;www.fe.camcom.it;http://www.fe.camcom.it;http://www.fe.camcom.it;200;5
Camera di Commercio, Industria, Artigianato e Agricoltura di Foggia;L35;71024;www.fg.camcom.gov.it/;http://www.fg.camcom.gov.it;http://www.fg.camcom.gov.it;200;5
Camera di Commercio, Industria, Artigianato e Agricoltura di Firenze;L35;48017;www.fi.camcom.gov.it;http://www.fi.camcom.gov.it;http://www.fi.camcom.gov.it;200;5
Camera di Commercio, Industria, Artigianato e Agricoltura di Genova;L35;10025;www.ge.camcom.gov.it;http://www.ge.camcom.gov.it;http://www.ge.camcom.gov.it;200;5
Camera di Commercio, Industria, Artigianato e Agricoltura di Crotone;L35;101010;www.kr.camcom.it;http://www.kr.camcom.it;http://www.kr.camcom.it;200;5
Camera di Commercio, Industria, Artigianato e Agricoltura di Lecce;L35;75035;www.le.camcom.gov.it;http://www.le.camcom.gov.it;http://www.le.camcom.gov.it;200;5
Camera di Commercio, Industria, Artigianato e Agricoltura di Lucca;L35;46017;www.lu.camcom.it;http://www.lu.camcom.it;http://www.lu.camcom.it;200;5
Camera di Commercio, Industria, Artigianato e Agricoltura di Messina;L35;83048;www.me.camcom.it;http://www.me.camcom.it;http://www.me.camcom.it;200;5
Camera di Commercio, Industria, Artigianato e Agricoltura di Modena;L35;36023;www.mo.camcom.it;http://www.mo.camcom.it;http://www.mo.camcom.it;200;5
Camera di Commercio, Industria, Artigianato e Agricoltura di Massa Carrara;L35;45003;www.ms.camcom.it;http://www.ms.camcom.it;http://www.ms.camcom.it;200;5
Camera di Commercio, Industria, Artigianato e Agricoltura di Napoli;L35;63049;www.na.camcom.gov.it;http://www.na.camcom.gov.it;http://www.na.camcom.gov.it;200;5
Camera di Commercio, Industria, Artigianato e Agricoltura di Nuoro;L35;91051;www.nu.camcom.it;http://www.nu.camcom.it;http://www.nu.camcom.it;200;5
Camera di Commercio, Industria, Artigianato e Agricoltura di Piacenza;L35;33032;www.pc.camcom.it;http://www.pc.camcom.it;http://www.pc.camcom.it;200;5
Camera di Commercio, Industria, Artigianato e Agricoltura di Padova;L35;28060;www.pd.camcom.it;http://www.pd.camcom.it;http://www.pd.camcom.it;200;5
Camera di Commercio, Industria, Artigianato e Agricoltura di Pescara;L35;68028;www.pe.camcom.it;http://www.pe.camcom.it;http://www.pe.camcom.it;200;5
Camera di Commercio, Industria, Artigianato e Agricoltura di Pisa;L35;50026;www.pi.camcom.it;http://www.pi.camcom.it;http://www.pi.camcom.it;200;5
Camera di Commercio, Industria, Artigianato e Agricoltura di Parma;L35;34027;www.pr.camcom.it;http://www.pr.camcom.it;http://www.pr.camcom.it;200;5
Camera di Commercio, Industria, Artigianato e Agricoltura di Pavia;L35;18110;www.pv.camcom.gov.it;http://www.pv.camcom.gov.it;http://www.pv.camcom.gov.it;200;5
Camera di Commercio, Industria, Artigianato e Agricoltura di Ravenna;L35;39014;www.ra.camcom.gov.it;http://www.ra.camcom.gov.it;http://www.ra.camcom.gov.it;200;5
Camera di Commercio, Industria, Artigianato e Agricoltura di Reggio Calabria;L35;80063;www.rc.camcom.it;http://www.rc.camcom.it;http://www.rc.camcom.it;200;5
Camera di Commercio, Industria, Artigianato e Agricoltura di Reggio Emilia;L35;35033;www.re.camcom.gov.it;http://www.re.camcom.gov.it;http://www.re.camcom.gov.it;200;5
Camera di Commercio, Industria, Artigianato e Agricoltura di Ragusa;L35;88009;www.cameracommercio.rg.it;http://www.cameracommercio.rg.it;http://www.cameracommercio.rg.it;200;20
Camera di Commercio, Industria, Artigianato e Agricoltura di Roma;L35;58091;www.rm.camcom.it;http://www.rm.camcom.it;http://www.rm.camcom.it;200;5
Camera di Commercio, Industria, Artigianato e Agricoltura di Salerno;L35;65116;www.sa.camcom.it;http://www.sa.camcom.it;http://www.sa.camcom.it;200;5
Camera di Commercio, Industria, Artigianato e Agricoltura di Sondrio;L35;14061;www.so.camcom.gov.it;http://www.so.camcom.gov.it;http://www.so.camcom.gov.it;200;5
Camera di Commercio, Industria, Artigianato e Agricoltura di Sassari;L35;90064;www.ss.camcom.it;http://www.ss.camcom.it;http://www.ss.camcom.it;200;5
Camera di Commercio, Industria, Artigianato e Agricoltura di Taranto;L35;73027;www.camcomtaranto.gov.it;http://www.camcomtaranto.gov.it;http://www.camcomtaranto.gov.it;200;5
Camera di Commercio, Industria, Artigianato e Agricoltura di Trento;L35;22205;www.tn.camcom.it;http://www.tn.camcom.it;http://www.tn.camcom.it;200;5
Camera di Commercio, Industria, Artigianato e Agricoltura di Torino;L35;1272;www.to.camcom.it;http://www.to.camcom.it;http://www.to.camcom.it;200;5
Camera di Commercio, Industria, Artigianato e Agricoltura di Trapani;L35;81021;www.tp.camcom.it;http://www.tp.camcom.it;https://www.tp.camcom.it;200;5
Camera di Commercio, Industria, Artigianato e Agricoltura di Varese;L35;12133;www.va.camcom.it;http://www.va.camcom.it;http://www.va.camcom.it;200;5
Camera di Commercio, Industria, Artigianato e Agricoltura di Vicenza;L35;24116;www.vi.camcom.it;http://www.vi.camcom.it;http://www.vi.camcom.it;200;5
Camera di Commercio, Industria, Artigianato e Agricoltura di Verona;L35;23091;www.vr.camcom.it;http://www.vr.camcom.it;http://www.vr.camcom.it;200;5
Camera di Commercio, Industria, Artigianato e Agricoltura di Vibo Valentia;L35;102047;www.vv.camcom.it;http://www.vv.camcom.it;http://www.vv.camcom.it;200;5
Camera di Commercio Industria Artigianato e Agricoltura di Alessandria - Asti;L35;6003;www.aa.camcom.gov.it;http://www.aa.camcom.gov.it;http://www.aa.camcom.it;200;20
Camera di Commercio Industria Artigianato e Agricoltura della Basilicata;L35;76063;www.basilicata.camcom.it;http://www.basilicata.camcom.it;https://www.basilicata.camcom.it;200;5
Camera di Commercio Industria Artigianato e Agricoltura di Venezia Rovigo;L35;27042;www.dl.camcom.gov.it;http://www.dl.camcom.gov.it;http://www.dl.camcom.gov.it;200;5
Camera di Commercio Industria Artigianato Agricoltura di Frosinone-latina;L35;59011;https://www.frlt.camcom.it/;https://www.frlt.camcom.it;https://www.frlt.camcom.it;200;5
Camera di Commercio Industria Artigianato e Agricoltura di Ferrara e Ravenna;L35;39014;http://www.fera.camcom.it;http://www.fera.camcom.it;_NV_;['Errno -2'];20
Camera di Commercio Industria Artigianato Agricoltura del Gran Sasso D'Italia;L35;66049;https://www.cameragransasso.camcom.it/;https://www.cameragransasso.camcom.it;https://www.cameragransasso.camcom.it;200;5
Camera di Commercio Industria Artigianato e Agricoltura Delle Marche;L35;42002;https://www.marche.camcom.it/;https://www.marche.camcom.it;https://www.marche.camcom.it;200;5
Camera di Commercio Industria Artigianato e Agricoltura di Pistoia-Prato;L35;100005;www.ptpo.camcom.it;http://www.ptpo.camcom.it;http://www.ptpo.camcom.it;200;5
Camera di Commercio Industria Artigianato e Agricoltura di Pordenone Udine;L35;30129;www.pnud.camcom.it;http://www.pnud.camcom.it;http://www.pnud.camcom.it;200;5
Camera di Commercio Industria Artigianato e Agricoltura Riviere di Liguria - Imperia La Spezia Savona;L35;9056;www.rivlig.camcom.gov.it;http://www.rivlig.camcom.gov.it;http://www.rivlig.camcom.gov.it;200;5
Camera di Commercio Industria Artigianato e Agricoltura Rieti-viterbo;L35;56059;www.rivt.camcom.it;http://www.rivt.camcom.it;http://www.rivt.camcom.it;200;5
Camera di Commercio Industria Artigianato Agricoltura di Treviso Belluno;L35;26086;www.tb.camcom.gov.it;http://www.tb.camcom.gov.it;http://www.tb.camcom.gov.it;200;5
CAMERA DI COMMERCIO INDUSTRIA ARTIGIANATO E AGRICOLTURA DI AGRIGENTO, CALTANISSETTA E TRAPANI;L35;81021;www.agcltp.camcom.gov.it;http://www.agcltp.camcom.gov.it;_NV_;['Errno -2'];20
Camera di Commercio Industria Artigianato e Agricoltura Venezia Giulia;L35;32006;www.vg.camcom.gov.it;http://www.vg.camcom.gov.it;http://www.vg.camcom.gov.it;200;5
Camera di Commercio Industria Artigianato e Agricoltura di Cagliari-Oristano;L35;92009;www.caor.camcom.it;http://www.caor.camcom.it;http://www.caor.camcom.it;200;5
Camera di Commercio Industria Artigianato e Agricoltura Chieti Pescara;L35;69022;www.chpe.camcom.it;http://www.chpe.camcom.it;http://www.chpe.camcom.it;200;5
Camera di Commercio Industria Artigianato e Agricoltura del Sud Est Sicilia;L35;87015;www.ctrgsr.camcom.gov.it;http://www.ctrgsr.camcom.gov.it;http://www.ctrgsr.camcom.gov.it;200;5
Camera di Commercio del Molise;L35;70006;www.molise.camcom.it;http://www.molise.camcom.it;http://www.molise.camcom.it;200;5
Camera di Commercio di Milano Monza Brianza Lodi;L35;15146;www.milomb.camcom.it;http://www.milomb.camcom.it;http://www.milomb.camcom.it;200;5
Camera di Commercio della Maremma e del Tirreno;L35;49009;www.lg.camcom.gov.it;http://www.lg.camcom.gov.it;http://www.lg.camcom.gov.it;200;5
Camera di Commercio della Romagna Forli Cesena e Rimini;L35;40012;www.romagna.camcom.it;http://www.romagna.camcom.it;http://www.romagna.camcom.it;200;5
Nuovo Centro Estero Delle Camere di Commercio del Veneto;L35;27042;www.centroesteroveneto.it;http://www.centroesteroveneto.it;http://www.centroesteroveneto.it;200;20
Unioncamere Calabria;L35;79160;www.uc-cal.camcom.gov.it/;http://www.uc.cal.camcom.gov.it;_NV_;['Errno -2'];20
Unione Delle Camere di Commercio della Liguria;L35;10025;www.lig.camcom.it;http://www.lig.camcom.it;_NV_;('Connection aborted.', ConnectionResetError(104, 'Connessione interrotta dal corrispondente'));20
Unione Italiana delle Camere di Commercio Industria, Artigianato e Agricoltura;L35;58091;www.unioncamere.gov.it;http://www.unioncamere.gov.it;_NV_;ConnectTimeout;20
Unione Regionale Delle Camere di Commercio della Puglia;L35;72006;www.unioncamerepuglia.it;http://www.unioncamerepuglia.it;http://www.unioncamerepuglia.it;200;5
Unione Regionale Delle Camere di Commercio Industria Artigianato Agricoltura del Piemonte;L35;1272;www.pie.camcom.it/;http://www.pie.camcom.it;http://www.pie.camcom.it;200;5
Unione Regionale Delle Camere di Commercio del Veneto;L35;27042;unioncameredelveneto.it/;http://unioncameredelveneto.it;http://unioncameredelveneto.it;200;20
Unione Regionale Delle Camere di Commercio, Industria, Artigianato, Agricoltura della Toscana;L35;48017;www.tos.camcom.it;http://www.tos.camcom.it;http://www.tos.camcom.it;200;5
Unione Regionale Delle Camere di Commercio, Industria, Artigianato e Agricoltura della Campania;L35;63049;www.unioncamere.campania.it;http://www.unioncamere.campania.it;https://www.unioncamere.campania.it;200;5
Unione Regionale Delle Camere di Commercio Industria Artigianato Agricoltura della Lombardia;L35;15146;www.unioncamerelombardia.it;http://www.unioncamerelombardia.it;http://www.unioncamerelombardia.it;200;5
Unione Regionale Delle Camere di Commercio Delle Marche;L35;42002;www.unioncameremarche.it;http://www.unioncameremarche.it;http://www.unioncameremarche.it;200;20
Unione Regionale Delle Camere di Commercio, Industria, Artigianato e Agricoltura dell'Abruzzo;L35;67041;www.unioncamereabruzzo.it;http://www.unioncamereabruzzo.it;_NV_;['Errno -2'];20
Unione Regionale Delle Camere di Commercio di Basilicata;L35;76063;www.bas.camcom.it;http://www.bas.camcom.it;_NV_;['Errno -2'];20
Unione Regionale Delle Camere di Commercio Industria Artigianato e Agricoltura dell'Emilia-Romagna;L35;37006;www.ucer.camcom.it;http://www.ucer.camcom.it;http://www.ucer.camcom.it;200;5
Unione Regionale Delle Camere di Commercio del Lazio;L35;58091;www.unioncamerelazio.it;http://www.unioncamerelazio.it;http://www.unioncamerelazio.it;200;20
Unione Regionale Delle Camere di Commercio Industria Artigianato e Agricoltura della Sicilia;L35;82053;www.unioncameresicilia.it;http://www.unioncameresicilia.it;http://www.unioncameresicilia.it;200;20
