Denominazione_ente;Codice_Categoria;Codice_comune_ISTAT;Sito_istituzionale;url;http_ok;codice_risposta;test_timeout
Citta' Metropolitana di Messina;L45;83048;www.cittametropolitana.me.it/;http://www.cittametropolitana.me.it;_NV_;['Errno -3'];5
Citta' Metropolitana di Bari;L45;72006;www.cittametropolitana.ba.it;http://www.cittametropolitana.ba.it;http://www.cittametropolitana.ba.it;200;5
Citta' Metropolitana di Bologna;L45;37006;www.cittametropolitana.bo.it;http://www.cittametropolitana.bo.it;http://www.cittametropolitana.bo.it;200;5
Citta' Metropolitana di Catania;L45;87015;https://www.cittametropolitana.ct.it;https://www.cittametropolitana.ct.it;https://www.cittametropolitana.ct.it;200;5
Citta' Metropolitana di Cagliari;L45;92009;www.cittametropolitanacagliari.it/;http://www.cittametropolitanacagliari.it;https://www.cittametropolitanacagliari.it;200;5
Citta' Metropolitana di Reggio Calabria;L45;80063;www.cittametropolitana.rc.it;http://www.cittametropolitana.rc.it;http://www.cittametropolitana.rc.it;200;5
Citta' Metropolitana di Firenze;L45;48017;www.cittametropolitana.fi.it;http://www.cittametropolitana.fi.it;http://www.cittametropolitana.fi.it;200;5
Citta' Metropolitana di Genova;L45;10025;www.cittametropolitana.genova.it/;http://www.cittametropolitana.genova.it;_NV_;['Errno -3'];5
Citta' Metropolitana di Milano;L45;15146;www.cittametropolitana.mi.it;http://www.cittametropolitana.mi.it;http://www.cittametropolitana.mi.it;200;5
Citta' Metropolitana di Napoli;L45;63049;www.cittametropolitana.na.it;http://www.cittametropolitana.na.it;https://www.cittametropolitana.na.it;200;5
Citta' Metropolitana di Roma Capitale;L45;58091;www.cittametropolitanaroma.it/;http://www.cittametropolitanaroma.it;http://www.cittametropolitanaroma.it;200;5
Citta' Metropolitana di Torino;L45;1272;www.cittametropolitana.torino.it;http://www.cittametropolitana.torino.it;http://www.cittametropolitana.torino.it;200;5
Citta' Metropolitana di Palermo;L45;82053;www.cittametropolitana.pa.it;http://www.cittametropolitana.pa.it;http://www.cittametropolitana.pa.it;200;5
Citta' Metropolitana di Venezia;L45;27042;www.cittametropolitana.ve.it;http://www.cittametropolitana.ve.it;_NV_;ConnectTimeout;5
