Denominazione_ente;Codice_Categoria;Codice_comune_ISTAT;Sito_istituzionale;url;http_ok;codice_risposta;test_timeout
STRUTTURA DEL COMMISSARIO STRAORDINARIO ART. 42 BIS D.L. 23/2020;L47;89017;http://commissario.ospedale.siracusa.it;http://commissario.ospedale.siracusa.it;http://commissario.ospedale.siracusa.it;200;5
Commissario Delegato Dirigente Generale Protezione Civile O.C.D.P.C. 257 2015;L47;82053;pti.regione.sicilia.it/portal/page/portal/pir_portale/pir;http://pti.regione.sicilia.it;http://pti.regione.sicilia.it;200;5
Commissario Delegato Ex Ocdpc N. 616/2019;L47;27042;https://www.commissariodelegato.venezia.it/;https://www.commissariodelegato.venezia.it;https://www.commissariodelegato.venezia.it;200;5
Commissario Delegato O.C.D.P.C. N. 340 2016;L47;82053;pti.regione.sicilia.it;http://pti.regione.sicilia.it;http://pti.regione.sicilia.it;200;5
Commissario Straordinario D.P.C.M. del 21 Gennaio 2011;L47;63049;http://mitigazione-rischioidrogeologico.regione.campania.it/;http://mitigazione-rischioidrogeologico.regione.campania.it;http://mitigazione-rischioidrogeologico.regione.campania.it;200;5
Commissario Straordinario del Governo per La Liquidazione della Societa Expo 2015 in Liquidazione;L47;15146;www.expo2015.org;http://www.expo2015.org.it;_NV_;['Errno -2'];20
Commissario Straordinario per La Sicurezza del Sistema Idrico del Gran Sasso;L47;66049;https://commissario.gransasso.gov.it;https://commissario.gransasso.gov.it;https://commissario.gransasso.gov.it;200;5
O.C.D.P.C. 566_2018 Co D.R.P.C.;L47;82053;http://pti.regione.sicilia.it/portal/page/portal/pir_portale/pir;http://pti.regione.sicilia.it;http://pti.regione.sicilia.it;200;5
Ufficio Speciale per La Ricostruzione Post sisma 2016 della Regione Umbria;L47;54039;www.sismaumbria2016.it;http://www.sismaumbria2016.it;http://www.sismaumbria2016.it;200;5
COMMISSARIO STRAORDINARIO PER LA REALIZZAZIONE DELLA PIATTAFORMA EUROPA NEL POR TO DI LIVORNO;L47;49009;https://darsenaeuropa.portialtotirreno.it;https://darsenaeuropa.portialtotirreno.it;http://darsenaeuropa.portialtotirreno.it;200;5
