Denominazione_ente;Codice_Categoria;Codice_comune_ISTAT;Sito_istituzionale;url;http_ok;codice_risposta;test_timeout
Comunita' Montana Valle del Liri Zona XV;L12;60008;www.cmvalledelliri.it;http://www.cmvalledelliri.it;http://www.cmvalledelliri.it;200;5
Comunità Montana Versante dello Stretto;L12;80063;www.cmcalabresiliquidazioni.it;http://www.cmcalabresiliquidazioni.it;_NV_;['Errno -2'];5
Associazione Espaci Occitan;L12;4082;www.espaci-occitan.org/;http://www.espaci.occitan.org.it;_NV_;['Errno -2'];5
Comunita' Montana del Taburno;L12;62035;www.comunitamontanataburno.it;http://www.comunitamontanataburno.it;http://www.comunitamontanataburno.it;200;5
Comunita' dell'Arcipelago Delle Isole Ponziane;L12;59018;www.arcipelagoponziano.it;http://www.arcipelagoponziano.it;http://www.arcipelagoponziano.it;200;5
Comunita' Alto Garda e Ledro;L12;22153;www.altogardaeledro.tn.it;http://www.altogardaeledro.tn.it;http://www.altogardaeledro.tn.it;200;5
Comunita' Alta Valsugana e Bersntol;L12;22139;www.comunita.altavalsugana.tn.it/;http://www.comunita.altavalsugana.tn.it;http://www.comunita.altavalsugana.tn.it;200;5
Comunita' Comprensoriale Valle Isarco;L12;21011;www.bzgeisacktal.it;http://www.bzgeisacktal.it;http://www.bzgeisacktal.it;200;5
Comunita' Collinare della Valcerrina;L12;6059;www.valcerrina.it;http://www.valcerrina.it;http://www.valcerrina.it;200;5
Comunita' Comprensoriale Val Venosta;L12;21093;www.bzgvin.it;http://www.bzgvin.it;http://www.bzgvin.it;200;5
Comunita' Collinare Val Tiglione e dintorni;L12;5074;www.unionevaltiglione.at.it;http://www.unionevaltiglione.at.it;http://www.unionevaltiglione.at.it;200;5
Comunita' Collinare Del Friuli;L12;30028;www.friulicollinare.it;http://www.friulicollinare.it;http://www.friulicollinare.it;200;5
Comunita' Comprensoriale Burgraviato;L12;21051;www.bzgbga.it;http://www.bzgbga.it;http://www.bzgbga.it;200;5
Comunita' Comprensoriale Oltradige - Bassa Atesina;L12;21029;www.bzgcc.bz.it;http://www.bzgcc.bz.it;http://www.bzgcc.bz.it;200;5
Comunita' Comprensoriale Wipptal - Alta Val d'Isarco;L12;21115;www.wipptal.org;http://www.wipptal.org.it;_NV_;['Errno -2'];5
Comunita Delle Giudicarie;L12;22199;www.comunitadellegiudicarie.it;http://www.comunitadellegiudicarie.it;http://www.comunitadellegiudicarie.it;200;5
Comitato di Gestione Atc;L12;80088;www.atcrc2.it;http://www.atcrc2.it;_NV_;['Errno -2'];5
Comun General De Fascia;L12;22250;www.comungeneraldefascia.tn.it;http://www.comungeneraldefascia.tn.it;http://www.comungeneraldefascia.tn.it;200;5
Comunita' Montana Agno Chiampo;L12;24111;www.agnochiampo.it;http://www.agnochiampo.it;http://www.agnochiampo.it;200;5
Unione Montana Agordina;L12;25001;www.agordino.bl.it;http://www.agordino.bl.it;http://www.agordino.bl.it;200;5
Comunita' Montana Alta Irpinia;L12;64015;www.cmaltairpinia.it;http://www.cmaltairpinia.it;http://www.cmaltairpinia.it;200;5
Unione Montana Alpago;L12;25060;https://www.alpago.bl.it/myportal/CM_ALPA/home;https://www.alpago.bl.it;https://www.alpago.bl.it;200;5
Comunita' Montana Alta Tuscia Laziale;L12;56001;www.altatuscia.vt.it;http://www.altatuscia.vt.it;http://www.altatuscia.vt.it;200;5
Comunita' Montana Alto Agri;L12;76046;www.altoagri.it;http://www.altoagri.it;_NV_;['Errno -2'];5
Comunita' Montana Alto Basento;L12;76063;www.altobasento.web.it;http://www.altobasento.web.it;_NV_;['Errno -3'];5
Comunita' Montana Alta Umbria;L12;54013;www.cmaltaumbria.it;http://www.cmaltaumbria.it;http://www.cmaltaumbria.it;200;5
COMUNITA' MONTANA ALTA VALTELLINA;L12;14009;www.cmav.so.it/cmav.cfm;http://www.cmav.so.it;http://www.cmav.so.it;200;5
Unione Montana del Baldo-Garda;L12;23018;www.unionebaldo.vr.it;http://www.unionebaldo.vr.it;http://www.unionebaldo.vr.it;200;5
Unione Montana Bellunese;L12;25006;www.cm-bellunese.it/web/cmbellunese;http://www.cm.bellunese.it;http://www.cm.bellunese.it;200;5
Comunita' Montana Castelli Romani - Prenestini;L12;58088;http://cmcastelli.it/;http://cmcastelli.it;http://cmcastelli.it;200;5
Comunita' Montana Centro Cadore a Unione Montana Centro Cadore;L12;25008;www.centrocadore.bl.it;http://www.centrocadore.bl.it;http://www.centrocadore.bl.it;200;5
Comunita' Montana Fossa del Lupo;L12;79029;www.cmliquidazionecalabresi.it;http://www.cmliquidazionecalabresi.it;http://www.cmliquidazionecalabresi.it;200;5
Comunita' Montana del Friuli Occidentale;L12;93006;www.cmfriulioccidentale.it;http://www.cmfriulioccidentale.it;http://www.cmfriulioccidentale.it;200;5
Comunita' Montana del Giovo;L12;9056;www.ccmm;http://www.ccmm.it;http://www.ccmm.it;200;5
Unione Montana del Grappa;L12;26096;www.cmgrappa.gov.it;http://www.cmgrappa.it;http://www.cmgrappa.it;200;5
Comunita' Montana Intemelia;L12;8029;www.cmintemelia.it;http://www.cmintemelia.it;http://www.cmintemelia.it;200;5
Comunita' Montana dei Laghi Bergamaschi;L12;16128;www.cmlaghi.bg.it;http://www.cmlaghi.bg.it;http://www.cmlaghi.bg.it;200;5
Comunita' delle colline tra Langa e Monferrato;L12;5050;www.langamonferrato.it;http://www.langamonferrato.it;http://www.langamonferrato.it;200;5
Comunita' Montana Maielletta Zona P;L12;69064;www.maielletta.ch.it;http://www.maielletta.ch.it;http://www.maielletta.ch.it;200;5
Comunita' Montana Marmo Platano;L12;76084;www.melandro.it;http://www.melandro.it;_NV_;['Errno -2'];5
Comunita' Montana Medio Basento;L12;77028;www.mediobasento.it;http://www.mediobasento.it;http://www.mediobasento.it;200;5
Comunita' Montana Medio Agri;L12;76080;cmmedioagri.apcad.it/;http://cmmedioagri.apcad.it;http://cmmedioagri.apcad.it;200;5
Comunita' Montana Monti Lepini;L12;59019;www.13cmlepini.it;http://www.13cmlepini.it;http://www.13cmlepini.it;200;5
Comunita' Montana Trigno Monte Mauro;L12;70050;www.comunitamontanamontemauro.it;http://www.comunitamontanamontemauro.it;_NV_;['Errno -2'];5
Comunita' Montana Monte Cervino;L12;7020;www.cm-montecervino.vda.it;http://www.cm.montecervino.vda.it;_NV_;['Errno -2'];5
Comunita' Montana Zona Monti Picentini;L12;65056;www.cm-montipicentini.it;http://www.cm.montipicentini.it;_NV_;['Errno -2'];5
Comunita' Montana Oltrepo' Pavese;L12;18171;www.cmop.it;http://www.cmop.it;http://www.cmop.it;200;5
Comunita' Montana del Pollino;L12;78033;www.cmpollino.it;http://www.cmpollino.it;_NV_;['Errno -2'];5
Unione Montana Prealpi Trevigiane;L12;26092;www.prealpitrevigiane.it;http://www.prealpitrevigiane.it;http://www.prealpitrevigiane.it;200;5
COMUNITA' MONTANA SEBINO BRESCIANO;L12;17169;www.cmsebino.bs.it;http://www.cmsebino.bs.it;http://www.cmsebino.bs.it;200;5
Comunita' Montana Sirentina;L12;66097;www.sirentina.it;http://www.sirentina.it;http://www.sirentina.it;200;5
Comunita' Montana Terminio Cervialto;L12;64057;www.cmterminiocervialto.av.it;http://www.cmterminiocervialto.av.it;http://www.cmterminiocervialto.av.it;200;5
Comunita' Montana Titerno e Alto Tammaro;L12;62023;http://www.comunitamontanatiternoaltotammaro.it/;http://www.comunitamontanatiternoaltotammaro.it;http://www.comunitamontanatiternoaltotammaro.it;200;5
Comunita' Montana Associazione dei Comuni Trasimeno-Medio Tevere;L12;54026;www.montitrasimeno.umbria.it;http://www.montitrasimeno.umbria.it;_NV_;ConnectTimeout;5
Comunita' Montana Trigno medio Biferno;L12;70081;www.pitmediotrigno.it;http://www.pitmediotrigno.it;_NV_;['Errno -2'];5
Unione Montana della Valle del Boite;L12;25007;www.valboite.bl.it;http://www.valboite.bl.it;http://www.valboite.bl.it;200;5
Unione Montana Valle del Cervo - La Bursch;L12;96002;www.vallecervo.it/;http://www.vallecervo.it;http://www.vallecervo.it;200;5
Unione Montana Valle Elvo;L12;96028;www.cmve.it;http://www.cmve.it;http://www.cmve.it;200;5
Comunita' Montana Valli Aveto Graveglia Sturla;L12;10005;www.comunitamontana.avetogravegliasturla.ge.it;http://www.comunitamontana.avetogravegliasturla.ge.it;_NV_;['Errno -2'];5
Comunita' Comprensoriale Valle Pusteria;L12;21013;www.comunitacomprensorialevallepusteria.it;http://www.comunitacomprensorialevallepusteria.it;http://www.comunitacomprensorialevallepusteria.it;200;5
Unione Montana Val Belluna;L12;25053;www.valbelluna.bl.it;http://www.valbelluna.bl.it;http://www.valbelluna.bl.it;200;5
Comunita' Montana della Valchiavenna;L12;14018;www.cmvalchiavenna.it;http://www.cmvalchiavenna.it;http://www.cmvalchiavenna.it;200;5
Comunita' Montana Valle Brembana;L12;16164;www.vallebrembana.bg.it;http://www.vallebrembana.bg.it;_NV_;['Errno -3'];5
Comunita' Montana di Valle Camonica;L12;17028;www.cmvallecamonica.bs.it;http://www.cmvallecamonica.bs.it;http://www.cmvallecamonica.bs.it;200;5
COMUNITA' MONTANA VALNERINA;L12;54035;www.cmvalnerina.it;http://www.cmvalnerina.it;http://www.cmvalnerina.it;200;5
Comunita' Montana Valle Seriana;L12;16077;www.cmvalleseriana.bg.it/;http://www.cmvalleseriana.bg.it;http://www.cmvalleseriana.bg.it;200;5
Comunita' Montana Valtellina di Sondrio;L12;14061;www.cmsondrio.it;http://www.cmsondrio.it;http://www.cmsondrio.it;200;5
COMUNITA' MONTANA VALTELLINA DI TIRANO;L12;14066;www.cmtirano.so.it;http://www.cmtirano.so.it;http://www.cmtirano.so.it;200;5
Comunita' Montana Valli del Verbano;L12;12092;www.vallidelverbano.va.it;http://www.vallidelverbano.va.it;http://www.vallidelverbano.va.it;200;5
Comunita' Montana di Valle Trompia;L12;17075;www.cm.valletrompia.it;http://www.cm.valletrompia.it;http://www.cm.valletrompia.it;200;5
Comunita' Montana Valli Genovesi Scrivia e Polcevera;L12;10035;www.cmvalligenovesi.it;http://www.cmvalligenovesi.it;_NV_;['Errno -2'];5
Comunita' Montana Valtellina di Morbegno;L12;14045;www.cmmorbegno.it;http://www.cmmorbegno.it;_NV_;['Errno -3'];5
Comunita' Montana Volturno;L12;94023;www.comunitamontanavolturno.net;http://www.comunitamontanavolturno.net.it;_NV_;['Errno -2'];5
Comunita' Montana Valli Orco e Soana;L12;1134;www.cm-valliorcosoana.gov.it/;http://www.cm.valliorcosoana.it;_NV_;['Errno -2'];5
Comunita' Montana Due Laghi Cusio Mottarone e Valstrona;L12;3006;www.cmduelaghimottaronestrona.it;http://www.cmduelaghimottaronestrona.it;http://www.cmduelaghimottaronestrona.it;200;5
Comunita' Montana III zona Lazio Monti della Tolfa;L12;58004;www.comonterzalazio.it;http://www.comonterzalazio.it;_NV_;['Errno -2'];5
Comunita Montana dell'Aniene;L12;58103;www.cmaniene.it;http://www.cmaniene.it;http://www.cmaniene.it;200;5
Comunita Montana Alburni;L12;65045;www.comunitamontanaalburni.it;http://www.comunitamontanaalburni.it;http://www.comunitamontanaalburni.it;200;5
Comunita' Montana Argentina Armea;L12;8059;www.liquidazioniccmm.liguria.it;http://www.liquidazioniccmm.liguria.it;_NV_;['Errno -2'];5
Unione Montana Alto Astico;L12;24007;www.altoastico.it;http://www.altoastico.it;http://www.altoastico.it;200;5
Comunita' Montana Alto Canavese;L12;1216;www.cm-altocanavese.to.it;http://www.cm.altocanavese.to.it;_NV_;['Errno -2'];5
Comunita' Montana Alto Jonio;L12;78150;www.comunitamontanaaltojonio.it;http://www.comunitamontanaaltojonio.it;_NV_;['Errno -2'];5
Comunita' Montana Alto Molise;L12;94002;www.cmaltomolise.it;http://www.cmaltomolise.it;http://www.cmaltomolise.it;200;5
Comunita' Montana Aventino Medio Sangro Zona Q;L12;69060;www.aventino-mediosangro.com;http://www.aventino.mediosangro.com.it;_NV_;['Errno -2'];5
Comunita' Montana Alto Sinni;L12;76085;www.cmaltosinni.it;http://www.cmaltosinni.it;_NV_;['Errno -2'];5
Comunita' Montana Alto Sangro e Altopiano Delle Cinquemiglia;L12;66028;www.comunitamontanaaltosangro.it;http://www.comunitamontanaaltosangro.it;http://www.comunitamontanaaltosangro.it;200;5
Comunita' Montana Bussento - Lambro e Mingardo;L12;65054;www.cmbussento.it;http://www.cmbussento.it;http://www.cmbussento.it;200;5
Comunita' Montana Basso Sinni;L12;77029;www.bassosinni.it;http://www.bassosinni.it;http://www.bassosinni.it;200;5
Comunita' Montana Collina Materana;L12;77027;www.cmcollinamaterana.it;http://www.cmcollinamaterana.it;http://www.cmcollinamaterana.it;200;5
Comunita' Montana Centro Pentria;L12;94023;www.comunitamontanacentropentria.it;http://www.comunitamontanacentropentria.it;http://www.comunitamontanacentropentria.it;200;5
Unione Montana Comelico;L12;25050;www.cmcs.it;http://www.cmcs.it;http://www.cmcs.it;200;5
Comunita' Montana del Calore Salernitano di Rocca D'Aspide;L12;65106;http://www.cmcaloresegreteria.gov.it;http://www.cmcaloresegreteria.it;_NV_;['Errno -2'];5
Comunita' Montana Cigno Valle Biferno;L12;70011;www.montanacigno.com;http://www.montanacigno.com.it;_NV_;['Errno -2'];5
Comunita' Montana dei Cimini;L12;56045;www.cmcimini.it;http://www.cmcimini.it;http://www.cmcimini.it;200;5
Comunita' Montana del Fortore Molisano;L12;70057;www.comunitamontanafortoremolisano.it;http://www.comunitamontanafortoremolisano.it;http://www.comunitamontanafortoremolisano.it;200;5
Comunita' Montana della Laga;L12;67043;www.cmlaga.gov.it/;http://www.cmlaga.it;_NV_;['Errno -2'];5
Comunita' Montana Dei Monti Sabini Zona Xx;L12;57054;www.cmmontisabini.it;http://www.cmmontisabini.it;http://www.cmmontisabini.it;200;5
Comunita' Montana Delle Valli dell'Ossola;L12;103028;www.cmvo.it;http://www.cmvo.it;http://www.cmvo.it;200;5
Comunita' Montana del Fortore;L12;62057;www.cmfortore.net;http://www.cmfortore.net.it;_NV_;['Errno -2'];5
Unione Montana Feltrina;L12;25021;www.feltrino.bl.it/web/cmfeltrina;http://www.feltrino.bl.it;http://www.feltrino.bl.it;200;5
Comunita' Montana Goceano;L12;90012;CMGOCEANO.IT;http://cmgoceano.it;http://cmgoceano.it;200;5
Comunita Montana Gelbison e Cervati;L12;65154;www.comunitamontanagelbison.it/;http://www.comunitamontanagelbison.it;_NV_;ConnectTimeout;5
Comunita' Montana Gennargentu Mandrolisai;L12;91086;www.gennargentumandrolisai.it;http://www.gennargentumandrolisai.it;http://www.gennargentumandrolisai.it;200;5
Comunita' Montana Gran Sasso;L12;67045;www.cmgransasso.it;http://www.cmgransasso.it;http://www.cmgransasso.it;200;5
Comunita' Montana Irno Solofrana;L12;65020;www.cmirnosolofrana.it;http://www.cmirnosolofrana.it;http://www.cmirnosolofrana.it;200;5
Comunita' Montana Lagonegrese;L12;76042;www.income.it/c.m.lagonegrese;http://www.income.it;http://www.income.it;200;5
Comunita' Montana della Lessinia;L12;23011;www.lessinia.verona.it;http://www.lessinia.verona.it;http://www.lessinia.verona.it;200;5
Comunita' Montana Lario Intelvese;L12;13254;www.lariointelvese.eu;http://www.lariointelvese.eu.it;_NV_;['Errno -2'];5
Comunita Montana Lario Orientale Valle San Martino;L12;97036;www.comunitamontana.lc.it;http://www.comunitamontana.lc.it;_NV_;ConnectTimeout;5
Unione Montana Pasubio - Alto Vicentino;L12;24100;www.umpasubioaltovicentino.it;http://www.umpasubioaltovicentino.it;http://www.umpasubioaltovicentino.it;200;5
Comunita' Montana Matese;L12;70003;www.cmmatesebojano.gov.it/;http://www.cmmatesebojano.it;_NV_;['Errno -2'];5
Comunita' Montana del Monte Acuto;L12;90041;www.monteacuto.it;http://www.monteacuto.it;http://www.monteacuto.it;200;5
Comunita' Montana Molise Centrale;L12;70023;www.comunitamontanamolisecentrale.it;http://www.comunitamontanamolisecentrale.it;http://www.comunitamontanamolisecentrale.it;200;5
Comunita' Montana Monti Ernici;L12;60085;www.cm12ernici.it/;http://www.cm12ernici.it;http://www.cm12ernici.it;200;5
Comunita' Montana Monti Lattari;L12;65151;www.cmmontilattari.it/;http://www.cmmontilattari.it;http://www.cmmontilattari.it;200;5
Comunita Montana Montagna di L'Aquila;L12;66009;www.pitagoraitalia.it;http://www.pitagoraitalia.it;http://www.pitagoraitalia.it;200;5
Comunita Montana Montagna Marsicana;L12;66006;www.marsica.it;http://www.marsica.it;http://www.marsica.it;200;5
Comunita' Montana Monte Maggiore;L12;61035;WWW.comunitamontanamontemaggiore.com;http://www.comunitamontanamontemaggiore.com.it;_NV_;['Errno -2'];5
Comunita' Montana Dei Monti Martani, Serano e Subasio;L12;54059;www.montimartaniseranosubasio.it;http://www.montimartaniseranosubasio.it;http://www.montimartaniseranosubasio.it;200;5
Comunita' Montana Montagna Pescarese;L12;68007;www.comunecaramanicoterme.it/;http://www.comunecaramanicoterme.it;http://www.comunecaramanicoterme.it;200;5
Comunita' Montana Monti Sabini-Tiburtini-Cornicolani-Prenestini;L12;58104;www.comunitamontantivoli.org;http://www.comunitamontantivoli.org.it;_NV_;['Errno -2'];5
Comunita' Montana Monte Santa Croce;L12;61070;www.comunitamontanasantacroce.it;http://www.comunitamontanasantacroce.it;http://www.comunitamontanasantacroce.it;200;5
Comunita Montana Montagna Sangro Vastese;L12;69070;wwwwww.cmsangrovastese.it/;http://wwwwww.cmsangrovastese.it;_NV_;['Errno -2'];5
Comunita' Montana Orvietano Narnese Amerino Tuderte;L12;55015;www.onat.it;http://www.onat.it;http://www.onat.it;200;5
Comunita' Montana del Piambello;L12;12004;www.cmpiambello.it;http://www.cmpiambello.it;http://www.cmpiambello.it;200;5
Comunita Montana Peligna;L12;66098;www.comunitamontanapeligna.it;http://www.comunitamontanapeligna.it;http://www.comunitamontanapeligna.it;200;5
Comunita' Montana del Pinerolese;L12;1184;www.cmpinerolese.it;http://www.cmpinerolese.it;_NV_;['Errno -2'];5
Comunita' Montana Parco Alto Garda Bresciano;L12;17076;www.cm-parcoaltogarda.bs.it/;http://www.cm.parcoaltogarda.bs.it;_NV_;['Errno -2'];5
Comunita' Montana Partenio - Vallo di Lauro;L12;64073;www.cmparteniovallodilauro.gov.it;http://www.cmparteniovallodilauro.it;http://www.cmparteniovallodilauro.it;200;5
Comunita' Montana di Scalve;L12;16243;www.cmscalve.bg.it;http://www.cmscalve.bg.it;http://www.cmscalve.bg.it;200;5
Comunita Montana Silana;L12;78156;www.comunitamontanasilana.it;http://www.comunitamontanasilana.it;_NV_;['Errno -2'];5
Comunita' Montana Sannio;L12;94002;www.comunitamontanasannio.it;http://www.comunitamontanasannio.it;http://www.comunitamontanasannio.it;200;5
Comunita' Montana della Sabina;L12;57053;www.comunitamontanasabina.it;http://www.comunitamontanasabina.it;http://www.comunitamontanasabina.it;200;5
Comunita' Montana del Savuto;L12;78134;www.cmsavuto.it;http://www.cmsavuto.it;_NV_;['Errno -2'];5
COMUNITA MONTANA STILARO ALLARO LIMINA;L12;80044;www.stilaroallarolimina.it;http://www.stilaroallarolimina.it;_NV_;['Errno -2'];5
Comunita' Montana Sarcidano Barbagia di Seulo;L12;111036;www.cm13.it;http://www.cm13.it;_NV_;ConnectTimeout;5
Comunita Montana Salto Cicolano Zona Vii;L12;57050;www.saltocicolano.it;http://www.saltocicolano.it;http://www.saltocicolano.it;200;5
Unione Montana Spettabile Reggenza dei Sette Comuni;L12;24009;www.reggenza.com;http://www.reggenza.com.it;_NV_;['Errno -2'];5
Comunità Comprensoriale di Salto - Sciliar;L12;21008;www.bzgsaltenschlern.it;http://www.bzgsaltenschlern.it;http://www.bzgsaltenschlern.it;200;5
Comunita' Montana Tanagro Alto e Medio Sele;L12;65017;www.cmtanagro.it;http://www.cmtanagro.it;http://www.cmtanagro.it;200;5
Comunita' Montana Terre del Giarolo;L12;6155;www.terredelgiarolo.it;http://www.terredelgiarolo.it;http://www.terredelgiarolo.it;200;5
Comunita' Montana Triangolo Lariano;L12;13042;www.cmtl.it;http://www.cmtl.it;http://www.cmtl.it;200;5
Comunita' delle Valli - Media Valle Crati;L12;78073;www.unionevalli.it;http://www.unionevalli.it;_NV_;['Errno -2'];5
Comunita' Montana del Vulture;L12;76066;www.cmontanavulture.it;http://www.cmontanavulture.it;http://www.cmontanavulture.it;200;5
Comunita' Montana Valle di Comino;L12;60011;www.cmvalledicomino.it;http://www.cmvalledicomino.it;http://www.cmvalledicomino.it;200;5
Comunita Montana Val Chiusella Valle Sacra e Dora Baltea Canavesana;L12;1317;www.c-m-valchiusella-v-sacra-dora-baltea-c.it;http://www.c.m.valchiusella.v.sacra.dora.baltea.c.it;_NV_;['Errno -2'];5
Comunita' Montana Vallo di Diano;L12;65087;www.montvaldiano.it;http://www.montvaldiano.it;http://www.montvaldiano.it;200;5
Comunita' Montana Valle Imagna;L12;16252;cmvalleimagna.bg.it;http://cmvalleimagna.bg.it;http://cmvalleimagna.bg.it;200;5
Comunita' Montana Valli del Lario e del Ceresio;L12;13249;www.cmvallilarioceresio.it/;http://www.cmvallilarioceresio.it;http://www.cmvallilarioceresio.it;200;5
Comunita' Montana Val Sessera, Valle di Mosso e Prealpi Biellesi;L12;96014;www.cmsesseramossoprealpi.it;http://www.cmsesseramossoprealpi.it;http://www.cmsesseramossoprealpi.it;200;5
Comunita' Montana Val Sarmento;L12;76055;www.valsarmento.it;http://www.valsarmento.it;http://www.valsarmento.it;200;5
Comunita' Montana Valle Sabbia;L12;17197;www.cmvs.it;http://www.cmvs.it;http://www.cmvs.it;200;5
Comunita' Montana Valle Susa e Val Sangone;L12;1044;www.cmvss.it;http://www.cmvss.it;_NV_;ConnectTimeout;5
Comunita' Montana Valsassina Valvarrone Val D'Esino e Riviera;L12;97007;www.valsassina.it;http://www.valsassina.it;http://www.valsassina.it;200;5
Comunita' Montana del Velino 6 Zona;L12;57057;www.velino.it;http://www.velino.it;http://www.velino.it;200;5
Unita' dei Comuni Valdostani Walser;L12;7036;www.cm-walser.vda.it;http://www.cm.walser.vda.it;_NV_;['Errno -2'];5
Comunita Montana Zona del Matese;L12;61057;www.cmzonamatese.it/;http://www.cmzonamatese.it;http://www.cmzonamatese.it;200;5
Comunita' Montana V  Zona Montepiano Reatino;L12;57059;www.5cm.rieti.it;http://www.5cm.rieti.it;http://www.5cm.rieti.it;200;5
Comunita' Montana Zona Alento e Monte Stella;L12;65060;www.alento-montestella.sa.it/;http://www.alento.montestella.sa.it;_NV_;['Errno -2'];5
Comunita' Montana Zona dell'Ufita;L12;64005;halleyweb.com/cmvalleufita/hh/index.php;http://halleyweb.com;http://halleyweb.com;200;5
Comunita' della Val di Non di Cles;L12;22062;www.comunitavaldinon.tn.it;http://www.comunitavaldinon.tn.it;http://www.comunitavaldinon.tn.it;200;5
Comunita' della Paganella;L12;22005;www.comunita.paganella.tn.it;http://www.comunita.paganella.tn.it;http://www.comunita.paganella.tn.it;200;5
Comunita' di Primiero;L12;22245;www.primiero.tn.it/;http://www.primiero.tn.it;http://www.primiero.tn.it;200;5
Comunita' Rotaliana-koenigsberg;L12;22116;www.comunitarotaliana.tn.it;http://www.comunitarotaliana.tn.it;http://www.comunitarotaliana.tn.it;200;5
COMUNITA' TERRITORIALE DELLA VAL DI FIEMME;L12;22050;www.comunitavaldifiemme.tn.it;http://www.comunitavaldifiemme.tn.it;http://www.comunitavaldifiemme.tn.it;200;5
Comunita' della Vallagarina;L12;22161;www.comunitadellavallagarina.tn.it;http://www.comunitadellavallagarina.tn.it;http://www.comunitadellavallagarina.tn.it;200;5
Comunita' della Valle di Cembra;L12;22241;www.comunita.valledicembra.tn.it;http://www.comunita.valledicembra.tn.it;http://www.comunita.valledicembra.tn.it;200;5
Comunita' della Valle Dei Laghi;L12;22248;www.comunita.valledeilaghi.tn.it/;http://www.comunita.valledeilaghi.tn.it;http://www.comunita.valledeilaghi.tn.it;200;5
Comunita della Valle di Sole;L12;22110;www.comunitavalledisole.tn.it/;http://www.comunitavalledisole.tn.it;http://www.comunitavalledisole.tn.it;200;5
COMUNITA' VALSUGANA E TESINO;L12;22022;www.comunitavalsuganaetesino.it;http://www.comunitavalsuganaetesino.it;http://www.comunitavalsuganaetesino.it;200;5
Magnifica Comunita Degli Altipiani Cimbri;L12;22102;www.altipianicimbri.tn.it;http://www.altipianicimbri.tn.it;http://www.altipianicimbri.tn.it;200;5
COMUNITA MONTANA NUORESE GENNARGENTU SUPRAMONTE BARBAGIA;L12;91051;www.comunitamontananuorese.it;http://www.comunitamontananuorese.it;http://www.comunitamontananuorese.it;200;5
Xvii Comunita' Montana Monti Aurunci;L12;59031;www.comunitamontanamontiaurunci.it/;http://www.comunitamontanamontiaurunci.it;http://www.comunitamontanamontiaurunci.it;200;5
XVIII Comunita' Montana Area Romana;L12;58102;www.cmmontilepini.it;http://www.cmmontilepini.it;http://www.cmmontilepini.it;200;5
XXII Comunita' Montana Degli Aurunci e Ausoni - Lenola;L12;59012;www.comunitamontanalenola.it;http://www.comunitamontanalenola.it;http://www.comunitamontanalenola.it;200;5
XIX Comunita' Montana L'Arco Degli Aurunci;L12;60031;www.xixcomunitamontana.it;http://www.xixcomunitamontana.it;http://www.xixcomunitamontana.it;200;5
XVI COMUNITA' MONTANA MONTI AUSONI PICO;L12;60051;www.montiausoni.it/;http://www.montiausoni.it;http://www.montiausoni.it;200;5
Xxi Comunita Montana Monti Lepini Ed Ausoni;L12;60090;www.xxicomunitamontana.it;http://www.xxicomunitamontana.it;http://www.xxicomunitamontana.it;200;5
