Denominazione_ente;Codice_Categoria;Codice_comune_ISTAT;Sito_istituzionale;url;http_ok;codice_risposta;test_timeout
Consorzio Bacino Imbrifero Montano del Bormida Genova;L24;10025;www.bimbormidagenova.it;http://www.bimbormidagenova.it;http://www.bimbormidagenova.it;200;5
B.I.M. Consorzio Comuni Provincia Cagliari;L24;111064;bimflumendosa.it;http://bimflumendosa.it;http://bimflumendosa.it;200;5
Consorzio Bim del Chiese;L24;22238;www.bimchiese.tn.it;http://www.bimchiese.tn.it;http://www.bimchiese.tn.it;200;5
Bacino Imbrifero Montano del Livenza - Pordenone;L24;93025;www.bimlivenzapordenone.it;http://www.bimlivenzapordenone.it;http://www.bimlivenzapordenone.it;200;5
Consorzio dell'Adda;L24;15146;istit.addaconsorzio.it;http://istit.addaconsorzio.it;http://istit.addaconsorzio.it;200;5
Consorzio di Bacino 16;L24;1265;www.consorziobacino16.it;http://www.consorziobacino16.it;http://www.consorziobacino16.it;200;5
Consorzio del Bacino Imbrifero del Fiume Tronto;L24;44007;www.bimtronto-ap.it;http://www.bimtronto.ap.it;_NV_;['Errno -2'];20
Consorzio B.I.M. Nera e Velino;L24;54007;www.bimcascia.pg.it;http://www.bimcascia.pg.it;http://www.bimcascia.pg.it;200;5
Consorzio Bacino Imbrifero Montano dell'Agno;L24;24111;www.comune.valdagno.vi.it;http://www.comune.valdagno.vi.it;http://www.comune.valdagno.vi.it;200;5
Consorzio Bacino Imbrifero Montano Lago Como Fiumi Brembo e Serio;L24;16024;www.bimbg.it;http://www.bimbg.it;http://www.bimbg.it;200;5
Consorzio dei Comuni del Bacino Imbrifero Montano della Drava;L24;30117;www.consorziobim-drava.ud.it/;http://www.consorziobim.drava.ud.it;_NV_;['Errno -2'];20
Consorzio Bacino Imbrifero Montano Dora Baltea;L24;1030;www.bimdorabaltea.it;http://www.bimdorabaltea.it;http://www.bimdorabaltea.it;200;5
Consorzio Bacino Imbrifero Montano del Varaita;L24;4092;www.consorziobimvaraita.it;http://www.consorziobimvaraita.it;http://www.consorziobimvaraita.it;200;5
Consorzio Bacino Imbrifero Montano del Mella;L24;17075;http://www.cm.valletrompia.it/;http://www.cm.valletrompia.it;http://www.cm.valletrompia.it;200;5
Consorzio Bacino Imbrifero Montano dell' Entella;L24;10016;www.consorziobimentella.it;http://www.consorziobimentella.it;http://www.consorziobimentella.it;200;5
Consorzio Tra I Comuni Della Provincia Di Treviso Compresi Nel Bacino Imbrifero Montano Del Livenza;L24;26092;www.consorziobimlivenza.tv.it;http://www.consorziobimlivenza.tv.it;http://www.consorziobimlivenza.tv.it;200;5
Consorzio del Bacino Imbrifero Montano del Lago di Como del Brembo e Serio;L24;13249;www.bimcomo.it;http://www.bimcomo.it;http://www.bimcomo.it;200;5
Consorzio B.I.M. del Maira;L24;4082;www.bimdelmaira.it;http://www.bimdelmaira.it;http://www.bimdelmaira.it;200;5
Consorzio del Bacino Imbrifero Montano dell'Oglio;L24;16024;www.bimoglio.it;http://www.bimoglio.it;http://www.bimoglio.it;200;5
Consorzio Bacino Imbrifero Montano del Po;L24;4157;www.bimdelpo.cn.it;http://www.bimdelpo.cn.it;http://www.bimdelpo.cn.it;200;5
Consorzio B.I.M. Piave di Treviso;L24;26057;www.bimpiavetreviso.it;http://www.bimpiavetreviso.it;http://www.bimpiavetreviso.it;200;5
Consorzio Bacino Imbrifero Montano del Sarca Mincio Garda;L24;23014;---;https://www.bimsarca.tn.it;https://www.bimsarca.tn.it;200;5
Consorzio di Bacino Imbrifero Montano del Taloro;L24;91028;www.bimtaloro.it;http://www.bimtaloro.it;http://www.bimtaloro.it;200;5
Consorzio del Bacino Imbrifero Montano del Tagliamento Nelle Province di Udine e Pordenone;L24;30121;www.bimtagliamento.it;http://www.bimtagliamento.it;http://www.bimtagliamento.it;200;5
Consorzio Bacino Imbrifero Montano del Ticino in Provincia di Como;L24;13189;http://www.bimporlezza.it/;http://www.bimporlezza.it;http://www.bimporlezza.it;200;5
Consorzio Bacino Imbrifero Montano Torrente Enza;L24;34026;www.comune.palanzano.pr.it;http://www.comune.palanzano.pr.it;http://www.comune.palanzano.pr.it;200;5
Consorzio Bim Piave per La Provincia di Trento;L24;22245;assente;http://assente.it;http://assente.it;200;5
Consorzio Comuni del Bacino Imbrifero Montano dell'Adige della Provincia di Verona;L24;23091;www.bimadige.vr.it;http://www.bimadige.vr.it;http://www.bimadige.vr.it;200;5
Consorzio Comuni Bacino Imbrifero Montano San Dona' Di Piave;L24;27033;www.consorziobim.com;http://www.consorziobim.com.it;_NV_;['Errno -2'];20
Consorzio Comuni B.I.M. Brenta;L24;22022;www.bimbrenta.it;http://www.bimbrenta.it;http://www.bimbrenta.it;200;5
Consorzio Comuni B.I.M. Adige Trento;L24;22205;www.bimtrento.it;http://www.bimtrento.it;http://www.bimtrento.it;200;5
Consorzio Comuni Bacino Imbrifero Montano del Ticino;L24;12133;www.bimvarese.it;http://www.bimvarese.it;http://www.bimvarese.it;200;5
Consorzio Comuni del Bacino Imbrifero Montano dell'Adige della Provincia di Vicenza;L24;24037;www.bimadige.vi.it;http://www.bimadige.vi.it;http://www.bimadige.vi.it;200;5
Consorzio Comuni Bacino Imbrifero Montano di Valle Camonica;L24;17028;www.bimvallecamonica.bs.it;http://www.bimvallecamonica.bs.it;http://www.bimvallecamonica.bs.it;200;5
Consorzio Dei Comuni B.I.M. Sarca-mincio-garda;L24;22199;www.bimsarca.tn.it;http://www.bimsarca.tn.it;http://www.bimsarca.tn.it;200;5
Consorzio Dei Comuni del Bacino Imbrifero Montano del Piave dell'Alta Valcellina;L24;93014;bimpiave.regione.fvg.it;http://bimpiave.regione.fvg.it;http://bimpiave.regione.fvg.it;200;5
Consorzio Dei Comuni del Bacino Imbrifero Montano dell'Adda;L24;14061;www.bimadda.it;http://www.bimadda.it;http://www.bimadda.it;200;5
Consorzio Dei Comuni del Bacino Imbrifero Montano dell'Isonzo;L24;30116;http://www.consorziobim-isonzo.ud.it;http://www.consorziobim-isonzo.ud.it;http://www.consorziobim-isonzo.ud.it;200;5
Consorzio Dei Comuni della Valle D'Aosta Bacino Imbrifero Montano della Dora Baltea;L24;7003;www.bimvda.it;http://www.bimvda.it;http://www.bimvda.it;200;5
Consorzio dell'Oglio;L24;17029;www.oglioconsorzio.it;http://www.oglioconsorzio.it;http://www.oglioconsorzio.it;200;5
Consorzio dei Comuni del Bacino Imbrifero Montano del Piave  appartenenti  alla Provincia di Belluno;L24;25006;www.consorziobimpiave.bl.it;http://www.consorziobimpiave.bl.it;http://www.consorziobimpiave.bl.it;200;5
Consorzio Obbligatorio Comuni Reatini Bacino Imbrifero Montano Nera Velino;L24;57059;www.bimneve.it/;http://www.bimneve.it;http://www.bimneve.it;200;5
Consorzio Obbligatorio Fra I Comuni della Provincia di Treviso Facenti Parte del Bacino Imbrifero del Brenta;L24;26096;www.comune.pievedelgrappa.tv.it;http://www.comune.pievedelgrappa.tv.it;http://www.comune.pievedelgrappa.tv.it;200;5
Consorzio di Bacino Verona Due del Quadrilatero;L24;23096;www.consorziovr2.it;http://www.consorziovr2.it;http://www.consorziovr2.it;200;5
Consorzio BIM Flumendosa;L24;111081;www.comune.seui.og.it;http://www.comune.seui.og.it;https://www.comune.seui.og.it;200;5
Consorzio BIM Vomano Tordino di Teramo;L24;67041;www.bim-teramo.it;http://www.bim.teramo.it;_NV_;['Errno -2'];20
Consorzio del Ticino;L24;15146;www.ticinoconsorzio.it;http://www.ticinoconsorzio.it;http://www.ticinoconsorzio.it;200;5
Federazione Nazionale Dei Consorzi di Bacino;L24;58091;www.federbim.it;http://www.federbim.it;http://www.federbim.it;200;5
