Denominazione_ente;Codice_Categoria;Codice_comune_ISTAT;Sito_istituzionale;url;http_ok;codice_risposta;test_timeout
Consorzio Area Sviluppo Industriale di Caltagirone in Liquidazione;L42;87011;www.irsapsicilia.it;http://www.irsapsicilia.it;http://www.irsapsicilia.it;200;5
Consorzio ASI In Liquidazione di Catania;L42;87015;www.irsapsicilia.it/;http://www.irsapsicilia.it;http://www.irsapsicilia.it;200;5
Consorzio Asi  di Trapani in liquidazione;L42;81021;www.asitp.it;http://www.asitp.it;_NV_;['Errno -2'];5
Consorzio Asi in Liquidazione Gestione Separata Irsap Siracusa;L42;89017;www.consorzioasisr.it;http://www.consorzioasisr.it;_NV_;['Errno -2'];5
Consorzio per L'Area di Sviluppo Industriale di Lecce;L42;75035;www.asi-lecce.it;http://www.asi.lecce.it;_NV_;['Errno -2'];5
Consorzio Area Sviluppo Industriale Palermo;L42;82053;www.irsapsicilia.it/index.php?option=com_content&view=article&id=380&Itemid=684;http://www.irsapsicilia.it;http://www.irsapsicilia.it;200;5
Consorzio A.S.I. Ragusa in Liquidazione;L42;88009;https://asiragusaliquidazione.it;https://asiragusaliquidazione.it;https://asiragusaliquidazione.it;200;5
Consorzio per l'Area di Sviluppo Industriale di Brindisi;L42;74001;www.asi.br.it;http://www.asi.br.it;http://www.asi.br.it;200;5
Consorzio per Lo Sviluppo Industriale della Provincia di Rieti;L42;57059;www.consorzioindustriale.com;http://www.consorzioindustriale.com.it;_NV_;['Errno -2'];5
Consorzio per L'Area di Sviluppo Industriale di Gela in Liquidazione Gestione Separata Irsap;L42;85007;www.asigela.it;http://www.asigela.it;http://www.asigela.it;200;5
Consorzio per Lo Sviluppo Ind.Le Provincia di Matera;L42;77014;www.csi.matera.it;http://www.csi.matera.it;http://www.csi.matera.it;200;5
Consorzio Industriale Provinciale Carbonia Iglesias;L42;111057;www.sicip.it;http://www.sicip.it;http://www.sicip.it;200;5
