Denominazione_ente;Codice_Categoria;Codice_comune_ISTAT;Sito_istituzionale;url;http_ok;codice_risposta;test_timeout
Associazione Ambito Cuneese Ambiente;L36;4089;http://www.atorifiuticuneo.it/;http://www.atorifiuticuneo.it;http://www.atorifiuticuneo.it;200;5
Azienda Consortile Ecologica del Monregalese;L36;4066;www.consorzioacem.it;http://www.consorzioacem.it;http://www.consorzioacem.it;200;5
Asmenet Calabria Soc. Cons. Arl;L36;79160;www.asmenetcalabria.it;http://www.asmenetcalabria.it;http://www.asmenetcalabria.it;200;5
Asmel Consortile Soc. Cons. A R.L. - Centrale di Committenza;L36;12070;www.asmecomm.it;http://www.asmecomm.it;http://www.asmecomm.it;200;5
Azienda Consorziale Trasporti;L36;35033;www.actre.it;http://www.actre.it;http://www.actre.it;200;5
A.I.P.E.S. Associazione Intercomunale per Esercizio Sociale - Consorzio per I Servizi alla Persona;L36;60074;www.aipes.it;http://www.aipes.it;http://www.aipes.it;200;5
Agenzia della mobilita' Piemontese;L36;1272;www.mtm.torino.it;http://www.mtm.torino.it;http://www.mtm.torino.it;200;5
Ato 5 Marche Sud Ascoli Piceno;L36;44007;www.ato5marche.it;http://www.ato5marche.it;http://www.ato5marche.it;200;5
Azienda di Promozione Turistica della Provincia di Venezia;L36;27042;www.turismovenezia.it;http://www.turismovenezia.it;https://www.turismovenezia.it;503;5
Asmenet Soc. Cons. Arl;L36;63049;www.asmenet.it;http://www.asmenet.it;http://www.asmenet.it;200;5
Azienda Speciale Consortile per La Gestione Associata Delle Politiche Sociali Nei Comuni dell'Ambito Territoriale N. A1;L36;64005;www.pianosociale-a1.it;http://www.pianosociale.a1.it;_NV_;['Errno -2'];20
Agrorinasce S.C.R.L. - Agenzia per L'Innovazione, Lo Sviluppo e La Sicurezza del Territorio;L36;61074;www.agrorinasce.org;http://www.agrorinasce.org.it;_NV_;['Errno -2'];20
Consorzio Ausi - Consorzio per La Promozione Delle Attivita' Universitarie del Sulcis-iglesiente;L36;111035;www.consorzioausi.it;http://www.consorzioausi.it;http://www.consorzioausi.it;200;5
Consorzio Asmez;L36;63049;www.asmez.it;http://www.asmez.it;http://www.asmez.it;200;20
Consorzio Albese Braidese Servizi Rifiuti;L36;4003;www.coabser.it;http://www.coabser.it;http://www.coabser.it;200;5
Consorzio Ato Bacino Ta 3;L36;73012;www.comune.manduria.ta.it;http://www.comune.manduria.ta.it;http://www.comune.manduria.ta.it;200;5
C.A.DO.S.;L36;1219;www.cados.it;http://www.cados.it;http://www.cados.it;200;5
Consorzio Asso Mab Alto Molise;L36;94031;www.assomab.it;http://www.assomab.it;http://www.assomab.it;200;5
Consorzio per L'Assistenza Medico Psicopedagogica;L36;30023;www.campp.it;http://www.campp.it;http://www.campp.it;200;5
Consorzio Attivita' Produttive Aree e Servizi;L36;36023;www.capmodena.it;http://www.capmodena.it;http://www.capmodena.it;200;5
Consorzio dell'Acquedotto Sant'Angelo;L36;78023;trasparenzaconsorziosantangelo.asmenet.it/;http://trasparenzaconsorziosantangelo.asmenet.it;http://trasparenzaconsorziosantangelo.asmenet.it;200;5
Consorzio Acque di Scarico Pusteria;L36;21081;www.abwasserkonsortium-pustertal.bz.it/;http://www.abwasserkonsortium.pustertal.bz.it;_NV_;['Errno -2'];20
Consorzio Ato Sud Salento Bacino Le3;L36;75098;www.atolecce3rsu.it;http://www.atolecce3rsu.it;_NV_;['Errno -2'];20
Consorzio Ambito Terriroriale 3 Ausl Br1;L36;74008;www.ambitofrancavillafontana.it;http://www.ambitofrancavillafontana.it;http://www.ambitofrancavillafontana.it;200;5
Consorzio per L'Arginatura del Torrente Banna Bendola;L36;1166;consorziobannabendola.it;http://consorziobannabendola.it;http://consorziobannabendola.it;200;5
Consorzio Acquedotto Tre Sorgenti;L36;84011;acquedottotresorgenti.it;http://acquedottotresorgenti.it;http://acquedottotresorgenti.it;200;5
Consorzio Alessandrino di Bacino per La Raccolta e Il Trasporto Dei Rifiuti Solidi Urbani;L36;6003;www.consorziorsu.al.it;http://www.consorziorsu.al.it;http://www.consorziorsu.al.it;200;5
Consorzio Bassa Bresciana Centrale;L36;17013;www.cbbc.it;http://www.cbbc.it;http://www.cbbc.it;200;5
Consorzio del Bosco Montello;L36;26093;www.consorzioboscomontello.it;http://www.consorzioboscomontello.it;_NV_;['Errno -2'];20
Consorzio Comuni Bacino Sa2;L36;65116;www.consorziosa2.it;http://www.consorziosa2.it;http://www.consorziosa2.it;200;5
Consorzio Cimitero Cardito-crispano;L36;63030;www.consorziocimiterocarditocrispano.it;http://www.consorziocimiterocarditocrispano.it;http://www.consorziocimiterocarditocrispano.it;200;5
Consorzio Comprensoriale del Chietino per Lo Smaltimento Dei Rifiuti Solidi Urbani;L36;69030;WWW.CONSORZIOCHIETINORSU.IT;http://www.consorziochietinorsu.it;http://www.consorziochietinorsu.it;200;5
Consorzio Cimiteriale Dei Comuni di Cercola San Sebastiano al Vesuvio e Massa di Somma;L36;63026;www.consorziocimiteriale.it;http://www.consorziocimiteriale.it;http://www.consorziocimiteriale.it;200;5
Consorzio Costruzione e Gestione Impianti Sportivi;L36;13255;www.consorzioimpiantisportivicagno.it;http://www.consorzioimpiantisportivicagno.it;http://www.consorzioimpiantisportivicagno.it;200;5
Consorzio Chierese per I Servizi;L36;1078;www.ccs.to.it;http://www.ccs.to.it;http://www.ccs.to.it;200;5
Consorzio Culturale del Monfalconese;L36;31016;www.ccm.it;http://www.ccm.it;http://www.ccm.it;200;5
Consorzio Cimitero Ottaviano San Giuseppe Vesuviano;L36;63051;consorziocimiteroottavianosangiuseppevesuviano.it;http://consorziocimiteroottavianosangiuseppevesuviano.it;_NV_;['Errno -2'];20
Consorzio Casalese Rifiuti - Ccr;L36;6039;www.ccrifiuti.it;http://www.ccrifiuti.it;http://www.ccrifiuti.it;200;5
Consorzio Comprensoriale per Lo Smaltimento Rr.Ss.Uu. Area Piomba-fino;L36;67004;www.consorziopiombafino.com;http://www.consorziopiombafino.com.it;_NV_;['Errno -2'];20
Consorzio Casalasco Servizi Sociali;L36;19021;www.concass.it/concass/;http://www.concass.it;http://www.concass.it;200;5
Consorzio Calatino Terra di Accoglienza;L36;87027;www.consorziocaramineo.it;http://www.consorziocaramineo.it;http://www.consorziocaramineo.it;200;5
Consorzio Cimiteriale Tra I Comuni di Casoria Arzano Casavatore;L36;63005;www.cimiteroarzanocasavatorecasoria.gov.it;http://www.cimiteroarzanocasavatorecasoria.it;_NV_;['Errno -2'];20
Consorzio Cimiteriale Tra I Comuni di Mugnano di Napoli e Calvizzano;L36;63048;www.consorziocimiterialemugnanocalvizzano.it;http://www.consorziocimiterialemugnanocalvizzano.it;http://www.consorziocimiterialemugnanocalvizzano.it;200;5
Consorzio Case di Vacanze Dei Comuni Novaresi;L36;3106;www.casevacanze-comuninovaresi.it;http://www.casevacanze.comuninovaresi.it;_NV_;['Errno -2'];20
Consorzio Ca.Ve.Sa.;L36;78023;albocampana.asmenet.it/index.php?sez=22;http://albocampana.asmenet.it;http://albocampana.asmenet.it;200;5
Consorzio Dei Comuni del Cassinate per La Programmazione e Gestione Dei Servizi Sociali;L36;60052;www.consorzioservizisociali.fr.it;http://www.consorzioservizisociali.fr.it;http://www.consorzioservizisociali.fr.it;200;5
Consorzio dei Servizi Sociali ambito A/5 Regione Campania;L36;64006;servizisocialia5.it;http://servizisocialia5.it;http://servizisocialia5.it;200;5
Consorzio Dei Servizi Sociali Ambito A6 Vallo di Lauro Baianese;L36;64065;https://www.ambitoa6.it/;https://www.ambitoa6.it;https://www.ambitoa6.it;200;5
Consozio Ente Autodromo Pergusa;L36;86009;www.autodromopergusa.gov.it;http://www.autodromopergusa.it;http://www.autodromopergusa.it;200;5
Consorzio Etneo per La Legalita' e Lo Sviluppo;L36;87015;www.consorzioetneolegalitaesviluppo.gov.it;http://www.consorzioetneolegalitaesviluppo.it;_NV_;['Errno -2'];20
Consorzio Erbese Servizi alla Persona;L36;13095;www.consorzioerbese.it;http://www.consorzioerbese.it;http://www.consorzioerbese.it;200;5
Consorzio Ennese Universitario;L36;86009;www.consorzioenneseuniversitario.it;http://www.consorzioenneseuniversitario.it;http://www.consorzioenneseuniversitario.it;200;5
CFP TICINO MALPENSA;L36;12123;www.cfpticinomalpensa.it;http://www.cfpticinomalpensa.it;http://www.cfpticinomalpensa.it;200;5
Consorzio di Gestione dell'Area Marina Protetta Capo Gallo - Isola Delle Femmine;L36;82053;www.ampcapogallo-isola.org;http://www.ampcapogallo.isola.org.it;_NV_;['Errno -2'];20
Co.Ge.Ca Consorzio Gestione Canile;L36;5080;www.canilecogeca.it;http://www.canilecogeca.it;https://www.canilecogeca.it;200;5
Consorzio del Giardino della Flora Appenninica;L36;94006;www.giardinocapracotta.unimol.it;http://www.giardinocapracotta.unimol.it;http://www.giardinocapracotta.unimol.it;200;20
Consorzio Gestione Giardino Alpinia;L36;103064;www.consorzioalpinia.it;http://www.consorzioalpinia.it;http://www.consorzioalpinia.it;200;5
Consorzio Isola di Ariano per I Servizi Sociali;L36;29017;www.ciass.it;http://www.ciass.it;http://www.ciass.it;200;5
Consorzio Intercomunale Acquedotto Vina;L36;80057;www.acquedottovina.it;http://www.acquedottovina.it;http://www.acquedottovina.it;200;5
Consorzio per Il Bacino di Carenaggio della Spezia;L36;11015;www.consorziobacinocarenaggio.it;http://www.consorziobacinocarenaggio.it;http://www.consorziobacinocarenaggio.it;200;5
Consorzio Intercomunale Campania 25 Alto Casertano;L36;61057;www.consorziocampania25.it;http://www.consorziocampania25.it;http://www.consorziocampania25.it;200;5
Consorzio Intercomunale Delle Farmacie Laziali;L36;59009;www.coifal.it;http://www.coifal.it;http://www.coifal.it;200;5
Consorzio Ovest Solidale;L36;1219;www.consorziovestsolidale.it;http://www.consorziovestsolidale.it;http://www.consorziovestsolidale.it;200;5
Consorzio Intercomunale Dei Servizi Socio-assistenziali C.I.S.S. 38;L36;1098;www.ciss38.it;http://www.ciss38.it;http://www.ciss38.it;200;5
Consorzio Intercomunale Dei Servizi Socio Assistenziali Dei Comuni dell'Alessandrino;L36;6003;www.cissaca.it;http://www.cissaca.it;http://www.cissaca.it;200;5
Consorzio Intercomunale per la Gestione dei Servizi Socio - Assistenziali dell'Ovest Ticino;L36;3131;www.cisaovesticino.it;http://www.cisaovesticino.it;http://www.cisaovesticino.it;200;5
Consorzio Intercomunale per La Gestione Dei Servizi Socio Assistenziali;L36;3024;www.cissborgomanero.it;http://www.cissborgomanero.it;http://www.cissborgomanero.it;200;5
Consorzio Intercomunale del Montefeltro;L36;41030;www.consorziomontefeltro.it;http://www.consorziomontefeltro.it;_NV_;['Errno -2'];20
Consorzio Intercomunale del Novese dei Servizi alla Persona;L36;6114;www.cspnovi.it;http://www.cspnovi.it;http://www.cspnovi.it;200;5
Consorzio Intercomunale Servizi Socio Assistenziali C.I.S.A.S.;L36;3043;www.cisasservizi.it;http://www.cisasservizi.it;http://www.cisasservizi.it;200;5
Consorzio Intercomunale di Polizia Locale di Oleggio;L36;3108;www.polizialocaleoleggio.it;http://www.polizialocaleoleggio.it;_NV_;['Errno -2'];20
C.I.S.A.S. Consorzio Intercomunale per I Servizi di Assistenza Sociale;L36;2133;www.cisassanthia.it;http://www.cisassanthia.it;http://www.cisassanthia.it;200;5
Consorzio Intercomunale di Rio Marsiglia;L36;10016;www.riomarsiglia.org;http://www.riomarsiglia.org.it;_NV_;['Errno -2'];20
Consorzio Impegno Sociale;L36;13055;www.consorzioimpegnosociale.it;http://www.consorzioimpegnosociale.it;http://www.consorzioimpegnosociale.it;200;5
Consorzio Intercomunale Socio assistenziale VALLE DI SUSA - VAL SANGONE;L36;1270;www.conisa.it;http://www.conisa.it;http://www.conisa.it;200;5
Consorzio Intercomunale di  Servizi;L36;1171;www.cidis.org;http://www.cidis.org.it;_NV_;['Errno -2'];20
Consorzio Intercomunale di Salvaguardia Ambientale;L36;111077;www.cisaconsorzio.it;http://www.cisaconsorzio.it;http://www.cisaconsorzio.it;200;5
Consorzio Intercomunale Socio Assistenziale C.I.S.A di Gassino Torinese;L36;1112;www.cisa7.it;http://www.cisa7.it;http://www.cisa7.it;200;5
CISA 12 Consorzio intercomunale Socio Ass.;L36;1164;www.cisa12.it;http://www.cisa12.it;http://www.cisa12.it;200;5
Consorzio Intercomunale Socio Assistenziale 31 di Carmagnola;L36;1059;https://www.cisa31.it/it-it/home;https://www.cisa31.it;https://www.cisa31.it;200;5
Consorzio Intercomunale Socio Assistenziale C.I.S.A - Tortona;L36;6174;www.cisa-tortona.it;http://www.cisa.tortona.it;_NV_;['Errno -2'];20
Consorzio per L'Integrazione e L'Inclusione Sociale dell'Ambito Territoriale Sociale di Cisternino Fasano Ostuni;L36;74007;http://dgegovpa.it/Ciisaf/albo/albo.aspx;http://dgegovpa.it;http://dgegovpa.it;200;20
Consorzio Intercomunale Socio Assistenziale di Rivoli - Rosta - Villarbasse;L36;1219;www.cisarivoli.it;http://www.cisarivoli.it;http://www.cisarivoli.it;200;5
CIS Consorzio Intercomunale Dei Servizi Socio Assistenziali di Cirie;L36;1086;www.ciscirie.it;http://www.ciscirie.it;http://www.ciscirie.it;200;5
Consorzio Idraulico Sabino;L36;58075;www.acquasabina.it;http://www.acquasabina.it;_NV_;['Errno -2'];20
Consorzio Intercomunale Smaltimento Rifiuti in Liquidazione;L36;12123;www.cisrvergiatesomma.it;http://www.cisrvergiatesomma.it;_NV_;['Errno -2'];20
Consorzio Intercomunale Servizi Socio Assistenziali - Zona Cusio;L36;103050;www.cisscusio.it;http://www.cisscusio.it;http://www.cisscusio.it;200;5
Consorzio Intercomunale Servizi Socio Assistenziali IRIS di Biella;L36;96004;www.consorzioiris.net;http://www.consorzioiris.net.it;_NV_;['Errno -2'];20
Consorzio Intercomunale Servizi Socio Assistenziali di Pianezza;L36;1189;www.cissa.it;http://www.cissa.it;http://www.cissa.it;200;5
Consorzio Intercomunale dei Servizi Socio Assistenziali del Biellese Orientale;L36;96020;www.cissabo.org;http://www.cissabo.org.it;_NV_;['Errno -2'];20
Consorzio per I Servizi Sociali del Distretto di Pavia;L36;18110;www.comune.pv.it;http://www.comune.pv.it;_NV_;['Errno -3'];20
Consorzio Intercomunale Servizi Sociali CISS Pinerolo;L36;1191;www.cisspinerolo.it;http://www.cisspinerolo.it;http://www.cisspinerolo.it;200;5
Consorzio per I Servizi Territoriali del Noce - Stn Val di Sole;L36;22110;www.stnvaldisole.it;http://www.stnvaldisole.it;http://www.stnvaldisole.it;200;5
Consorzio Intercomunale Trasporti Isola Salina;L36;83043;www.trasportisalina.it;http://www.trasportisalina.it;http://www.trasportisalina.it;200;5
Consorzio Idrico Terra di Lavoro;L36;61022;www.citl.it;http://www.citl.it;http://www.citl.it;200;5
Consorzio Intercomunale Tindari Nebrodi;L36;83066;www.consorziotindarinebrodi.me.it;http://www.consorziotindarinebrodi.me.it;https://www.consorziotindarinebrodi.me.it;200;5
Consorzio Intercomunale Valle Bisirico;L36;78139;www.consorziointercomunalevallebisirico.it;http://www.consorziointercomunalevallebisirico.it;http://www.consorziointercomunalevallebisirico.it;200;5
Consorzio Intercomunale Valle dell'Halaesa;L36;83101;www.consorziovallealesa.it;http://www.consorziovallealesa.it;http://www.consorziovallealesa.it;200;5
Consorzio per Il Welfare Integrato Ambito A02;L36;64049;www.serviziessenziali.it;http://www.serviziessenziali.it;http://www.serviziessenziali.it;200;5
Consorzio Locride Ambiente;L36;80047;www.consorziolocrideambiente.it;http://www.consorziolocrideambiente.it;_NV_;['Errno -2'];20
Consorzio Lago di Bracciano;L36;58091;www.consorziolagodibraciano.it;http://www.consorziolagodibraciano.it;_NV_;['Errno -2'];20
Consorzio per La Depurazione Dei Liquami Tra I Comuni di Giarre Riposto Mascali Fiumefreddo di Sicilia Sant'Alfio;L36;87023;http://consorzioservizidepurazioneliquami.it/;http://consorzioservizidepurazioneliquami.it;http://consorzioservizidepurazioneliquami.it;200;5
Consorzio per La Formazione Professionale e per L'Educazione Permanente;L36;98010;www.cfpcons.lodi.it;http://www.cfpcons.lodi.it;http://www.cfpcons.lodi.it;200;5
Consorzio per La Gestione Delle Biblioteche Comunale Degli Ardenti e Provinciale A. Anselmi di Viterbo;L36;56059;www.bibliotecaviterbo.it;http://www.bibliotecaviterbo.it;http://www.bibliotecaviterbo.it;200;5
Consorzio per La Gestione Economica della Scuola Media dell'Obbligo Fra I Comuni di Lesmo Camparada Correzzana;L36;108026;www.comune.lesmo.mb.it;http://www.comune.lesmo.mb.it;http://www.comune.lesmo.mb.it;200;5
Consorzio per l'Igiene dell'Ambiente e del Territorio;L36;24116;www.consorziociat.it/;http://www.consorziociat.it;http://www.consorziociat.it;200;5
Consorzio per L'Integrazione e L'Inclusione Sociale dell'Ambito di Maglie;L36;75039;www.ambitosocialemaglie.gov.it;http://www.ambitosocialemaglie.it;http://www.ambitosocialemaglie.it;200;5
Consorzio per L'Istituto Musicale Gaspare Spontini;L36;44007;www.istitutospontini.it/;http://www.istitutospontini.it;https://www.istitutospontini.it;200;5
Consorzio per La Metanizzazione del Bacino N. 7;L36;90033;www.comune.ittiri.ss.it;http://www.comune.ittiri.ss.it;http://www.comune.ittiri.ss.it;200;5
Consorzio per La Ricerca e L'Educazione Permanente Torino;L36;1272;www.corep.it;http://www.corep.it;http://www.corep.it;200;5
Consorzio per La Realizzazione del Sistema Integrato di Welfare Ambito di Poggiardo;L36;75061;www.consorziosocialepoggiardo.it;http://www.consorziosocialepoggiardo.it;http://www.consorziosocialepoggiardo.it;200;5
Consorzio per Lo Smaltimento Dei Rsu Ente di Bacino Padova 2;L36;28086;www.novambiente.it;http://www.novambiente.it;http://www.novambiente.it;200;5
Consorzio per La Scuola Mosaicisti del Friuli;L36;93044;www.scuolamosaicistifriuli.it;http://www.scuolamosaicistifriuli.it;http://www.scuolamosaicistifriuli.it;200;5
Consorzio per Lo Sviluppo del Polesine;L36;29041;www.consvipo.it;http://www.consvipo.it;http://www.consvipo.it;200;5
Consorzio per lo Sviluppo del Polo Universitario di Gorizia;L36;31007;www.consunigo.it;http://www.consunigo.it;http://www.consunigo.it;200;5
Consorzio-azienda Lasa Sluderno;L36;21094;www.kbls.it;http://www.kbls.it;http://www.kbls.it;200;5
Consorzio per la Tutela e la Salvaguardia delle Persone e dell'Ambiente;L36;56052;www.comune.tuscania.vt.it/Consorzio%20TSPA%20-%20Amministrazione%20trasparente.php;http://www.comune.tuscania.vt.it;http://www.comune.tuscania.vt.it;200;20
Consorzio per La Valorizzazione e Conservazione Delle Grotte di Pastena e Collepardo;L36;60047;www.grottepastenacollepardo.it;http://www.grottepastenacollepardo.it;http://www.grottepastenacollepardo.it;200;5
Consorzio Gestione Rifiuti Medio Novarese;L36;3024;www.consorziomedionovarese.it;http://www.consorziomedionovarese.it;http://www.consorziomedionovarese.it;200;5
Consorzio Polizia Municipale Padova Ovest;L36;28086;www.consorzio-polizia-municipale-padova-ovest.it;http://www.consorzio.polizia.municipale.padova.ovest.it;_NV_;['Errno -2'];20
Consorzio Intercomunale Vallesina Misa;L36;42021;www.cir33.it;http://www.cir33.it;http://www.cir33.it;200;5
Consorzio Polizia Locale Nordest Vicentino;L36;24105;www.polizialocalenevi.it;http://www.polizialocalenevi.it;http://www.polizialocalenevi.it;200;5
Consorzio Servizi Rifiuti del Novese - Tortonese - Acquese e Ovadese;L36;6114;www.csrifiuti-noviligure.it;http://www.csrifiuti.noviligure.it;_NV_;['Errno -2'];20
Consorzio SIR - Umbria;L36;54039;www.sir.umbria.it;http://www.sir.umbria.it;_NV_;ConnectTimeout;20
Consorzio Scuola Umbra di Amministrazione Pubblica;L36;54039;www.villaumbra.gov.it;http://www.villaumbra.it;http://www.villaumbra.it;200;5
Consorzio Universitario Piceno;L36;44007;www.cup.ap.it;http://www.cup.ap.it;http://www.cup.ap.it;200;5
Consorzio Obbligatorio Comuni del Vercellese e della Valsesia per La Gestione Dei Rifiuti Urbani della Provincia di Vercelli;L36;2158;www.covevar.it;http://www.covevar.it;http://www.covevar.it;200;5
Consorzio Isontino Servizi Integrati;L36;31008;www.cisi-gorizia.it;http://www.cisi.gorizia.it;_NV_;['Errno -2'];20
Consorzio Oltrepo' Mantovano;L36;20072;www.oltrepomantovano.eu;http://www.oltrepomantovano.eu.it;_NV_;['Errno -2'];20
Consenergiagreen;L36;54037;www.consenergiagreen.it;http://www.consenergiagreen.it;_NV_;['Errno -2'];20
Azienda Speciale Consortile Oglio Po;L36;20066;www.consociale.it;http://www.consociale.it;http://www.consociale.it;200;5
Consorzio Obbligatorio per Lo Smaltimento Dei Rifiuti Solidi Urbani- Bacino Padova Tre;L36;28037;www.bacinopd3.it;http://www.bacinopd3.it;_NV_;ConnectTimeout;20
Consorzio Parco Alto Milanese;L36;12026;www.parcoaltomilanese.it;http://www.parcoaltomilanese.it;http://www.parcoaltomilanese.it;200;5
Consorzio del Parco Grazia Deledda;L36;91051;www.comune.nuoro.it;http://www.comune.nuoro.it;http://www.comune.nuoro.it;200;5
Consorzio Polizia Locale Valle Agno;L36;24111;www.plva.it/;http://www.plva.it;http://www.plva.it;200;5
CONSORZIO DI POLIZIA LOCALE ALTO VICENTINO;L36;24100;polizia.altovicentino.it/;http://polizia.altovicentino.it;http://polizia.altovicentino.it;200;5
Consorzio di Polizia Locale Alta Brianza in Liquidazione;L36;13170;www.XXXX.it;http://www.xxxx.it;http://www.xxxx.it;200;5
Consorzio Polizia Locale Isola B.sca;L36;16131;www.polizialocaleisolabg.it;http://www.polizialocaleisolabg.it;http://www.polizialocaleisolabg.it;200;5
Consorzio Parco Lago Segrino;L36;13042;www.parcolagosegrino.it;http://www.parcolagosegrino.it;http://www.parcolagosegrino.it;200;5
Consorzio per La Pubblica Lettura S.Satta;L36;91051;www.bibliotecasatta.it;http://www.bibliotecasatta.it;http://www.bibliotecasatta.it;200;5
Consorzio Progetto Solidarieta';L36;20057;www.consorzioprogettosolidarieta.it;http://www.consorzioprogettosolidarieta.it;http://www.consorzioprogettosolidarieta.it;200;5
Consorzio Padova Sud;L36;28037;www.padovasud.it;http://www.padovasud.it;http://www.padovasud.it;200;5
Consorzio Promozione Studi Universitari;L36;91051;www.uninuoro.it;http://www.uninuoro.it;http://www.uninuoro.it;200;5
Consorzio di Ricerche Applicate alla Biotecnologie;L36;66006;www.crabavezzano.it;http://www.crabavezzano.it;_NV_;['Errno -2'];20
Consorzio Regno di Nettuno;L36;63031;www.nettunoamp.org;http://www.nettunoamp.org.it;_NV_;['Errno -2'];20
Consorzio Sistema Castelli Romani - Servizi bibliotecari, culturali e turistici;L36;58043;www.consorziosbcr.net;http://www.consorziosbcr.net.it;_NV_;['Errno -2'];20
Consorzio Sviluppo Basso Veronese di Nogara;L36;23053;www.csbv.it;http://www.csbv.it;http://www.csbv.it;200;5
Consorzio Servizi Ecologia ed Ambiente;L36;4203;www.consorziosea.it;http://www.consorziosea.it;http://www.consorziosea.it;200;5
Consorzio per il sistema informativo CSI-Piemonte;L36;1272;www.csipiemonte.it;http://www.csipiemonte.it;http://www.csipiemonte.it;200;5
Consorzio S.O.L.E.;L36;63049;www.cittametropolitana.na.it/home-consorzio-sole;http://www.cittametropolitana.na.it;https://www.cittametropolitana.na.it;200;5
Consorzio Servizi Sociali;L36;6121;www.cssovadese.it;http://www.cssovadese.it;http://www.cssovadese.it;200;5
Consorzio dei Servizi Sociali Alta Irpinia;L36;64044;www.consorzioaltairpinia.it;http://www.consorzioaltairpinia.it;http://www.consorzioaltairpinia.it;200;5
Consorzio Servizi Socio Assistenziali C.I.S.A. 24;L36;3018;www.cisa24.com;http://www.cisa24.com.it;_NV_;['Errno -2'];20
Consorzio Servizi Sociali In.Re.Te;L36;1125;www.inrete.to.it;http://www.inrete.to.it;http://www.inrete.to.it;200;5
Consorzio Societa della Salute Pisana;L36;50026;www.sds.zonapisana.it;http://www.sds.zonapisana.it;http://www.sds.zonapisana.it;200;5
Consorzio Servizi Sociali del Pollino Co.Ss.Po;L36;78033;www.cosspo.it;http://www.cosspo.it;http://www.cosspo.it;200;5
Consorzio Servizi Sociali e Socio-sanitari dell'Ambito Territoriale C08;L36;61083;https://ambitoterritorialec8.it/it-it/home;https://ambitoterritorialec8.it;https://ambitoterritorialec8.it;200;5
Consorzio dei Servizi Sociali del Verbano;L36;103072;www.cssv.it;http://www.cssv.it;http://www.cssv.it;200;5
Consorzio Servizi Val Cavallina;L36;16218;www.consorzioservizi.valcavallina.bg.it;http://www.consorzioservizi.valcavallina.bg.it;http://www.consorzioservizi.valcavallina.bg.it;200;5
Consorzio Terrecablate;L36;52016;www.consorzioterrecablate.it;http://www.consorzioterrecablate.it;https://www.consorzioterrecablate.it;200;5
Consorzio Termale Antonimina Locri;L36;80004;www.acquesante.it;http://www.acquesante.it;http://www.acquesante.it;200;5
Consorzio Tra Comuni per La Gestione del Servizio Idrico Integrato nel Crotonese;L36;101010;www.congesi.it;http://www.congesi.it;http://www.congesi.it;200;5
Co.Tu.Ge. Consorzio Turistico del Comprensorio Dei Monti Gemelli;L36;44007;www.montepiselli.it;http://www.montepiselli.it;http://www.montepiselli.it;200;5
C.T.L. 3 Consorzio per Il Tempo Libero;L36;108016;www.ctl3.org;http://www.ctl3.org.it;_NV_;['Errno -2'];20
Consorzio Turistico Sa Perda 'E Iddocca;L36;95082;www.iddocca.it;http://www.iddocca.it;http://www.iddocca.it;200;5
Consorzio Universitario Archimede;L36;89017;www.consorziouniversitarioarchimede.it;http://www.consorziouniversitarioarchimede.it;http://www.consorziouniversitarioarchimede.it;200;5
Consorzio Universitario Interprovinciale Salentino;L36;75035;www.cuislecce.it;http://www.cuislecce.it;http://www.cuislecce.it;200;5
Consorzio Universitario Mediterraneo Orientale;L36;89013;www.cumo.it;http://www.cumo.it;http://www.cumo.it;200;5
Consorzio Universitario della Provincia di Palermo;L36;82053;www.consunipa.it;http://www.consunipa.it;http://www.consunipa.it;200;5
Consorzio Universitario della Provincia di Ragusa;L36;88009;www.unirg.it;http://www.unirg.it;http://www.unirg.it;200;5
Consorzio Universita' Rovigo;L36;29041;www.universitarovigo.com;http://www.universitarovigo.com.it;_NV_;['Errno -2'];20
Consorzio di Vigilanza Boschiva Tra I Comuni di Panchia' Predazzo e Ziano;L36;22147;www.comune.predazzo.tn.it;http://www.comune.predazzo.tn.it;http://www.comune.predazzo.tn.it;200;5
Consorzio Volontario Comuni Alto Salento Tra I Comuni di Carovigno San Vito Dei Normanni San Michele Salentino Villa Castelli;L36;74002;www.nomedominio.com;http://www.nomedominio.com.it;_NV_;['Errno -2'];20
Consorzio Val D'Illasi Servizi;L36;23039;www.covise.it;http://www.covise.it;_NV_;['Errno -2'];20
CONSORZIO DI AREA VASTA COVAR14;L36;1058;www.covar14.it;http://www.covar14.it;http://www.covar14.it;200;20
Consorzio Volontario Tra Comuni per La Realizzazione di Una Struttura Polifunzionale per Non Autosufficienti;L36;26040;www.bredacarboneramaserada.it;http://www.bredacarboneramaserada.it;http://www.bredacarboneramaserada.it;200;5
Ex Apofil;L36;76063;apofil;http://apofil.it;http://apofil.it;200;5
Istituto di Alta Formazione Artistica e Musicale;L36;87015;www.istitutobellini.it;http://www.istitutobellini.it;http://www.istitutobellini.it;200;20
Istituto per La Storia della Resistenza e della Societa Contemporanea in Provincia di Alessandria Carlo Gilardenghi;L36;6003;www.isral.it;http://www.isral.it;http://www.isral.it;200;5
Istituto per La Storia della Resistenza e della Societa' Contemporanea in Provincia di Asti;L36;5005;www.israt.it;http://www.israt.it;http://www.israt.it;200;5
Istituto Storico della Resistenza e della Societa Contemporanea nel Novarese e nel Verbano Cusio Ossola;L36;3106;www.isrn.it;http://www.isrn.it;http://www.isrn.it;200;5
Istituto Storico della Resistenza e della Societa' Contemporanea in Provincia di Cuneo;L36;4078;www.istitutoresistenzacuneo.it/;http://www.istitutoresistenzacuneo.it;http://www.istitutoresistenzacuneo.it;200;5
Societa' della Salute della Valdinievole;L36;47012;www.sdsvaldinievole.it;http://www.sdsvaldinievole.it;http://www.sdsvaldinievole.it;200;5
Societa' della Salute Zona Fiorentina Nord Ovest;L36;48043;www.sds-nordovest.fi.it;http://www.sds.nordovest.fi.it;_NV_;['Errno -2'];20
S.R.R. Catania Area Metropolitana;L36;87015;www.srrcataniametropolitana.it;http://www.srrcataniametropolitana.it;http://www.srrcataniametropolitana.it;200;5
Societa' della Salute Area Pratese;L36;100005;www.sds.prato.it/;http://www.sds.prato.it;http://www.sds.prato.it;200;5
Societa' della Salute dell'Area Socio Sanitaria Versilia;L36;46005;www.sdsversilia.it;http://www.sdsversilia.it;_NV_;['Errno -2'];20
Societa' della Salute di Empoli;L36;48014;www.sdsempoli.gov.it;http://www.sdsempoli.it;_NV_;['Errno -2'];20
Societa' della Salute di Firenze;L36;48017;www.sds.firenze.it;http://www.sds.firenze.it;http://www.sds.firenze.it;200;5
Societa' della Salute Lunigiana;L36;45001;www.sdslunigiana.it;http://www.sdslunigiana.it;http://www.sdslunigiana.it;200;5
Societa' della Salute del Mugello;L36;48004;www.sdsmugello.it;http://www.sdsmugello.it;http://www.sdsmugello.it;200;5
Societa' della Salute Pistoiese;L36;47014;www.sdspistoiese.it;http://www.sdspistoiese.it;http://www.sdspistoiese.it;200;5
Societa' della Salute Empolese Valdarno Valdelsa;L36;48014;www.sdsempolesevaldarnovaldelsa.it;http://www.sdsempolesevaldarnovaldelsa.it;http://www.sdsempolesevaldarnovaldelsa.it;200;5
Consorzio per la gestione degli interventi e dei servizi sociali del distretto socio-sanitario RM 6.4 Pomezia-Ardea;L36;58079;https://www.comune.pomezia.rm.it/consorzio;https://www.comune.pomezia.rm.it;https://www.comune.pomezia.rm.it;200;20
Tirreno Ecosviluppo 2000 Societa' Consortile a R.L.;L36;83104;www.tirrenoecosviluppo.net;http://www.tirrenoecosviluppo.net.it;_NV_;['Errno -2'];20
CONSORZIO PER LA REALIZZAZIONE DEL SISTEMA INTEGRATO DI WELFARE ATS BR 4;L36;74010;www.ambitomesagne.it;http://www.ambitomesagne.it;http://www.ambitomesagne.it;200;5
Consorzio UN.I.VER.;L36;2158;www.consorziouniver.it;http://www.consorziouniver.it;http://www.consorziouniver.it;200;5
