Denominazione_ente;Codice_Categoria;Codice_comune_ISTAT;Sito_istituzionale;url;http_ok;codice_risposta;test_timeout
Consorzio C.A.R.S.O.;L28;72048;www.carsoconsortium.it;http://www.carsoconsortium.it;http://www.carsoconsortium.it;200;5
CNISM - Consorzio Nazionale Interuniversitario per Le Scienze Fisiche della Materia;L28;58091;www.cnism.it;http://www.cnism.it;http://www.cnism.it;200;5
Centro per Lo Studio della Patologia Spontanea Degli Organismi Marini;L28;83048;www.acquariomessina.it;http://www.acquariomessina.it;http://www.acquariomessina.it;200;5
Consorzio Interuniversitario per L'Alta Formazione in Matematica;L28;48043;www.ciafm.it;http://www.ciafm.it;http://www.ciafm.it;200;5
Consorzio Internazionale di Astrofisica Relativistica I.C.R.A.;L28;58091;www.icra.it;http://www.icra.it;http://www.icra.it;200;5
Consorzio Interuniversitario per Le Biotecnologie;L28;32006;www.cibiotech.it;http://www.cibiotech.it;http://www.cibiotech.it;200;5
Consorzio Interuniversitario Civilta' del Mediterraneo;L28;63049;www.filosofia.unina.it/civilta-del-mediterraneo;http://www.filosofia.unina.it;https://www.filosofia.unina.it;200;5
Consorzio Interuniversitario For.Com.;L28;58091;www.forcom.it;http://www.forcom.it;http://www.forcom.it;200;5
Consorzio Interuniversitario Gerard Boulvert;L28;63049;www.consorzioboulvert.unina.it;http://www.consorzioboulvert.unina.it;http://www.consorzioboulvert.unina.it;200;5
Consorzio Interuniversitario Istituto Nazionale Biostrutture e Biosistemi I.N.B.B.;L28;58091;www.inbb.it;http://www.inbb.it;http://www.inbb.it;200;5
Consorzio Interuniversitario per l' Idrologia;L28;76063;cinid.wordpress.com;http://cinid.wordpress.com.it;_NV_;['Errno -2'];20
Consorzio Interuniversitario per L'Ottimizzazione e La Ricerca Operativa;L28;37006;www.icoor.it;http://www.icoor.it;http://www.icoor.it;200;5
Consorzio Interuniversitario per Lo Sviluppo Dei Sistemi a Grande Interfase Csgi;L28;48043;www.csgi.unifi.it;http://www.csgi.unifi.it;http://www.csgi.unifi.it;200;20
Consorzio Interuniversitario Macchine Impianti e Sistemi per L Energia L Industria e L Ambiente;L28;54039;www.consorziocimis.org;http://www.consorziocimis.org.it;_NV_;['Errno -2'];20
CONSORZIO INTERUNIVERSITARIO NAZ. PER LA REATTIVITA' CHIMICA E LA CATALISI;L28;50026;www.circc.uniba.it;http://www.circc.uniba.it;_NV_;ConnectTimeout;20
Consorzio Interuniversitario Nazionale per Energia e Sistemi Elettrici;L28;60019;www.consorzioensiel.it;http://www.consorzioensiel.it;http://www.consorzioensiel.it;200;5
Consorzio Interuniversitario Nazionale per L'Ingegneria Delle Georisorse;L28;58091;www.cinigeo.it;http://www.cinigeo.it;http://www.cinigeo.it;200;5
Consorzio Interuniversitario Nazionale per L'Informatica;L28;58091;www.consorzio-cini.it;http://www.consorzio.cini.it;_NV_;['Errno -2'];20
Consorzio Interuniversitario Nazionale per La Bio-oncologia (cinbo);L28;69022;www.cinbo.org;http://www.cinbo.org.it;_NV_;['Errno -2'];20
CINFAI - Consorzio Nazionale Interuniversitario Per la Fisica delle Atmosfere e delle Idrosfere;L28;43053;http://www.cinfai.it/;http://www.cinfai.it;http://www.cinfai.it;200;5
Consorzio Interuniversitario Nazionale per La Scienza e Tecnologia Dei Materiali Instm;L28;48017;www.instm.it;http://www.instm.it;http://www.instm.it;200;5
Consorzio Interuniversitario Nazionale Metodologie e Processi Innovativi di Sintesi;L28;72006;www.cinmpis.uniba.it;http://www.cinmpis.uniba.it;_NV_;['Errno -2'];20
Consorzio Interuniversitario Nazionale di Tecnologie Farmaceutiche Innovative - Tefarco Innova;L28;34027;www.tefarco.it;http://www.tefarco.it;http://www.tefarco.it;200;5
Consorzio Interuniversitario di Ricerca in Chimica Dei Metalli Nei Sistemi Biologici;L28;72006;www.circmsb.uniba.it;http://www.circmsb.uniba.it;_NV_;ConnectTimeout;20
Consorzio Interuniversitario Risonanze Magnetiche di Metallo Proteine;L28;48017;https://www.cerm.unifi.it/about-us/cirmmp;https://www.cerm.unifi.it;http://www.cerm.unifi.it;200;5
Consorzio Interuniversitario Regionale Pugliese;L28;72006;www.cirp.it;http://www.cirp.it;http://www.cirp.it;200;5
Consorzio Interuniversitario Ricerca Tecnologica Nucleare;L28;15146;www.cirten.it;http://www.cirten.it;http://www.cirten.it;200;5
Consorzio Interuniversitario Scienze Fisiche Applicate;L28;83048;www.cisfa.net;http://www.cisfa.net.it;_NV_;['Errno -2'];20
Consorzio Nazionale Interuniversitario per La Nanoelettronica Iu.Net;L28;37006;www.iunet.info;http://www.iunet.info.it;_NV_;['Errno -2'];20
CNIT - Consorzio Nazionale Interuniversitario per le Telecomunicazioni;L28;34027;www.cnit.it;http://www.cnit.it;https://www.cnit.it;200;5
Consorzio Nazionale Interuniversitario per i Trasporti e la Logistica;L28;58091;www.nitel.it;http://www.nitel.it;http://www.nitel.it;200;5
Consorzio Nazionale Interuniversitario per Le Scienze del Mare;L28;58091;www.conisma.it;http://www.conisma.it;http://www.conisma.it;200;5
Consorzio Interuniversitario Denominato Centro Universitario per La Previsione e Prevenzione Grandi Rischi;L28;65052;www.cugri.it;http://www.cugri.it;http://www.cugri.it;200;5
Consorzio Universitario per La Ricerca Socioeconomica e per L Ambiente;L28;58091;www.cursa.it/;http://www.cursa.it;http://www.cursa.it;200;5
Istituto Nazionale di Studi Su Agribusiness e Sostenibilita;L28;48017;www.inas.unifi.it;http://www.inas.unifi.it;http://www.inas.unifi.it;200;5
Istituto Nazionale per Le Ricerche Cardiovascolari;L28;37006;www.inrc.it;http://www.inrc.it;http://www.inrc.it;200;5
Istituto Nazionale di Neuroscienze;L28;1272;www.ist-nazionale-neuroscienze.unito.it;http://www.ist.nazionale.neuroscienze.unito.it;_NV_;['Errno -2'];20
Istituto Superiore di Oncologia;L28;10025;www.consorzioiso.it;http://www.consorzioiso.it;_NV_;['Errno -2'];20
Consorzio Rete Laboratori Universitari Ingegneria Sismica;L28;63049;www.reluis.it;http://www.reluis.it;http://www.reluis.it;200;5
