Denominazione_ente;Codice_Categoria;Codice_comune_ISTAT;Sito_istituzionale;url;http_ok;codice_risposta;test_timeout
Cassa Italiana di Previdenza Ed Assistenza Dei Geometri Liberi Professionisti;C17;58091;www.cassageometri.it;http://www.cassageometri.it;https://www.cassageometri.it;200;5
Cassa Nazionale del Notariato;C17;58091;www.cassanotariato.it;http://www.cassanotariato.it;http://www.cassanotariato.it;200;5
Cassa Nazionale di Previdenza e Assistenza a favore Dei Dottori Commercialisti;C17;58091;www.cnpadc.it;http://www.cnpadc.it;http://www.cnpadc.it;200;5
Cassa Nazionale di Previdenza e Assistenza Forense;C17;58091;www.cassaforense.it;http://www.cassaforense.it;http://www.cassaforense.it;200;5
Associazione Cassa Nazionale di Previdenza ed Assistenza a favore dei Ragionieri e Periti Commerciali;C17;58091;www.cassaragionieri.it;http://www.cassaragionieri.it;http://www.cassaragionieri.it;200;5
Ente Nazionale di Previdenza e Assistenza a Favore Dei Biologi;C17;58091;www.enpab.it;http://www.enpab.it;http://www.enpab.it;200;5
Ente Nazionale Previdenza e Assistenza Farmacisti;C17;58091;www.enpaf.it;http://www.enpaf.it;http://www.enpaf.it;200;5
Ente Nazionale di Previdenza e Assistenza per I Consulenti del Lavoro;C17;58091;www.enpacl.it;http://www.enpacl.it;http://www.enpacl.it;200;5
Ente Nazionale di Previdenza per gli Addetti e per gli Impiegati in Agricoltura - ENPAIA;C17;58091;www.enpaia.it;http://www.enpaia.it;http://www.enpaia.it;200;5
Ente Nazionale di Previdenza e Assistenza della Professione Infermieristica - ENPAPI;C17;58091;www.enpapi.it;http://www.enpapi.it;http://www.enpapi.it;200;5
Ente Nazionale Previdenza Ed Assistenza Veterinari;C17;58091;www.enpav.it;http://www.enpav.it;http://www.enpav.it;200;5
E.P.A.P. - Ente di Previdenza e Assistenza Pluricategoriale;C17;58091;www.epap.it;http://www.epap.it;http://www.epap.it;200;5
Ente di Previdenza Dei Periti Industriali e Periti Industriali Laureati;C17;58091;www.eppi.it;http://www.eppi.it;http://www.eppi.it;200;5
Fondazione Enasarco;C17;58091;www.enasarco.it;http://www.enasarco.it;_NV_;['Errno -3'];5
Fondazione E.N.P.A.M. - Ente Nazionale di Previdenza Ed Assistenza Dei Medici e Degli Odontoiatri;C17;58091;www.enpam.it;http://www.enpam.it;http://www.enpam.it;200;5
Fondazione Ente Nazionale di Previdenza Ed Assistenza per gli Psicologi;C17;58091;www.enpap.it;http://www.enpap.it;_NV_;['Errno -3'];5
Fondo Nazionale di Previdenza per I Lavoratori di Spedizione Corrieri e Delle Agenzie Marittime Racc. e Mediatori Maritt.;C17;15146;www.fasc.it;http://www.fasc.it;_NV_;['Errno -3'];5
Fondazione Opera Nazionale Assistenza Orfani Sanitari Italiani;C17;54039;www.onaosi.it;http://www.onaosi.it;http://www.onaosi.it;200;5
INARCASSA CASSA NAZIONALE PREVIDENZA ASSISTENZA INGG. ARCH. LIBERI PROFESSIONISTI;C17;58091;www.inarcassa.it;http://www.inarcassa.it;http://www.inarcassa.it;200;5
Istituto Nazionale di Previdenza Dei Giornalisti Italiani;C17;58091;www.inpgi.it;http://www.inpgi.it;http://www.inpgi.it;200;5
