Denominazione_ente;Codice_Categoria;Codice_comune_ISTAT;Sito_istituzionale;url;http_ok;codice_risposta;test_timeout
Accademia della Crusca;C7;48017;www.accademiadellacrusca.it;http://www.accademiadellacrusca.it;http://www.accademiadellacrusca.it;200;5
Albaservizi Azienda Speciale;C7;58003;www.albaservizi.it;http://www.albaservizi.it;http://www.albaservizi.it;200;5
Agenzia Nazionale per I Giovani;C7;58091;www.agenziagiovani.it;http://www.agenziagiovani.it;http://www.agenziagiovani.it;200;5
AGENZIA REGIONALE UNIVERSIADI PER LO SPORT;C7;63049;agenzia.universiadi.regione.campania.it/index.php/it/agenzia;http://agenzia.universiadi.regione.campania.it;http://agenzia.universiadi.regione.campania.it;200;5
AZIENDA ISOLA;C7;16213;www.aziendaisola.it;http://www.aziendaisola.it;http://www.aziendaisola.it;200;5
Azienda Speciale Retesalute;C7;97048;www.retesalute.net;http://www.retesalute.net.it;_NV_;['Errno -2'];5
Azienda Speciale Servizi Cultura Turismo e Spettacolo Teatri di Civitanova;C7;43013;www.tdic.it;http://www.tdic.it;http://www.tdic.it;200;5
Azienda Speciale Servizi Infanzia e Famiglia G.B. Chimelli;C7;22139;www.asifchimelli.eu;http://www.asifchimelli.eu.it;_NV_;['Errno -2'];5
Biblioteca Fardelliana;C7;81021;www.bibliotecafardelliana.it;http://www.bibliotecafardelliana.it;http://www.bibliotecafardelliana.it;200;5
Casa Albergo per Anziani;C7;29029;www.casalendinara.it;http://www.casalendinara.it;http://www.casalendinara.it;200;5
Consorzio Intercomunale Dei Servizi Ed Interventi Sociali Valle del Tevere;C7;58038;www.consorziovalledeltevere.it;http://www.consorziovalledeltevere.it;http://www.consorziovalledeltevere.it;200;5
Comitato Italiano Paralimpico;C7;58091;www.comitatoparalimpico.it;http://www.comitatoparalimpico.it;http://www.comitatoparalimpico.it;200;5
Comitato Olimpico Nazionale Italiano;C7;58091;www.coni.it;http://www.coni.it;http://www.coni.it;200;5
Azienda di Servizi alla Persona disabile visiva S. Alessio - Margherita di Savoia;C7;58091;www.santalessio.org;http://www.santalessio.org.it;_NV_;['Errno -2'];5
Centro servizi socio-assistenziali e sanitari;C7;1299;www.centroservizivigone.it;http://www.centroservizivigone.it;http://www.centroservizivigone.it;200;5
Ente di Assistenza per Il Personale dell'Ammnistrazione Penitenziaria;C7;58091;www.enteassistenza.it;http://www.enteassistenza.it;http://www.enteassistenza.it;200;5
Ente Mostra di Pittura Citta' di Marsala;C7;81011;www.pinacotecamarsala.it;http://www.pinacotecamarsala.it;http://www.pinacotecamarsala.it;200;5
Ente Regionale per Il Patrimonio Culturale della Regione Autonoma Friuli Venezia Giulia - Erpac;C7;31007;erpac.regione.fvg.it;http://erpac.regione.fvg.it;http://erpac.regione.fvg.it;200;5
Fondazione Antonio Bassi;C7;24122;www.fondazioneantoniobassi.it;http://www.fondazioneantoniobassi.it;http://www.fondazioneantoniobassi.it;200;5
Fondazione Biblioteca Europea di Informazione e Cultura;C7;15146;www.beic.it;http://www.beic.it;http://www.beic.it;200;5
Fondazione Barone G. Lucifero S.Nicolo' di Milazzo;C7;83049;www.fondazionelucifero.it;http://www.fondazionelucifero.it;http://www.fondazionelucifero.it;200;5
Fondazione Centro Sperimentale di Cinematografia;C7;58091;www.fondazionecsc.it;http://www.fondazionecsc.it;http://www.fondazionecsc.it;200;5
Fondazione Festival Dei Due Mondi;C7;54051;www.festivaldispoleto.com;http://www.festivaldispoleto.com.it;_NV_;['Errno -2'];5
Federazione Italiana Badminton;C7;58091;www.badmintonitalia.it;http://www.badmintonitalia.it;_NV_;SSLERROR;5
Federazione Italiana Baseball Softball;C7;58091;fibs.it;http://fibs.it;_NV_;['Errno -3'];5
Federazione Italiana Canottaggio;C7;58091;www.canottaggio.org;http://www.canottaggio.org.it;_NV_;['Errno -2'];5
Federazione Italiana Canoa Kayak;C7;58091;www.federcanoa.it;http://www.federcanoa.it;http://www.federcanoa.it;200;5
Federazione Italiana di Atletica Leggera;C7;58091;www.fidal.it;http://www.fidal.it;http://www.fidal.it;200;5
Federazione Italiana Giuoco Handball;C7;58091;www.figh.it;http://www.figh.it;https://www.figh.it;200;5
Federazione Italiana Hockey;C7;58091;www.federhockey.it;http://www.federhockey.it;http://www.federhockey.it;200;5
Federazione Italiana Motonautica;C7;15146;www.fimconi.it;http://www.fimconi.it;http://www.fimconi.it;200;5
Federazione Italiana Pentathlon Moderno;C7;58091;www.fipm.it;http://www.fipm.it;http://www.fipm.it;200;5
Federazione Italiana Sport Equestri;C7;58091;www.fise.it;http://www.fise.it;http://www.fise.it;200;5
Federazione Italiana Sport del Ghiaccio;C7;15146;http://www.fisg.it;http://www.fisg.it;http://www.fisg.it;200;5
Federazione Italiana Sci Nautico e Wakeboard;C7;15146;www.scinautico.com;http://www.scinautico.com.it;_NV_;['Errno -2'];5
Fita Federazione Italiana Taekwondo;C7;58091;www.taekwondoitalia.it;http://www.taekwondoitalia.it;_NV_;SSLERROR;5
Federazione Italiana Tennistavolo;C7;58091;www.fitet.org;http://www.fitet.org.it;_NV_;['Errno -2'];5
Fondazione La Biennale di Venezia;C7;27042;www.labiennale.org;http://www.labiennale.org.it;_NV_;['Errno -2'];5
Federazione Pugilistica Italiana;C7;58091;www.fpi.it;http://www.fpi.it;_NV_;SSLERROR;5
Fondazione di Partecipazione Matera Basilicata 2019;C7;77014;www.matera-basilicata2019.it;http://www.matera.basilicata2019.it;_NV_;['Errno -2'];5
Istituzione Comunale Biblioteca Romolo Bellatreccia;C7;56045;www.bibliotecaronciglione.it;http://www.bibliotecaronciglione.it;http://www.bibliotecaronciglione.it;200;5
Istituzione Comunale Culturale;C7;4034;www.iccbusca.it;http://www.iccbusca.it;http://www.iccbusca.it;200;5
Istituzione Comunale Istituto Arborenze per La Ricerca e La Documentazione sul Giudicato e sul Marchesato;C7;95038;http://www.istar.oristano.it;http://www.istar.oristano.it;http://www.istar.oristano.it;200;5
Istituzione Comunale Palio Delle Corse a Vuoto di Ronciglione;C7;56045;www.comune.ronciglione.vt.it;http://www.comune.ronciglione.vt.it;http://www.comune.ronciglione.vt.it;200;5
Istituzione Comunale Scuola Civica di Musica Oristano;C7;95038;www.scuolacivicamusica.oristano.it;http://www.scuolacivicamusica.oristano.it;http://www.scuolacivicamusica.oristano.it;200;5
Istituzione Dott. B. Boldrin;C7;29029;www.istituzioneboldrin.it;http://www.istituzioneboldrin.it;http://www.istituzioneboldrin.it;200;5
Istituto Dei Ciechi Florio e Salamone;C7;82053;www.istciechipalermo.it;http://www.istciechipalermo.it;http://www.istciechipalermo.it;200;5
Istituto Domenico Martuscelli;C7;63049;www.istitutomartuscelli.it;http://www.istitutomartuscelli.it;http://www.istitutomartuscelli.it;200;5
Istituto Nazionale per la promozione della salute delle popolazioni Migranti e per il contrasto delle malattie della Poverta';C7;58091;www.inmp.it;http://www.inmp.it;https://www.inmp.it;200;5
Istituzione Poseidonia;C7;65025;www.comune.capaccio.sa.it;http://www.comune.capaccio.sa.it;_NV_;['Errno -3'];5
Istituto di Previdenza e Assistenza Dipendenti Roma Capitale;C7;58091;www.comune.roma.it/wps/portal/pcr?jp_pagecode=age_azi;http://www.comune.roma.it;http://www.comune.roma.it;200;5
Istituzione Parco Nazionale della Pace Sant'Anna di Stazzema;C7;46030;www.parconazionaledellapace.it;http://www.parconazionaledellapace.it;http://www.parconazionaledellapace.it;200;5
Istituto Italiano per l'Africa e l'Oriente;C7;58091;www.isiao.it;http://www.isiao.it;http://www.isiao.it;200;5
Istituti di Santa Maria in Aquiro;C7;58091;www.isma.roma.it;http://www.isma.roma.it;http://www.isma.roma.it;200;5
Lega Italiana per la Lotta contro i Tumori;C7;58091;www.lilt.it;http://www.lilt.it;http://www.lilt.it;200;5
Accademia Nazionale dei Lincei;C7;58091;www.lincei.it;http://www.lincei.it;_NV_;['Errno -3'];5
La Quadriennale di Roma;C7;58091;www.quadriennalediroma.org;http://www.quadriennalediroma.org.it;_NV_;['Errno -2'];5
Fondazione Maxxi - Museo Nazionale Delle Arti del XXI Secolo;C7;58091;www.maxxi.art;http://www.maxxi.art.it;_NV_;['Errno -2'];5
Museo Castello del Buonconsiglio Monumenti e Collezioni Provinciali;C7;22205;www.buonconsiglio.it;http://www.buonconsiglio.it;http://www.buonconsiglio.it;200;5
Museo D'Arte Moderna e Contemporanea di Trento e Rovereto;C7;22161;www.mart.tn.it;http://www.mart.tn.it;http://www.mart.tn.it;200;5
Museo degli Usi e Costumi della Gente Trentina;C7;22167;museosanmichele.it;http://museosanmichele.it;http://museosanmichele.it;200;5
Museo Storico della Liberazione;C7;58091;www.museoliberazione.it;http://www.museoliberazione.it;http://www.museoliberazione.it;200;5
Museo delle Scienze;C7;22205;www.muse.it;http://www.muse.it;http://www.muse.it;200;5
Museo Tattile Statale Omero;C7;42002;www.museoomero.it;http://www.museoomero.it;http://www.museoomero.it;200;5
Nuova Scuola Comunale di Musica;C7;68024;www.scuolamusicamontesilvano.it;http://www.scuolamusicamontesilvano.it;http://www.scuolamusicamontesilvano.it;200;5
Casa di Riposo Ospedale di Cavour;C7;1070;www.ospedaledicavour.it;http://www.ospedaledicavour.it;_NV_;['Errno -2'];5
Opera Pia Raggio di Sole;C7;28060;www.operapia-raggiodisole.it;http://www.operapia.raggiodisole.it;http://www.operapia.raggiodisole.it;200;5
Opera Pia Telesino Ardizzone;C7;82053;www.operapiatelesino.it;http://www.operapiatelesino.it;http://www.operapiatelesino.it;200;5
Pio Ospizio S. Michele;C7;23053;www.pioospizio.it;http://www.pioospizio.it;_NV_;ConnectTimeout;5
Pensionato Regina Elena;C7;1178;www.reginaelena.org;http://www.reginaelena.org.it;_NV_;['Errno -2'];5
Scuola Archeologica Italiana di Atene;C7;58091;www.scuoladiatene.it;http://www.scuoladiatene.it;http://www.scuoladiatene.it;200;5
Scuola Civica di Musica Alessandra Saba;C7;95025;www.comunemarrubiu.it;http://www.comunemarrubiu.it;http://www.comunemarrubiu.it;200;5
Seps Segretariato Europeo per Le Pubblicazioni Scientifiche;C7;37006;www.seps.it;http://www.seps.it;http://www.seps.it;200;5
Unione Italiana Tiro a Segno;C7;58091;www.uits.it;http://www.uits.it;_NV_;['Errno -3'];5
