Denominazione_ente;Codice_Categoria;Codice_comune_ISTAT;Sito_istituzionale;url;http_ok;codice_risposta;test_timeout
Autorita di Ambito Calore Irpino;L44;64008;www.atocaloreirpino.it;http://www.atocaloreirpino.it;https://www.atocaloreirpino.it;200;20
Ato Ambiente Cl1 Spa in Liquidazione;L44;85004;www.atoambientecl1.it;http://www.atoambientecl1.it;http://www.atoambientecl1.it;200;5
Associazione D'Ambito Torinese Governo Rifiuti;L44;1272;www.atorifiutitorinese.it;http://www.atorifiutitorinese.it;http://www.atorifiutitorinese.it;200;20
Assemblea di Ambito Territoriale Ottimale n.1 Marche Nord Pesaro e Urbino;L44;41044;www.ato1acqua.marche.it;http://www.ato1acqua.marche.it;http://www.ato1acqua.marche.it;200;5
Assemblea di Ambito territoriale ottimale n. 2 Marche centro - Ancona;L44;42021;www.aato2.marche.it;http://www.aato2.marche.it;http://www.aato2.marche.it;200;5
Consiglio di Bacino Laguna di Venezia;L44;27042;www.consigliodibacinolv.it;http://www.consigliodibacinolv.it;http://www.consigliodibacinolv.it;200;5
A.A.T.O. Me 3 S.I.I. in Liquidazione;L44;83048;atoacquemessina@pec.it;http://atoacquemessina@pec.it;http://atoacquemessina@pec.it;200;5
Assemblea di Ambito territoriale ottimale n. 3 Marche Centro Macerata;L44;43023;www.ato3marche.it;http://www.ato3marche.it;http://www.ato3marche.it;200;5
ATO 1 PALERMO IN LIQUIDAZIONE COATTA AMMINISTRATIVA;L44;82053;www.atoidrico1palermo.it;http://www.atoidrico1palermo.it;http://www.atoidrico1palermo.it;200;5
Autorita' di Ambito Territoriale Ottimale N. 4 Marche Centro Sud;L44;109037;www.aato4.it;http://www.aato4.it;http://www.aato4.it;200;5
Autorita' D'Ambito N.1 Verbano Cusio Ossola e Pianura Novarese;L44;3106;www.ato1acquepiemonte.it;http://www.ato1acquepiemonte.it;http://www.ato1acquepiemonte.it;200;5
Autorita' di Ambito Sele;L44;65116;www.atosele.it;http://www.atosele.it;http://www.atosele.it;200;5
Consiglio di Bacino Veneto Orientale;L44;26021;www.aato.venetoriental.it;http://www.aato.venetoriental.it;http://www.aato.venetoriental.it;200;5
Autorita' D'Ambito Territoriale Ottimale N. 5 Lazio Meridionale Frosinone - A.A.T.O. N. 5 Fr;L44;60038;www.ato5fr.it;http://www.ato5fr.it;http://www.ato5fr.it;200;5
Ato 2 Napoli Volturno;L44;63049;www.ato2campania.it;http://www.ato2campania.it;http://www.ato2campania.it;200;5
Autorita' per Il Servizio di Gestione Integrata Dei Rifiuti Urbani Ato Toscana Sud;L44;52032;www.atotoscanasud.it;http://www.atotoscanasud.it;http://www.atotoscanasud.it;200;5
Autorita per Il Servizio di Gestione Integrata Dei Rifiuti Urbani Ambito Territoriale Ottimale Toscana Costa;L44;49009;www.atotoscanacosta.it;http://www.atotoscanacosta.it;http://www.atotoscanacosta.it;200;5
Autorita Idrica Toscana;L44;48017;www.autoritaidrica.toscana.it;http://www.autoritaidrica.toscana.it;http://www.autoritaidrica.toscana.it;200;5
Ente d'Ambito ATO 4 Lazio Meridionale - Latina;L44;59011;www.ato4latina.it;http://www.ato4latina.it;http://www.ato4latina.it;200;5
Autorita di Ambito Territoriale Ottimale Marsicano;L44;66006;www.ato2marsicano.com;http://www.ato2marsicano.com.it;_NV_;['Errno -2'];20
Ato Ragusa Ambiente S.P.A. in Liquidazione;L44;88009;www.atoragusambiente.it;http://www.atoragusambiente.it;http://www.atoragusambiente.it;200;5
Asr Molise Acque;L44;70006;www.moliseacque.com;http://www.moliseacque.com.it;_NV_;['Errno -2'];20
Azienda Speciale Ufficio D'Ambito della Provincia di Pavia per La Regolazione e La Pianificazione del Servizio Idrico Integrato;L44;18110;www.atopavia.it;http://www.atopavia.it;http://www.atopavia.it;200;5
Azienda Speciale Ufficio D'Ambito della Provincia di Mantova;L44;20030;www.atomantova.it;http://www.atomantova.it;http://www.atomantova.it;200;5
Assemblea Territoriale D'Ambito Macerata;L44;43023;https://www.ata3macerata.it;https://www.ata3macerata.it;https://www.ata3macerata.it;200;5
Assemblea Territoriale D'Ambito Ato 2 Ancona;L44;42002;www.atarifiuti.an.it;http://www.atarifiuti.an.it;http://www.atarifiuti.an.it;200;5
Assemblea Territoriale D'Ambito A.T.A. -ato 5-ascoli Piceno;L44;44007;www.atarifiuti.ap.it;http://www.atarifiuti.ap.it;http://www.atarifiuti.ap.it;200;5
Assemblea Territoriale D'Ambito dell'Ambito Territoriale Ottimale 1 - Pesaro e Urbino;L44;41044;www.atarifiuti.pu.it/;http://www.atarifiuti.pu.it;http://www.atarifiuti.pu.it;200;5
Agenzia Territoriale dell'Emilia-Romagna per i Servizi Idrici e Rifiuti;L44;37006;www.atersir.it/;http://www.atersir.it;http://www.atersir.it;200;5
Assemblea Territoriale Idrica Ato Caltanissetta;L44;85004;www aticaltanissetta.it;http://www.aticaltanissetta.it;http://www.aticaltanissetta.it;503;5
Assemblea Territoriale Idrica - A.T.O. Agrigento;L44;84003;www.atiag9.it;http://www.atiag9.it;http://www.atiag9.it;200;5
Assemblea Territoriale Idrica Catania;L44;87051;http://www.aticatania.it;http://www.aticatania.it;https://www.aticatania.it;200;5
Assemblea Territoriale Idrica di Messina;L44;83048;http://www.atiacquemessina.it/hh/index.php;http://www.atiacquemessina.it;http://www.atiacquemessina.it;200;5
Assemblea Territoriale Idrica Palermo;L44;82053;http://www.atipalermo.it;http://www.atipalermo.it;http://www.atipalermo.it;200;5
Assemblea Territoriale Idrica di Ragusa;L44;88009;www.atiragusa.it;http://www.atiragusa.it;http://www.atiragusa.it;200;5
Assemblea Territoriale Idrica di Siracusa;L44;89017;www.atisiracusa.it;http://www.atisiracusa.it;http://www.atisiracusa.it;200;5
Autorita' Idrica Pugliese;L44;72006;www.autoritaidrica.puglia.it;http://www.autoritaidrica.puglia.it;http://www.autoritaidrica.puglia.it;200;5
Autorita d' Ambito n 2  -  Biellese, Vercellese, Casalese;L44;2158;www.ato2piemonte.it;http://www.ato2piemonte.it;http://www.ato2piemonte.it;200;5
Autorita' d'ambito Torinese;L44;1272;www.ato3torinese.it;http://www.ato3torinese.it;http://www.ato3torinese.it;200;20
Ente di Governo dell'Ambito n. 5 Astigiano Monferrato;L44;5005;www.ato5astigiano.it;http://www.ato5astigiano.it;http://www.ato5astigiano.it;200;5
Autorita d' Ambito N 6 Alessandrino;L44;6003;www.ato6alessandrino.it;http://www.ato6alessandrino.it;http://www.ato6alessandrino.it;200;5
Ambito Territoriale Ottimale di Avellino;L44;64008;www.atorifiutiav.it;http://www.atorifiutiav.it;http://www.atorifiutiav.it;200;5
Consiglio di Bacino Brenta;L44;28032;www.consigliobacinobrenta.it;http://www.consigliobacinobrenta.it;http://www.consigliobacinobrenta.it;200;5
Ambito Territoriale Ottimale di Caltanissetta in Liquidazione;L44;85004;www.atoidrico.caltanissetta.it;http://www.atoidrico.caltanissetta.it;http://www.atoidrico.caltanissetta.it;200;5
Ente di Governo D'Ambito Territoriale Ottimale N. 4 Cuneese;L44;4078;www.ato4cuneese.it;http://www.ato4cuneese.it;http://www.ato4cuneese.it;200;5
Azienda Speciale Ufficio D'Ambito di Como;L44;13075;www.ato.como.it/home/;http://www.ato.como.it;http://www.ato.como.it;200;5
Ambito Territoriale Ottimale Catania Acque in Liquidazione;L44;87015;www.atoacquecatania.it;http://www.atoacquecatania.it;http://www.atoacquecatania.it;200;5
Ato Me 3 in Liquidazione;L44;83048;http://www.atome3.it/;http://www.atome3.it;http://www.atome3.it;200;5
Ambito Territoriale Ottimale N.4 del Pescarese;L44;68028;www.atoabruzzo.it;http://www.atoabruzzo.it;http://www.atoabruzzo.it;200;5
Ambito Territoriale Ottimale Napoli 3;L44;63018;www.atonapoli3.it;http://www.atonapoli3.it;http://www.atonapoli3.it;200;5
Ato 4 Vibo Valentia;L44;102047;www.ato4vv.it;http://www.ato4vv.it;_NV_;['Errno -2'];20
Agenzia Territoriale della Regione Puglia per Il Servizio di Gestione Dei Rifiuti;L44;72027;www.ager.puglia.it;http://www.ager.puglia.it;http://www.ager.puglia.it;200;5
Autorita' Umbra per Rifiuti e Idrico;L44;54039;www.auriumbria.it;http://www.auriumbria.it;http://www.auriumbria.it;200;5
Consorzio di Ambito di Agrigento S.I.I.;L44;84003;www.atoidricoag9.it;http://www.atoidricoag9.it;http://www.atoidricoag9.it;200;5
Consorzio Autorita A.T.O. N. 5 - Enna;L44;86009;www.ato5enna.it;http://www.ato5enna.it;http://www.ato5enna.it;200;5
Consorzio Ato per La Gestione Dei Rifiuti Bacino Ta1 iin Liquidazione;L44;73015;www.comunedimassafra.it;http://www.comunedimassafra.it;http://www.comunedimassafra.it;200;5
Consiglio di Bacino dell'Ambito Territoriale Ottimale Bacchiglione;L44;24118;www.atobacchiglione.it;http://www.atobacchiglione.it;http://www.atobacchiglione.it;200;5
Consiglio di Bacino Priula;L44;26091;www.priula.it;http://www.priula.it;http://www.priula.it;200;5
Consiglio di Bacino Rovigo;L44;29041;http://www.consigliobacinorovigo.it;http://www.consigliobacinorovigo.it;http://www.consigliobacinorovigo.it;200;5
Consiglio di Bacino Sinistra Piave;L44;26021;www.bacinosp.gov.it;http://www.bacinosp.it;http://www.bacinosp.it;200;5
Consiglio di Bacino Veronese;L44;23091;www.atoveronese.it;http://www.atoveronese.it;http://www.atoveronese.it;200;5
Consiglio di Bacino Venezia Ambiente per La Gestione Dei Rifiuti Solidi Urbani;L44;27042;www.veneziaambiente.it;http://www.veneziaambiente.it;http://www.veneziaambiente.it;200;5
Consiglio di Bacino Valle del Chiampo;L44;24008;www.consigliobacinovallechiampo.it/;http://www.consigliobacinovallechiampo.it;http://www.consigliobacinovallechiampo.it;200;5
Consiglio di Bacino Verona Nord;L44;23096;http://www.consiglioveronanord.it/hh/index.php?jvs=0&acc=1;http://www.consiglioveronanord.it;http://www.consiglioveronanord.it;200;5
Consiglio di Bacino Verona Sud;L44;23012;www.bacinovrsud.it;http://www.bacinovrsud.it;http://www.bacinovrsud.it;200;5
Consiglio di Bacino Dolomiti Bellunesi;L44;25006;www.atoaltoveneto.it;http://www.atoaltoveneto.it;http://www.atoaltoveneto.it;200;5
Commissario Liquidatore Ex Ato Fg4;L44;71020;www.comune.cerignola.fg.it;http://www.comune.cerignola.fg.it;http://www.comune.cerignola.fg.it;200;5
Co.S.R.A.B. Consorzio Smaltimento Rifiuti Area Biellese;L44;96004;www.cosrab.it;http://www.cosrab.it;http://www.cosrab.it;200;5
Ente D'Ambito per Il Servizio di Gestione Integrata Dei Rifiuti Urbani di Benevento;L44;62008;www.atorifiutibn.it;http://www.atorifiutibn.it;http://www.atorifiutibn.it;200;5
Ente D'Ambito NA1;L44;63023;www.atonapoli1.it;http://www.atonapoli1.it;http://www.atonapoli1.it;200;5
Ente D'Ambito - Servizio Gestione Integrata Rifiuti Urbani Ato Salerno;L44;65116;www.edarifiutisalerno.it;http://www.edarifiutisalerno.it;http://www.edarifiutisalerno.it;200;5
Ente D'Ambito Sarnese Vesuviano;L44;63049;www.ato3campania.it;http://www.ato3campania.it;http://www.ato3campania.it;200;5
Eda Caserta;L44;61083;https://www.entedambitocaserta.it/;https://www.entedambitocaserta.it;https://www.entedambitocaserta.it;200;5
Ersi Ente Regionale Servizio Idrico;L44;66049;www.ersi-abruzzo.it;http://www.ersi.abruzzo.it;_NV_;['Errno -2'];20
Ente Idrico Campano;L44;63049;www.enteidricocampano.it;http://www.enteidricocampano.it;http://www.enteidricocampano.it;200;5
Ente di Governo dell'Ambito della Sardegna;L44;92009;www.egas.sardegna.it;http://www.egas.sardegna.it;http://www.egas.sardegna.it;200;5
"CONSIGLIO DI BACINO ""BRENTA PER I RIFIUTI""";L44;24012;www.consigliobrentarifiuti.it;http://www.consigliobrentarifiuti.it;http://www.consigliobrentarifiuti.it;200;5
Sub-Ato Monte Emilius Piana D'Aosta;L44;7011;www.subato-plaineaosta.vda.it;http://www.subato.plaineaosta.vda.it;_NV_;['Errno -2'];20
S.R.R. Caltanissetta Provincia Nord;L44;85004;www.srrcaltanissettaprovincianord.it;http://www.srrcaltanissettaprovincianord.it;http://www.srrcaltanissettaprovincianord.it;200;5
S.R.R.-Trapani Provincia Nord;L44;81008;www.srrtrapaninord.it/;http://www.srrtrapaninord.it;http://www.srrtrapaninord.it;200;5
Terra Dei Fenici Spa in Liquidazione;L44;81008;www.terradeifenici.com/;http://www.terradeifenici.com.it;_NV_;['Errno -2'];20
Ufficio D'Ambito della Provincia di Cremona;L44;19036;www.atocremona.it;http://www.atocremona.it;http://www.atocremona.it;200;5
Ufficio D'Ambito di Brescia;L44;17029;www.aato.brescia.it;http://www.aato.brescia.it;http://www.aato.brescia.it;200;5
Ufficio D'Ambito della Citta di Milano - Azienda Speciale;L44;15146;www.atocittadimilano.it;http://www.atocittadimilano.it;http://www.atocittadimilano.it;200;5
Ufficio D'Ambito di Lecco;L44;97042;www.atolecco.it;http://www.atolecco.it;http://www.atolecco.it;200;5
Ufficio D'Ambito di Lodi;L44;98031;www.provincia.lodi.it;http://www.provincia.lodi.it;http://www.provincia.lodi.it;200;5
Ufficio D'Ambito della Provincia di Monza e Brianza;L44;108033;www.atomonzabrianza.it;http://www.atomonzabrianza.it;http://www.atomonzabrianza.it;200;5
Ufficio D'Ambito della Provincia di Bergamo;L44;16024;www.atobergamo.it;http://www.atobergamo.it;http://www.atobergamo.it;200;5
Ufficio d'Ambito della Citta' Metropolitana di Milano - Azienda Speciale;L44;15146;www.atocittametropolitanadimilano.it;http://www.atocittametropolitanadimilano.it;http://www.atocittametropolitanadimilano.it;200;5
Ufficio D'Ambito della Provincia di Sondrio;L44;14061;www.atosondrio.it;http://www.atosondrio.it;http://www.atosondrio.it;200;5
Ufficio D'Ambito Territoriale Ottimale della Provincia di Varese;L44;12133;www.atovarese.it;http://www.atovarese.it;http://www.atovarese.it;200;5
