Denominazione_ente;Codice_Categoria;Codice_comune_ISTAT;Sito_istituzionale;url;http_ok;codice_risposta;test_timeout
Agenzia Nazionale per La Sicurezza Delle Ferrovie;C3;48017;www.ansf.gov.it;http://www.ansf.gov.it;_NV_;['Errno -2'];20
Agenzia Forestale Regionale per Lo Sviluppo del Territorio e dell'Ambiente della Sardegna;C3;92009;www.sardegnaforeste.it;http://www.sardegnaforeste.it;http://www.sardegnaforeste.it;200;5
Agenzia per le Erogazioni in Agricoltura - AGEA;C3;58091;www.agea.gov.it;http://www.agea.gov.it;http://www.agea.gov.it;200;5
Agenzia Nazionale per i Servizi Sanitari Regionali - AGENAS;C3;58091;www.agenas.it;http://www.agenas.it;http://www.agenas.it;200;5
Agenzia del Trasporto Pubblico Locale del Bacino della Citta' Metropolitana di Milano Monza e Brianza Lodi e Pavia;C3;15146;www.agenziatpl.it;http://www.agenziatpl.it;http://www.agenziatpl.it;200;5
Agenzia per L'Italia Digitale;C3;58091;www.agid.gov.it;http://www.agid.gov.it;http://www.agid.gov.it;200;5
Agenzia per Il Controllo e La Qualita Dei Servizi Pubblici Locali di Roma Capitale;C3;58091;www.agenzia.roma.it;http://www.agenzia.roma.it;http://www.agenzia.roma.it;200;20
Agenzia Italiana del Farmaco - AIFA;C3;58091;www.aifa.gov.it;http://www.aifa.gov.it;http://www.aifa.gov.it;200;5
Agenzia per Il Trasporto Pubblico Locale del Bacino di Bergamo;C3;16024;https://www.agenziatplbergamo.it/;https://www.agenziatplbergamo.it;https://www.agenziatplbergamo.it;200;5
Agenzia per Il Trasporto Pubblico Locale del Bacino di Cremona e Mantova;C3;20030;www.agenziatpl.crmn.it;http://www.agenziatpl.crmn.it;http://www.agenziatpl.crmn.it;200;5
Agenzia Nazionale per L'Amministrazione e La Destinazione Dei Beni Sequestrati e Confiscati alla Criminalita' Organizzata;C3;58091;www.benisequestraticonfiscati.it;http://www.benisequestraticonfiscati.it;http://www.benisequestraticonfiscati.it;200;5
Agenzia Nazionale per Le Politiche Attive del Lavoro;C3;58091;www.anpal.gov.it;http://www.anpal.gov.it;http://www.anpal.gov.it;200;5
Agenzia Nazionale per La Sicurezza Delle Ferrovie e Delle Infrastrutture Stradali e Autostradali;C3;58091;www.ansfisa.gov.it;http://www.ansfisa.gov.it;https://www.ansfisa.gov.it;200;5
Agenzia Nazionale per la Sicurezza del Volo - ANSV;C3;58091;www.ansv.it;http://www.ansv.it;http://www.ansv.it;200;5
Agenzia per la Rappresentanza Negoziale delle Pubbliche Amministrazioni - ARAN;C3;58091;www.aranagenzia.it;http://www.aranagenzia.it;http://www.aranagenzia.it;200;5
Agenzia Regionale Segretari Enti Locali Valle D'Aosta;C3;7003;www.albosegretarivda.it;http://www.albosegretarivda.it;http://www.albosegretarivda.it;200;5
Ente per Lo Sviluppo dell'Irrigazione e La Trasformazione Fondiaria in Puglia, Lucania e Irpinia in Liquidazione;C3;72006;www.eipli.it;http://www.eipli.it;http://www.eipli.it;200;5
Agenzia Regionale Strategica per Lo Sviluppo Ecosostenibile del Territorio;C3;72006;http://asset.regione.puglia.it;http://asset.regione.puglia.it;http://asset.regione.puglia.it;200;5
Ambito Territoriale di Caccia 6 Grosseto Nord;C3;53015;www.atc6grnord.it;http://www.atc6grnord.it;http://www.atc6grnord.it;200;5
Ambito Territoriale di Caccia Numero 3 di Isernia;C3;94023;www.atc3isernia.com;http://www.atc3isernia.com.it;_NV_;['Errno -2'];20
Ambito Territoriale di Caccia Provincia di Foggia;C3;71024;www.atcfoggia.it;http://www.atcfoggia.it;http://www.atcfoggia.it;200;5
Ambito Territoriale di Caccia A.T.C. Perugia 1;C3;54039;www.atcperugia1.it;http://www.atcperugia1.it;http://www.atcperugia1.it;200;5
Ambito Territoriale di Caccia Perugia 2;C3;54018;www.atcperugia2.it;http://www.atcperugia2.it;http://www.atcperugia2.it;200;5
Agenzia Trasporto Pubblico del Bacino di Como Lecco e Varese;C3;13075;www.tplcomoleccovarese.it;http://www.tplcomoleccovarese.it;http://www.tplcomoleccovarese.it;200;5
Agenzia del Trasporto Pubblico del Bacino di Sondrio;C3;14061;www.agenziatplsondrio.it;http://www.agenziatplsondrio.it;http://www.agenziatplsondrio.it;200;5
Associazione Valdostana Maestri di Sci;C3;7003;www.maestridisci.com;http://www.maestridisci.com.it;_NV_;['Errno -2'];20
Club Alpino Italiano;C3;15146;www.cai.it;http://www.cai.it;http://www.cai.it;200;5
Cassa Conguaglio Gas Petrolio Liquefatto;C3;58091;www.cassaconguagliogpl.it;http://www.cassaconguagliogpl.it;http://www.cassaconguagliogpl.it;200;5
Cassa per i servizi energetici e ambientali CSEA;C3;58091;www.csea.it;http://www.csea.it;https://www.csea.it;200;5
Consorzio Fitosanitario Prov.le di Parma;C3;34027;www.fitosanitario.pr.it;http://www.fitosanitario.pr.it;http://www.fitosanitario.pr.it;200;5
Consorzio Fitosanitario Provinciale di Modena;C3;36023;www.fitosanitario.mo.it;http://www.fitosanitario.mo.it;http://www.fitosanitario.mo.it;200;5
Consorzio Fitosanitario Provinciale di Reggio Emilia;C3;35033;www.fitosanitario.re.it;http://www.fitosanitario.re.it;http://www.fitosanitario.re.it;200;5
Consorzio per Le Autostrade Siciliane;C3;83048;www.autostradesiciliane.it;http://www.autostradesiciliane.it;http://www.autostradesiciliane.it;200;5
Consiglio Notarile di Siracusa;C3;89017;www.consiglionotarilesiracusa.it;http://www.consiglionotarilesiracusa.it;http://www.consiglionotarilesiracusa.it;200;5
Consorzio Fitosanitario Provinciale di Piacenza;C3;33032;www.fitosanitario.pc.it;http://www.fitosanitario.pc.it;http://www.fitosanitario.pc.it;200;5
Collegio Provinciale Dei Geometri e Dei Geometri Laureati di Firenze;C3;48017;www.geometrifirenze.it;http://www.geometrifirenze.it;http://www.geometrifirenze.it;200;5
Conferenza Permanente Interregionale per Il Coordinamento dell'Area dello Stretto;C3;80063;www.consiglioregionale.calabria.it;http://www.consiglioregionale.calabria.it;https://www.consiglioregionale.calabria.it;200;5
Commissione Regionale di Disciplina Piemonte e Valle D'Aosta;C3;1272;www.notariato.it;http://www.notariato.it;http://www.notariato.it;200;5
Ente Strumentale alla Croce Rossa Italiana;C3;58091;www.entecri.it;http://www.entecri.it;http://www.entecri.it;200;5
Commissario Straordinario per La Realizzazione dell'Intervento Schema Idrico Basento - Bradano Tronco di Acerenza - Distribuzione Iii Lotto;C3;72006;schemaidricobasentobradanotroncodiacerenza.it/;http://schemaidricobasentobradanotroncodiacerenza.it;http://schemaidricobasentobradanotroncodiacerenza.it;200;5
Ente Acquedotti Siciliani in Liquidazione;C3;82053;www.easacque.it;http://www.easacque.it;http://www.easacque.it;200;5
Ente Cattolico dello Stato Terra di Francesco Giuseppe, Colonia di Santa Maria de Finibus Terrae di Giorgio II, Porta e Mare di Kara;C3;75035;www.ecsterradifrancescogiuseppe.it;http://www.ecsterradifrancescogiuseppe.it;_NV_;['Errno -2'];20
Ente Nazionale per l'Aviazione Civile - ENAC;C3;58091;www.enac.gov.it;http://www.enac.gov.it;http://www.enac.gov.it;200;5
Ente Nazionale per Il Microcredito;C3;58091;www.microcredito.gov.it;http://www.microcredito.gov.it;http://www.microcredito.gov.it;200;5
Ente Nazionale Risi;C3;15146;www.enterisi.it;http://www.enterisi.it;http://www.enterisi.it;200;5
Ente Parco Metropolitano Delle Colline di Napoli;C3;63049;www.parcometropolitanocollinenapoli.it;http://www.parcometropolitanocollinenapoli.it;http://www.parcometropolitanocollinenapoli.it;200;5
Ente Regionale per L'Edilizia Sociale;C3;70006;www.eresmolise.it;http://www.eresmolise.it;http://www.eresmolise.it;403;5
Fondo Assistenza per I Finanzieri;C3;58091;www.gdf.it;http://www.gdf.it;_NV_;['Errno 111'];20
Fondo per Il Pagamento del Trattamento di Quiescenza e della Indennita' di Buonuscita del Personale Regionale;C3;82053;pti.regione.sicilia.it/portal/page/portal/PIR_PORTALE/PIR_Enti/PIR_FondoPensioniSicilia;http://pti.regione.sicilia.it;http://pti.regione.sicilia.it;200;5
Fondazione Ordine Mauriziano;C3;1272;www.ordinemauriziano.it;http://www.ordinemauriziano.it;http://www.ordinemauriziano.it;200;5
Formez PA - Centro Servizi, Assistenza, Studi e Formazione per L'Ammodernamento Delle P.A.;C3;58091;www.formez.it;http://www.formez.it;http://www.formez.it;200;5
Fondo di Previdenza per Il Personale del Ministero dell'Economia e Delle Finanze;C3;58091;fondoprevidenzafinanze.it;http://fondoprevidenzafinanze.it;http://fondoprevidenzafinanze.it;200;5
Fondazione Real Sito di Carditello;C3;61085;www.fondazionecarditello.org;http://www.fondazionecarditello.org.it;_NV_;['Errno -2'];20
Fondazione Teatro Pirandello - Valle Dei Templi;C3;84001;www.fondazioneteatropirandello.it;http://www.fondazioneteatropirandello.it;http://www.fondazioneteatropirandello.it;200;5
Gestione Governativa Navigazione Laghi Maggiore, di Garda e di Como;C3;15146;www.navigazionelaghi.it;http://www.navigazionelaghi.it;http://www.navigazionelaghi.it;200;20
Gabinetto Scientifico Letterario G.P. Vieusseux;C3;48017;www.vieusseux.it;http://www.vieusseux.it;http://www.vieusseux.it;200;5
Istituto Autonomo per le Case Popolari della Provincia di Salerno;C3;65116;www.iacpsalerno.it;http://www.iacpsalerno.it;http://www.iacpsalerno.it;200;5
Istituzione Antonio Vivaldi del Comune di San Benedetto del Tronto;C3;44066;http://www.istitutovivaldi.it;http://www.istitutovivaldi.it;http://www.istitutovivaldi.it;200;5
ICE - Agenzia per la Promozione All'estero e l'Internazionalizzazione delle Imprese Italiane;C3;58091;www.ice.it;http://www.ice.it;http://www.ice.it;200;5
Istituto per lo Studio, la Prevenzione e la Rete Oncologica (ISPRO);C3;48017;www.ispro.toscana.it;http://www.ispro.toscana.it;http://www.ispro.toscana.it;200;5
Ispettorato Nazionale del Lavoro;C3;58091;www.ispettorato.gov.it;http://www.ispettorato.gov.it;http://www.ispettorato.gov.it;200;20
Ispettorato Nazionale per La Sicurezza Nucleare e La Radioprotezione;C3;58091;www.isinucleare.it;http://www.isinucleare.it;http://www.isinucleare.it;200;5
Istituzione Scuola Civica Arti e Cultura;C3;15051;www.comune.carugate.mi.it;http://www.comune.carugate.mi.it;http://www.comune.carugate.mi.it;200;5
Istituto Storico Italiano per Il Medio Evo;C3;58091;www.isime.it;http://www.isime.it;http://www.isime.it;200;5
Istituto Valdostano dell'Artigianato di Tradizione;C3;7003;wwww.lartisana.vda.it;http://wwww.lartisana.vda.it;_NV_;['Errno -2'];20
Scuola Superiore della Magistratura;C3;58091;www.scuolamagistratura.it;http://www.scuolamagistratura.it;http://www.scuolamagistratura.it;200;20
Agenzia del Tpl di Brescia;C3;17029;agenziatplbrescia.eu/;http://agenziatplbrescia.eu.it;_NV_;['Errno -2'];20
Ufficio Parlamentare di Bilancio;C3;58091;www.upbilancio.it;http://www.upbilancio.it;http://www.upbilancio.it;200;5
Ufficio del Soggetto Attuatore O.P.C.M.;C3;70006;http://www.comune.sangiulianodipuglia.cb.it/sgiulianodp/hh/index.php;http://www.comune.sangiulianodipuglia.cb.it;http://www.comune.sangiulianodipuglia.cb.it;200;5
Unione Valdostana Guide Alta Montagna;C3;7003;www.guidealtamontagna.com;http://www.guidealtamontagna.com.it;_NV_;['Errno -2'];20
