Denominazione_ente;Codice_Categoria;Codice_comune_ISTAT;Sito_istituzionale;url;http_ok;codice_risposta;test_timeout
Accademia della Crusca;C7;48017;www.accademiadellacrusca.it;http://www.accademiadellacrusca.it;;;-75
Albaservizi Azienda Speciale;C7;58003;www.albaservizi.it;http://www.albaservizi.it;;;-75
Agenzia Nazionale per I Giovani;C7;58091;www.agenziagiovani.it;http://www.agenziagiovani.it;;;-75
AGENZIA REGIONALE UNIVERSIADI PER LO SPORT;C7;63049;agenzia.universiadi.regione.campania.it/index.php/it/agenzia;http://agenzia.universiadi.regione.campania.it;;;-75
AZIENDA ISOLA;C7;16213;www.aziendaisola.it;http://www.aziendaisola.it;;;-75
Azienda Speciale Retesalute;C7;97048;www.retesalute.net;http://www.retesalute.net.it;;;-75
Azienda Speciale Servizi Cultura Turismo e Spettacolo Teatri di Civitanova;C7;43013;www.tdic.it;http://www.tdic.it;;;-75
Azienda Speciale Servizi Infanzia e Famiglia G.B. Chimelli;C7;22139;www.asifchimelli.eu;http://www.asifchimelli.eu.it;;;-75
Biblioteca Fardelliana;C7;81021;www.bibliotecafardelliana.it;http://www.bibliotecafardelliana.it;;;-75
Casa Albergo per Anziani;C7;29029;www.casalendinara.it;http://www.casalendinara.it;;;-75
Consorzio Intercomunale Dei Servizi Ed Interventi Sociali Valle del Tevere;C7;58038;www.consorziovalledeltevere.it;http://www.consorziovalledeltevere.it;;;-75
Comitato Italiano Paralimpico;C7;58091;www.comitatoparalimpico.it;http://www.comitatoparalimpico.it;;;-75
Comitato Olimpico Nazionale Italiano;C7;58091;www.coni.it;http://www.coni.it;;;-75
Azienda di Servizi alla Persona disabile visiva S. Alessio - Margherita di Savoia;C7;58091;www.santalessio.org;http://www.santalessio.org.it;;;-75
Centro servizi socio-assistenziali e sanitari;C7;1299;www.centroservizivigone.it;http://www.centroservizivigone.it;;;-75
Ente di Assistenza per Il Personale dell'Ammnistrazione Penitenziaria;C7;58091;www.enteassistenza.it;http://www.enteassistenza.it;;;-75
Ente Mostra di Pittura Citta' di Marsala;C7;81011;www.pinacotecamarsala.it;http://www.pinacotecamarsala.it;;;-75
Ente Regionale per Il Patrimonio Culturale della Regione Autonoma Friuli Venezia Giulia - Erpac;C7;31007;erpac.regione.fvg.it;http://erpac.regione.fvg.it;;;-75
Fondazione Antonio Bassi;C7;24122;www.fondazioneantoniobassi.it;http://www.fondazioneantoniobassi.it;;;-75
Fondazione Biblioteca Europea di Informazione e Cultura;C7;15146;www.beic.it;http://www.beic.it;;;-75
Fondazione Barone G. Lucifero S.Nicolo' di Milazzo;C7;83049;www.fondazionelucifero.it;http://www.fondazionelucifero.it;;;-75
Fondazione Centro Sperimentale di Cinematografia;C7;58091;www.fondazionecsc.it;http://www.fondazionecsc.it;;;-75
Fondazione Festival Dei Due Mondi;C7;54051;www.festivaldispoleto.com;http://www.festivaldispoleto.com.it;;;-75
Federazione Italiana Badminton;C7;58091;www.badmintonitalia.it;http://www.badmintonitalia.it;;;-75
Federazione Italiana Baseball Softball;C7;58091;fibs.it;http://fibs.it;;;-75
Federazione Italiana Canottaggio;C7;58091;www.canottaggio.org;http://www.canottaggio.org.it;;;-75
Federazione Italiana Canoa Kayak;C7;58091;www.federcanoa.it;http://www.federcanoa.it;;;-75
Federazione Italiana di Atletica Leggera;C7;58091;www.fidal.it;http://www.fidal.it;;;-75
Federazione Italiana Giuoco Handball;C7;58091;www.figh.it;http://www.figh.it;;;-75
Federazione Italiana Hockey;C7;58091;www.federhockey.it;http://www.federhockey.it;;;-75
Federazione Italiana Motonautica;C7;15146;www.fimconi.it;http://www.fimconi.it;;;-75
Federazione Italiana Pentathlon Moderno;C7;58091;www.fipm.it;http://www.fipm.it;;;-75
Federazione Italiana Sport Equestri;C7;58091;www.fise.it;http://www.fise.it;;;-75
Federazione Italiana Sport del Ghiaccio;C7;15146;http://www.fisg.it;http://www.fisg.it;;;-75
Federazione Italiana Sci Nautico e Wakeboard;C7;15146;www.scinautico.com;http://www.scinautico.com.it;;;-75
Fita Federazione Italiana Taekwondo;C7;58091;www.taekwondoitalia.it;http://www.taekwondoitalia.it;;;-75
Federazione Italiana Tennistavolo;C7;58091;www.fitet.org;http://www.fitet.org.it;;;-75
Fondazione La Biennale di Venezia;C7;27042;www.labiennale.org;http://www.labiennale.org.it;;;-75
Federazione Pugilistica Italiana;C7;58091;www.fpi.it;http://www.fpi.it;;;-75
Fondazione di Partecipazione Matera Basilicata 2019;C7;77014;www.matera-basilicata2019.it;http://www.matera.basilicata2019.it;;;-75
Istituzione Comunale Biblioteca Romolo Bellatreccia;C7;56045;www.bibliotecaronciglione.it;http://www.bibliotecaronciglione.it;;;-75
Istituzione Comunale Culturale;C7;4034;www.iccbusca.it;http://www.iccbusca.it;;;-75
Istituzione Comunale Istituto Arborenze per La Ricerca e La Documentazione sul Giudicato e sul Marchesato;C7;95038;http://www.istar.oristano.it;http://www.istar.oristano.it;;;-75
Istituzione Comunale Palio Delle Corse a Vuoto di Ronciglione;C7;56045;www.comune.ronciglione.vt.it;http://www.comune.ronciglione.vt.it;;;-75
Istituzione Comunale Progetto Musica;C7;56045;www.comune.ronciglione.vt.it;http://www.comune.ronciglione.vt.it;;;-75
Istituzione Comunale Scuola Civica di Musica Oristano;C7;95038;www.scuolacivicamusica.oristano.it;http://www.scuolacivicamusica.oristano.it;;;-75
Istituzione Dott. B. Boldrin;C7;29029;www.istituzioneboldrin.it;http://www.istituzioneboldrin.it;;;-75
Istituto Dei Ciechi Florio e Salamone;C7;82053;www.istciechipalermo.it;http://www.istciechipalermo.it;;;-75
Istituto Domenico Martuscelli;C7;63049;www.istitutomartuscelli.it;http://www.istitutomartuscelli.it;;;-75
Istituto Nazionale per la promozione della salute delle popolazioni Migranti e per il contrasto delle malattie della Poverta';C7;58091;www.inmp.it;http://www.inmp.it;;;-75
Istituzione Poseidonia;C7;65025;www.comune.capaccio.sa.it;http://www.comune.capaccio.sa.it;;;-75
Istituto di Previdenza e Assistenza Dipendenti Roma Capitale;C7;58091;www.comune.roma.it/wps/portal/pcr?jp_pagecode=age_azi;http://www.comune.roma.it;;;-75
Istituzione Parco Nazionale della Pace Sant'Anna di Stazzema;C7;46030;www.parconazionaledellapace.it;http://www.parconazionaledellapace.it;;;-75
Istituto Italiano per l'Africa e l'Oriente;C7;58091;www.isiao.it;http://www.isiao.it;;;-75
Istituti di Santa Maria in Aquiro;C7;58091;www.isma.roma.it;http://www.isma.roma.it;;;-75
Lega Italiana per la Lotta contro i Tumori;C7;58091;www.lilt.it;http://www.lilt.it;;;-75
Accademia Nazionale dei Lincei;C7;58091;www.lincei.it;http://www.lincei.it;;;-75
La Quadriennale di Roma;C7;58091;www.quadriennalediroma.org;http://www.quadriennalediroma.org.it;;;-75
Fondazione Maxxi - Museo Nazionale Delle Arti del XXI Secolo;C7;58091;www.maxxi.art;http://www.maxxi.art.it;;;-75
Museo Castello del Buonconsiglio Monumenti e Collezioni Provinciali;C7;22205;www.buonconsiglio.it;http://www.buonconsiglio.it;;;-75
Museo D'Arte Moderna e Contemporanea di Trento e Rovereto;C7;22161;www.mart.tn.it;http://www.mart.tn.it;;;-75
Museo degli Usi e Costumi della Gente Trentina;C7;22167;museosanmichele.it;http://museosanmichele.it;;;-75
Museo Storico della Liberazione;C7;58091;www.museoliberazione.it;http://www.museoliberazione.it;;;-75
Museo delle Scienze;C7;22205;www.muse.it;http://www.muse.it;;;-75
Museo Tattile Statale Omero;C7;42002;www.museoomero.it;http://www.museoomero.it;;;-75
Nuova Scuola Comunale di Musica;C7;68024;www.scuolamusicamontesilvano.it;http://www.scuolamusicamontesilvano.it;;;-75
Casa di Riposo Ospedale di Cavour;C7;1070;www.ospedaledicavour.it;http://www.ospedaledicavour.it;;;-75
Opera Pia Raggio di Sole;C7;28060;www.operapia-raggiodisole.it;http://www.operapia.raggiodisole.it;;;-75
Opera Pia Telesino Ardizzone;C7;82053;www.operapiatelesino.it;http://www.operapiatelesino.it;;;-75
Pio Ospizio S. Michele;C7;23053;www.pioospizio.it;http://www.pioospizio.it;;;-75
Pensionato Regina Elena;C7;1178;www.reginaelena.org;http://www.reginaelena.org.it;;;-75
Scuola Archeologica Italiana di Atene;C7;58091;www.scuoladiatene.it;http://www.scuoladiatene.it;;;-75
Scuola Civica di Musica Alessandra Saba;C7;95025;www.comunemarrubiu.it;http://www.comunemarrubiu.it;;;-75
Seps Segretariato Europeo per Le Pubblicazioni Scientifiche;C7;37006;www.seps.it;http://www.seps.it;;;-75
Unione Italiana Tiro a Segno;C7;58091;www.uits.it;http://www.uits.it;;;-75
