Denominazione_ente;Codice_Categoria;Codice_comune_ISTAT;Sito_istituzionale;url;http_ok;codice_risposta;test_timeout
Area Science Park;C8;32006;www.areasciencepark.it;http://www.areasciencepark.it;http://www.areasciencepark.it;200;5
Agenzia Regionale per La Ricerca in Agricoltura - Agris;C8;90064;www.sardegnaagricoltura.it;http://www.sardegnaagricoltura.it;http://www.sardegnaagricoltura.it;200;5
AGENZIA SPAZIALE ITALIANA;C8;58091;www.asi.it;http://www.asi.it;https://www.asi.it;200;5
Agenzia Umbria Ricerche;C8;54039;www.aur-umbria.it;http://www.aur.umbria.it;_NV_;['Errno -2'];20
Centro per La Documentazione e La Ricerca Antropologica in Valnerina e nella Dorsale Appenninica Umbra;C8;54010;www.cedrav.org;http://www.cedrav.org.it;_NV_;['Errno -2'];20
Consorzio per la Ricerca sulla Filiera Lattiero Casearia;C8;88009;www.corfilac.it;http://www.corfilac.it;http://www.corfilac.it;200;5
Consiglio Nazionale delle Ricerche - CNR;C8;58091;www.cnr.it;http://www.cnr.it;_NV_;SSLERROR;20
Consiglio per la ricerca in agricoltura e l'analisi dell'economia agraria;C8;58091;www.crea.gov.it;http://www.crea.it;http://www.crea.it;200;5
Centro Studi Giuridici e Politici;C8;54039;http://centrostudi.crumbria.it/;http://centrostudi.crumbria.it;https://centrostudi.crumbria.it;404;5
Enea Agenzia Nazionale per Le Nuove Tecnologie, L'Energia e Lo Sviluppo Economico Sostenibile;C8;58091;www.enea.it;http://www.enea.it;http://www.enea.it;200;5
Ente Geopaleontologico di Pietraroja;C8;62051;https://www.entegeopaleontologico.it;https://www.entegeopaleontologico.it;https://www.entegeopaleontologico.it;200;5
Fondazione Centro Ricerche Marine;C8;40008;www.centroricerchemarine.it;http://www.centroricerchemarine.it;http://www.centroricerchemarine.it;200;5
Fondazione Human Technopole;C8;15146;www.humantechnopole.it;http://www.humantechnopole.it;http://www.humantechnopole.it;200;5
Fondazione Istituto Italiano di Tecnologia;C8;10025;www.iit.it;http://www.iit.it;http://www.iit.it;200;5
Giunta Centrale per Gli Studi Storici;C8;58091;www.gcss.it;http://www.gcss.it;https://www.gcss.it;200;5
Istituto Cimbro Kulturinstitut Lusern;C8;22109;www. lusern.it;http://www.lusern.it;http://www.lusern.it;200;5
Istituto Domus Mazziniana;C8;50026;www.domusmazziniana.it;http://www.domusmazziniana.it;http://www.domusmazziniana.it;200;5
Istituto per Gli Studi Storici del Molise Vincenzo Cuoco Iresmo;C8;70006;www.iresmo.it;http://www.iresmo.it;http://www.iresmo.it;200;5
Istituto Italiano per La Storia Antica;C8;58091;www.storiaantica.eu;http://www.storiaantica.eu.it;_NV_;['Errno -2'];20
Istituto Italiano di Studi Germanici;C8;58091;www.studigermanici.it;http://www.studigermanici.it;http://www.studigermanici.it;200;5
Istituto per La Storia del Risorgimento Italiano;C8;58091;www.risorgimento.it;http://www.risorgimento.it;http://www.risorgimento.it;200;5
Istituto Nazionale di Astrofisica - INAF;C8;58091;www.inaf.it;http://www.inaf.it;http://www.inaf.it;200;5
"Istituto Nazionale di Alta Matematica ""Francesco Severi""";C8;58091;www.altamatematica.it;http://www.altamatematica.it;http://www.altamatematica.it;200;5
Istituto Nazionale di documentazione, Innovazione e Ricerca Educativa;C8;48017;www.indire.it;http://www.indire.it;https://www.indire.it;200;5
Istituto Nazionale di Fisica Nucleare;C8;58039;www.infn.it;http://www.infn.it;http://www.infn.it;200;5
Istituto Nazionale di Geofisica e Vulcanologia - INGV;C8;58091;www.ingv.it;http://www.ingv.it;http://www.ingv.it;200;5
Istituto Nazionale di Oceanografia e di Geofisica Sperimentale - OGS;C8;32005;www.inogs.it;http://www.inogs.it;http://www.inogs.it;200;5
Istituto Nazionale di Ricerca Metrologica - INRIM;C8;1272;www.inrim.it;http://www.inrim.it;http://www.inrim.it;200;5
Istituto Nazionale per la Valutazione del Sistema Educativo di Istruzione e di Formazione - INVALSI;C8;58091;www.invalsi.it;http://www.invalsi.it;https://www.invalsi.it;200;5
Istituto Provinciale di Ricerca e Sperimentazione Educativa;C8;22161;www.iprase.tn.it;http://www.iprase.tn.it;http://www.iprase.tn.it;200;5
Istituto Ricerche Economico Sociali del Piemonte;C8;1272;www.ires.piemonte.it;http://www.ires.piemonte.it;http://www.ires.piemonte.it;200;5
Istituto Nazionale per l'Analisi delle Politiche Pubbliche (INAPP);C8;58091;www.inapp.org;http://www.inapp.org.it;_NV_;['Errno -2'];20
Istituto Storico Italiano per L'Eta' Moderna e Contemporanea;C8;58091;iststor.it;http://iststor.it;http://iststor.it;200;5
Istituto Superiore per la Protezione e la Ricerca Ambientale;C8;58091;www.isprambiente.gov.it;http://www.isprambiente.it;http://www.isprambiente.it;200;20
Istituto Superiore Regionale Etnografico;C8;91051;www.isresardegna.it;http://www.isresardegna.it;http://www.isresardegna.it;200;5
Istituto Superiore di Sanita' - ISS;C8;58091;https://www.iss.it;https://www.iss.it;https://www.iss.it;200;5
Istituto Nazionale di Statistica - ISTAT;C8;58091;www.istat.it;http://www.istat.it;https://www.istat.it;200;5
Istituto per La Storia dell'Umbria Contemporanea;C8;54039;http://isuc.crumbria.it/;http://isuc.crumbria.it;https://isuc.crumbria.it;404;5
Istituto Sperimentale Zootecnico per La Sicilia;C8;82053;www.iszsicilia.it;http://www.iszsicilia.it;_NV_;['Errno -2'];20
Laboratorio Europeo di Spettroscopie non Lineari;C8;48043;www.lens.unifi.it;http://www.lens.unifi.it;http://www.lens.unifi.it;200;5
Museo Storico della Fisica e Centro Studi e Ricerche Enrico Fermi;C8;58091;www.cref.it;http://www.cref.it;http://www.cref.it;200;5
Porto Conte Ricerche S.Rl.;C8;90003;www.portocontericerche.it;http://www.portocontericerche.it;http://www.portocontericerche.it;200;5
Stazione Consorziale Sperimentale di Granicoltura per La Sicilia;C8;87011;www.granicoltura.it;http://www.granicoltura.it;http://www.granicoltura.it;200;5
Sardegna Ricerche;C8;92009;www.sardegnaricerche.it;http://www.sardegnaricerche.it;http://www.sardegnaricerche.it;200;5
Stazione Zoologica;C8;63049;www.szn.it;http://www.szn.it;http://www.szn.it;200;5
Unione Accademica Nazionale;C8;58091;www.uan.it;http://www.uan.it;http://www.uan.it;200;5
