Denominazione_ente;Codice_Categoria;Codice_comune_ISTAT;Sito_istituzionale;url;http_ok;codice_risposta;test_timeout
Fondazione Lirico Sinfonica Petruzzelli e Teatri di Bari;L16;72006;www.fondazionepetruzzelli.it;http://www.fondazionepetruzzelli.it;http://www.fondazionepetruzzelli.it;200;5
Fondazione Teatro Carlo Felice;L16;10025;www.teatrocarlofelice.it;http://www.teatrocarlofelice.it;http://www.teatrocarlofelice.it;200;5
Fondazione Teatro La Fenice di Venezia;L16;27042;www.teatrolafenice.it;http://www.teatrolafenice.it;http://www.teatrolafenice.it;200;20
Fondazione Teatro Lirico Giuseppe Verdi di Trieste;L16;32006;www.teatroverdi-trieste.com;http://www.teatroverdi.trieste.com.it;_NV_;['Errno -2'];20
Fondazione Teatro Massimo;L16;82053;www.teatromassimo.it;http://www.teatromassimo.it;http://www.teatromassimo.it;200;20
Fondazione Teatro dell'Opera di Roma;L16;58091;www.operaroma.it;http://www.operaroma.it;http://www.operaroma.it;200;5
Fondazione Teatro Regio di Torino;L16;1272;www.teatroregio.torino.it;http://www.teatroregio.torino.it;http://www.teatroregio.torino.it;200;5
Fondazione Teatro San Carlo di Napoli;L16;63049;www.teatrosancarlo.it;http://www.teatrosancarlo.it;http://www.teatrosancarlo.it;200;5
Fondazione Teatro alla Scala di Milano;L16;15146;www.teatroallascala.org;http://www.teatroallascala.org.it;_NV_;['Errno -2'];20
Teatro Comunale di Bologna Fondazione;L16;37006;www.tcbo.it/;http://www.tcbo.it;http://www.tcbo.it;200;5
Fondazione Teatro Lirico di Cagliari;L16;92009;www.teatroliricodicagliari.it;http://www.teatroliricodicagliari.it;http://www.teatroliricodicagliari.it;200;5
Fondazione Teatro del Maggio Musicale Fiorentino;L16;48017;www.operadifirenze.it;http://www.operadifirenze.it;http://www.operadifirenze.it;200;5
