Denominazione_ente;Codice_Categoria;Codice_comune_ISTAT;Sito_istituzionale;url;http_ok;codice_risposta;test_timeout
DOGRE S.R.L.;L37;54039;https://dogresrl.it/;https://dogresrl.it;https://dogresrl.it;200;5
SOCIETA' ACQUEDOTTO VALLE DEL LAMONE SRL;L37;48026;www.savlmarradi.it;http://www.savlmarradi.it;http://www.savlmarradi.it;200;5
ISONTINA AMBIENTE SRL;L37;31016;www.isontinambiente.it;http://www.isontinambiente.it;http://www.isontinambiente.it;200;5
Consorzio di bonifica Piave;L37;26046;www.consorziopiave.it;http://www.consorziopiave.it;http://www.consorziopiave.it;200;5
Azienda Casa Emilia Romagna della Provincia di Ravenna;L37;39014;www.acerravenna.it;http://www.acerravenna.it;http://www.acerravenna.it;200;5
Artemedia Srl;L37;110003;www.artemedia.srl;http://www.artemedia.srl.it;_NV_;['Errno -2'];20
Azienda Speciale Multiservizi del Comune di Fossano;L37;4089;www.asmfossano.it;http://www.asmfossano.it;http://www.asmfossano.it;200;5
ACEGASAPSAMGA S.p.A.;L37;32006;www.gruppohera.it;http://www.gruppohera.it;http://www.gruppohera.it;200;5
Secif Srl;L37;38001;https://secif.info/;https://secif.info;https://secif.info;200;5
SISTEMA AMBIENTE SPA;L37;46017;HTTPS:SISTEMAAMBIENTELUCCA.IT;https://sistemaambientelucca.it;https://sistemaambientelucca.it;200;5
S.T.E.P. SRL;L37;90069;www.stepservizi.net;http://www.stepservizi.net.it;_NV_;['Errno -2'];20
San Donnino Multiservizi Srl;L37;34014;www.sandonnino.it;http://www.sandonnino.it;http://www.sandonnino.it;200;5
COSMARI SRL;L37;43053;www.cosmarimc.it;http://www.cosmarimc.it;http://www.cosmarimc.it;200;5
Ato Ambiente Cl2 Spa in Liquidazione;L37;85007;www.atoambiente-cl2.it;http://www.atoambiente.cl2.it;_NV_;['Errno -2'];20
Asea Azienda Speciale;L37;62008;www.aseaenergia.eu;http://www.aseaenergia.eu.it;_NV_;['Errno -2'];20
Anconambiente S.P.A.;L37;42002;www.anconambiente.it;http://www.anconambiente.it;http://www.anconambiente.it;200;20
Abaco Spa;L37;28060;www.abacospa.it;http://www.abacospa.it;http://www.abacospa.it;200;5
Ateneo Bergamo Spa;L37;16024;www.unibg.it/ateneo-bergamo-spa;http://www.unibg.it;http://www.unibg.it;200;5
Abbanoa S.P.A.;L37;91051;www.abbanoa.it;http://www.abbanoa.it;http://www.abbanoa.it;200;5
Patronato Acai;L37;58091;www.patronatoacaienas.it;http://www.patronatoacaienas.it;http://www.patronatoacaienas.it;200;5
Azienda Comprensoriale Acquedottistica S.P.A in House Providing;L37;68028;www.aca.pescara.it;http://www.aca.pescara.it;http://www.aca.pescara.it;200;5
Azienda Consortile Acquedotti Vena Niceto;L37;83096;acavn.it;http://acavn.it;http://acavn.it;500;5
Associazione Consorzi di Bonifica del F.V.G.;L37;30129;www.assoconsorzibonificafvg.it;http://www.assoconsorzibonificafvg.it;http://www.assoconsorzibonificafvg.it;200;5
Azienda Casa Emilia Romagna della Provincia di Bologna;L37;37006;www.acerbologna.it;http://www.acerbologna.it;http://www.acerbologna.it;200;5
Azienda Casa Emilia Romagna della Provincia di Forli' Cesena;L37;40012;www.aziendacasa.fc.it;http://www.aziendacasa.fc.it;http://www.aziendacasa.fc.it;200;5
Aciam S.P.A.;L37;66006;www.aciam.it;http://www.aciam.it;http://www.aciam.it;200;5
Associazione della Conferenza Permanente Dei Presidenti di Consiglio di Corso di Laurea Magistrale in Medicina e Chirurgia Delle Universita' Italiane;L37;58091;www.presidenti-medicina.it;http://www.presidenti.medicina.it;_NV_;['Errno -2'];20
Area Contigua al P.N.A.L.M. Versante Molisano Provincia di Isernia;L37;94023;areacontiguapnalmmolise.com;http://areacontiguapnalmmolise.com.it;_NV_;['Errno -2'];20
Associazione Centro Ricerche e Attivita Onlus;L37;58074;www.associazionecrea.org;http://www.associazionecrea.org.it;_NV_;['Errno -2'];20
Acsel S.P.A.;L37;1255;https://www.acselspa.it/;https://www.acselspa.it;https://www.acselspa.it;200;5
Acquedotto del Carso Spa - Kraski Vodovod Dd;L37;32001;www.ackv.it;http://www.ackv.it;http://www.ackv.it;200;5
Atac Civitanova Spa;L37;43013;www.atac-civitanova.it;http://www.atac.civitanova.it;_NV_;['Errno -2'];20
Arezzo Casa Spa;L37;51002;www.arezzocasa.net;http://www.arezzocasa.net.it;_NV_;['Errno -2'];20
Autoservizi Cerella Srl;L37;69099;www.autoservizicerella.it;http://www.autoservizicerella.it;http://www.autoservizicerella.it;200;5
Acque del Chiampo Spa Servizio Idrico Integrato;L37;24008;www.acquedelchiampospa.it/;http://www.acquedelchiampospa.it;http://www.acquedelchiampospa.it;200;5
Acquedotto della Piana S.P.A.;L37;5118;www.acquedottopiana.it;http://www.acquedottopiana.it;http://www.acquedottopiana.it;200;5
Azienda Energetica Municipale S.P.A.;L37;19036;https://aemcremona.it;https://aemcremona.it;https://aemcremona.it;200;5
Aequa Roma S.P.A.;L37;58091;www.aequaroma.it;http://www.aequaroma.it;http://www.aequaroma.it;200;5
Amg Energia S.P.A.;L37;82053;www.amgenergia.it;http://www.amgenergia.it;http://www.amgenergia.it;200;5
Aet2000 Spa;L37;30027;ww.aet2000.it;http://www.aet2000.it;http://www.aet2000.it;200;5
Azienda Feltrina per i Servizi alla Persona;L37;25021;www.aziendafeltrina-serviziallapersona.it;http://www.aziendafeltrina.serviziallapersona.it;_NV_;['Errno -2'];20
Accademia Formativa Martesana - Citta' di Gorgonzola;L37;15108;www.afmg.it;http://www.afmg.it;http://www.afmg.it;200;5
Associazione Gruppo di Azione Locale Trasimeno Orvietano;L37;54012;www.galto.info;http://www.galto.info.it;_NV_;['Errno -2'];20
AGRICOM SRL IN LIQUIDAZIONE;L37;42017;www.comune.fabriano.gov.it/;http://www.comune.fabriano.it;_NV_;['Errno -2'];20
Amiu Genova Spa;L37;10025;www.amiu.genova.it;http://www.amiu.genova.it;http://www.amiu.genova.it;200;5
Azienda Gardesana Servizi S.P.A.;L37;23059;www.ags.vr.it;http://www.ags.vr.it;http://www.ags.vr.it;200;5
A.G.T. Multiservizi S.R.L.;L37;87019;www.agtmultiservizi.it;http://www.agtmultiservizi.it;http://www.agtmultiservizi.it;200;5
Azienda per I Beni Comuni di Latina;L37;59011;http://www.abclatina.it/;http://www.abclatina.it;http://www.abclatina.it;200;5
Airgest S.P.A.;L37;81021;www.airgest.it;http://www.airgest.it;http://www.airgest.it;200;5
Attiva Industria del Recupero Spa;L37;68028;www.attiva-spa.it;http://www.attiva.spa.it;_NV_;['Errno -2'];20
Azienda Intercomunale Rotaliana S.P.A.;L37;22117;www.airspa.it;http://www.airspa.it;http://www.airspa.it;200;5
Azienda per i Servizi alla Persona Gian Luigi Panzeri S.R.L.;L37;13159;aspmozzate.wixsite.com/aspmozzatehome;http://aspmozzate.wixsite.com;http://aspmozzate.wixsite.com;404;5
Aemme Linea Ambiente S.R.L.;L37;15130;www.aemmelineaambiente.it;http://www.aemmelineaambiente.it;http://www.aemmelineaambiente.it;200;5
Alfa S.R.L.;L37;12133;www.alfavarese.it;http://www.alfavarese.it;http://www.alfavarese.it;200;5
Alisea Spa;L37;27019;www.alisea2000.it;http://www.alisea2000.it;http://www.alisea2000.it;200;5
Agenzia Locale di Sviluppo Dei Comuni dell'Area Nolana S.C.P.A.;L37;63013;www.agenziaareanolana.it;http://www.agenziaareanolana.it;http://www.agenziaareanolana.it;200;5
Amga Legnano S.P.A.;L37;15118;https://www.amga.it;https://www.amga.it;https://www.amga.it;200;5
Acquedotto Lucano Spa;L37;76063;www.acquedottolucano.it;http://www.acquedottolucano.it;https://www.acquedottolucano.it;200;5
Azienda Meridionale Acque Messina S.P.A.;L37;83048;amam.it;http://amam.it;http://amam.it;200;20
A.M.A.N  Scpa;L37;55004;www.amanscpa.it;http://www.amanscpa.it;http://www.amanscpa.it;200;5
Amap S.P.A.;L37;82053;www.amapspa.it;http://www.amapspa.it;http://www.amapspa.it;200;20
Alte Madonie Ambiente Spa in Liquidazione;L37;82024;www.altemadonieambiente.it;http://www.altemadonieambiente.it;_NV_;['Errno -2'];20
Agenzia Mobilita Ambiente e Territorio;L37;15146;www.amat-mi.it;http://www.amat.mi.it;_NV_;['Errno -2'];20
Amat Palermo S.P.A.;L37;82053;www.amat.pa.it;http://www.amat.pa.it;http://www.amat.pa.it;200;20
Amb Spa;L37;82006;www.ambspa.it;http://www.ambspa.it;http://www.ambspa.it;200;5
Azienda Multiservizi Casamicciola Srl;L37;63019;www.amcasrl.it;http://www.amcasrl.it;http://www.amcasrl.it;200;5
Azienda Municipale Gas S.P.A.;L37;72006;www.retegasbari.it;http://www.retegasbari.it;http://www.retegasbari.it;200;5
Anxanum Multiservizi Intercomunali Spa;L37;69046;www.anxam.it;http://www.anxam.it;http://www.anxam.it;200;5
Amiu Spa;L37;73027;www.amiutaranto.it;http://www.amiutaranto.it;http://www.amiutaranto.it;200;5
Societa' Multiservizi Rovereto Srl;L37;22161;www.smr.tn.it;http://www.smr.tn.it;http://www.smr.tn.it;200;5
Arezzo Multiservizi Srl;L37;51002;www.arezzomultiservizi.it;http://www.arezzomultiservizi.it;http://www.arezzomultiservizi.it;200;5
Azienda Municipale Sviluppo Arco Srl;L37;22006;www.amsaarco.it;http://www.amsaarco.it;http://www.amsaarco.it;200;5
Azienda Multi Servizi Spa;L37;44066;www.sbt.it;http://www.sbt.it;http://www.sbt.it;200;20
Arechi Multiservice Spa;L37;65116;www.arechimultiservice.it;http://www.arechimultiservice.it;http://www.arechimultiservice.it;200;5
Ama S.R.L.;L37;76006;www.amautility.it;http://www.amautility.it;http://www.amautility.it;200;5
Ambiente Servizi Spa;L37;93041;www.ambienteservizi.net;http://www.ambienteservizi.net.it;_NV_;['Errno -2'];20
Azienda Mobilita' e Trasporti Bari Spa;L37;72006;www.amtab.it;http://www.amtab.it;http://www.amtab.it;200;5
Associazione Media Valle del Tevere Gal;L37;54053;www.mediavalletevere.it;http://www.mediavalletevere.it;http://www.mediavalletevere.it;200;5
Anthea Srl;L37;99014;www.anthearimini.it;http://www.anthearimini.it;http://www.anthearimini.it;200;5
Acqua Novara Vco;L37;3106;www.acquanovaravco.eu;http://www.acquanovaravco.eu.it;_NV_;['Errno -2'];20
Acque Ovest Bresciano Due Srl;L37;17166;www.aob2.it;http://www.aob2.it;http://www.aob2.it;200;5
Azienda Pubbliservizi Brunico;L37;21013;www.stadtwerke.it;http://www.stadtwerke.it;http://www.stadtwerke.it;200;5
Adopera Patrimonio e Investimenti Casalecchio di Reno Srl;L37;37011;www.adoperasrl.it;http://www.adoperasrl.it;http://www.adoperasrl.it;200;5
Azienda Pluriservizi Macerata;L37;43023;www.apmgroup.it;http://www.apmgroup.it;https://www.apmgroup.it;200;20
Altogarda Parcheggi e Mobilita' Srl;L37;22153;www.altogarda-parcheggi.it;http://www.altogarda.parcheggi.it;_NV_;['Errno -2'];20
Acquedotto Pugliese S.P.A.;L37;72006;www.aqp.it;http://www.aqp.it;http://www.aqp.it;200;5
Azienda Pubblica di Servizi alla Persona Asp-masaccio;L37;51033;www.aspmasaccio.com;http://www.aspmasaccio.com.it;_NV_;['Errno -2'];20
Azienda Pubblica di Servizi alla Persona Centro Residenziale Martelli;L37;48052;www.aspmartelli.it;http://www.aspmartelli.it;http://www.aspmartelli.it;200;5
Azienda Pubblica di Servizi alla Persona Giuseppe Vegni;L37;53004;www.aspvegni.it;http://www.aspvegni.it;http://www.aspvegni.it;200;5
Azienda Pubblica di Servizi alla Persona Centro Residenziale Matteo Remaggi;L37;50008;www.matteoremaggi.it/;http://www.matteoremaggi.it;http://www.matteoremaggi.it;200;5
Azienda Pubblica di Servizi alla Persona Piccolomini-Sereni;L37;53026;www.asp-piccolominisereni.it;http://www.asp.piccolominisereni.it;_NV_;['Errno -2'];20
Azienda Pubblica di Servizi alla Persona S. Domenico;L37;47012;www.aspsandomenico.it;http://www.aspsandomenico.it;http://www.aspsandomenico.it;200;5
Aciclub Prato S.R.L.;L37;100005;www.prato.aci.it/;http://www.prato.aci.it;http://www.prato.aci.it;200;5
Ara Pusteria Spa;L37;21081;www.arapustertal.it;http://www.arapustertal.it;http://www.arapustertal.it;200;5
Ambiente Reale Azienda Speciale del Comune di Boscoreale;L37;63008;www.ambientereale.it;http://www.ambientereale.it;http://www.ambientereale.it;200;5
Arbia Servizi Srl;L37;52017;www.arbiaservizi.com;http://www.arbiaservizi.com.it;_NV_;['Errno -2'];20
Clara S.p.A.;L37;38007;www.clarambiente.it;http://www.clarambiente.it;http://www.clarambiente.it;200;5
Ama Rifiuto E' Risorsa S.C.R.L.;L37;82024;www.amarifiutoerisorsa.it;http://www.amarifiutoerisorsa.it;http://www.amarifiutoerisorsa.it;200;5
Societa' Unica Abruzzese di Trasporto Tua Spa;L37;69022;www.tuabruzzo.it;http://www.tuabruzzo.it;http://www.tuabruzzo.it;200;5
Ama Rozzano Spa;L37;15189;www.amarozzano.it;http://www.amarozzano.it;http://www.amarozzano.it;200;5
Asm Rovigo Spa;L37;29041;www.asmrovigo.it;http://www.asmrovigo.it;http://www.asmrovigo.it;200;5
Actv Spa;L37;27042;www.actv.it;http://www.actv.it;http://www.actv.it;200;20
Azienda Speciale Albatros Attivita' Sportive Dilettantistiche;L37;17096;www.asalbatros.it;http://www.asalbatros.it;http://www.asalbatros.it;200;5
Azienda Speciale Agenzia Formativa Don Angelo Tedoldi;L37;17096;www.agenziadontedoldi.eu;http://www.agenziadontedoldi.eu.it;_NV_;['Errno -2'];20
Ascit Servizi Ambientali Spa;L37;46007;www.ascit.it;http://www.ascit.it;http://www.ascit.it;200;5
A.S.A. Azienda Servizi Ambientali S.P.A.;L37;49009;www.asaspa.it;http://www.asaspa.it;http://www.asaspa.it;200;5
Azienda San Severino Marche;L37;43047;www.assemspa.it;http://www.assemspa.it;http://www.assemspa.it;200;5
ASM Multiservizi SPA;L37;63057;www.asmpomigliano.it;http://www.asmpomigliano.it;http://www.asmpomigliano.it;200;20
Alia Servizi Ambientali S.P.A.;L37;48017;www.aliaserviziambientali.it;http://www.aliaserviziambientali.it;http://www.aliaserviziambientali.it;200;20
Aspm Servizi Ambientali S.R.L.;L37;19098;www.aspmambientale.it;http://www.aspmambientale.it;http://www.aspmambientale.it;200;5
Assm Spa Azienda Specializzata Settore Multiservizi;L37;43053;www.assm.it;http://www.assm.it;http://www.assm.it;200;5
Azienda Speciale Comunale Assp Cortina;L37;25016;www.assp-cortina.it;http://www.assp.cortina.it;http://www.assp.cortina.it;200;5
Azienda Speciale Casa del Benessere;L37;40031;www.comune.portico-e-san-benedetto.fc.it;http://www.comune.portico.e.san.benedetto.fc.it;_NV_;['Errno -2'];20
Azienda Speciale Consortile Galliano;L37;13041;www.aziendaspecialegalliano.it;http://www.aziendaspecialegalliano.it;http://www.aziendaspecialegalliano.it;200;5
Agenzia di Sviluppo Dell'Area Metropolitana di Napoli Spa;L37;63049;https://armenasviluppo.it/;https://armenasviluppo.it;https://armenasviluppo.it;200;5
A.S.Far.M.;L37;12083;www.asfarm.it;http://www.asfarm.it;http://www.asfarm.it;200;5
Azienda Servizi Igiene Ambientale Benevento Spa;L37;62008;www.asiabenevento.it;http://www.asiabenevento.it;http://www.asiabenevento.it;200;5
Azienda Servizi Igiene Ambientale Napoli Spa;L37;63049;www.asianapoli.it;http://www.asianapoli.it;http://www.asianapoli.it;200;20
A.S.M. Farmacie Comunali Garbagnate Milanese S.R.L.;L37;15105;WSTHMSJL;http://wsthmsjl.it;_NV_;['Errno -2'];20
ASMIU S.R.L.;L37;45010;www.asmiu.it;http://www.asmiu.it;http://www.asmiu.it;200;5
Azienda Speciale Consortile Medio Olona Servizi alla Persona;L37;12098;www.aziendaspecialemedioolona.it;http://www.aziendaspecialemedioolona.it;http://www.aziendaspecialemedioolona.it;200;5
Azienda Speciale Multiservizi Pandino;L37;19067;www.asmpandino.it;http://www.asmpandino.it;http://www.asmpandino.it;200;5
Asm Pavia Spa;L37;18110;www.asm.pv.it;http://www.asm.pv.it;http://www.asm.pv.it;200;5
Azienda Speciale Multiservizi;L37;1292;www.asmvenaria.it;http://www.asmvenaria.it;http://www.asmvenaria.it;200;5
A.S.P. S.R.L. Anguillara Servizi e Patrimonio;L37;28004;www.aspsrl.com;http://www.aspsrl.com.it;_NV_;['Errno -2'];20
Ama S.P.A.;L37;58091;www.amaroma.it;http://www.amaroma.it;http://www.amaroma.it;200;5
Asti Servizi Pubblici S.P.A.;L37;5005;www.asp.asti.it;http://www.asp.asti.it;http://www.asp.asti.it;200;5
Azienda Pubblica di Servizi alla persona Don Giovanni Silvestri;L37;72017;www.dongiovannisilvestri.it;http://www.dongiovannisilvestri.it;http://www.dongiovannisilvestri.it;200;5
Azienda Pubblica di Servizi alla Persona di Montevarchi;L37;51026;www.asp-montevarchi.com;http://www.asp.montevarchi.com.it;_NV_;['Errno -2'];20
Azienda Servizi Pubblici Olbia S.P.A.;L37;90047;www.aspo.it;http://www.aspo.it;http://www.aspo.it;200;5
Azienda Pubblica di Servizi alla Persona della Provincia di Pescara;L37;68012;www.asp.pe.it;http://www.asp.pe.it;http://www.asp.pe.it;200;5
Asp 2 Teramo;L37;67004;www.asp2teramo.it/;http://www.asp2teramo.it;http://www.asp2teramo.it;200;5
Azienda Servizi alla Persona del Territorio Suzzarese - Socialis -;L37;20065;www.aziendasocialis.it;http://www.aziendasocialis.it;http://www.aziendasocialis.it;200;5
A.Se.R - Azienda Servizi del Rhodense S.P.A.;L37;15182;www.aserspa.net;http://www.aserspa.net.it;_NV_;['Errno -2'];20
Asis Salernitana Rete Ed Impianti S.P.A;L37;65116;www.asisnet.it;http://www.asisnet.it;http://www.asisnet.it;200;20
As2 S.R.L. - Azienda Servizi Strumentali;L37;29041;www.as2srl.it;http://www.as2srl.it;http://www.as2srl.it;200;5
Azienda Speciale Servizi Comuni;L37;58034;www.servizicomuni.com;http://www.servizicomuni.com.it;_NV_;['Errno -2'];20
Azienda Speciale Servizi Integrati Comunali;L37;58110;www.assicomune.it;http://www.assicomune.it;http://www.assicomune.it;200;5
Azienda Speciale Servizi alla Persona Fodom Servizi;L37;25030;www.fodomservizi.it;http://www.fodomservizi.it;http://www.fodomservizi.it;200;5
Azienda Speciale Servizi alla Persona e alla Famiglia Futura;L37;15175;www.aziendafutura.org;http://www.aziendafutura.org.it;_NV_;['Errno -2'];20
Asa Servizi Srl;L37;1066;www.gruppoasainas.it;http://www.gruppoasainas.it;http://www.gruppoasainas.it;200;5
Azienda Speciale San Valentino Servizi;L37;65132;www.sanvalentinoservizi.it;http://www.sanvalentinoservizi.it;http://www.sanvalentinoservizi.it;401;5
Astea S.P.A.;L37;43044;www.asteaspa.it;http://www.asteaspa.it;http://www.asteaspa.it;200;5
Azienda Speciale Terme di Giunone;L37;23017;www.termegiunone.it;http://www.termegiunone.it;_NV_;['Errno -2'];20
Azienda Servizi Territoriali Spa;L37;17188;www.aziendaserviziterritoriali.com;http://www.aziendaserviziterritoriali.com.it;_NV_;['Errno -2'];20
Azienda Speciale Vola;L37;59021;www.aziendavola.it;http://www.aziendavola.it;http://www.aziendavola.it;200;5
A.S.V.O. Ambiente Servizi Venezia Orientale S.P.A.;L37;27029;www.asvo.it;http://www.asvo.it;http://www.asvo.it;200;20
Azienda Territoriale Arezzo Mobilita' Spa;L37;51002;www.atamarezzo.it;http://www.atamarezzo.it;http://www.atamarezzo.it;200;5
Azienda Trasporti Automobilistici Pubblici Province Biella e Vercelli;L37;96004;www.atapspa.it;http://www.atapspa.it;http://www.atapspa.it;200;20
Afc Torino S.P.A.;L37;1272;www.cimiteritorino.it;http://www.cimiteritorino.it;http://www.cimiteritorino.it;200;5
Azienda Territoriale per L'Edilizia Residenziale Pubblica del Comune di Roma;L37;58091;www.aterroma.it;http://www.aterroma.it;_NV_;['Errno -3'];20
Azienda Territoriale per i Servizi alla Persona;L37;13143;www.tecumserviziallapersona.it;http://www.tecumserviziallapersona.it;http://www.tecumserviziallapersona.it;200;5
Azienda Territoriale per L'Edilizia Residenziale Pubblica della Provincia di Roma;L37;58091;https://www.aterprovinciadiroma.it/;https://www.aterprovinciadiroma.it;https://www.aterprovinciadiroma.it;200;20
Azienda Trasporti Messina S.P.A.;L37;83048;www.atmmessinaspa.it;http://www.atmmessinaspa.it;http://www.atmmessinaspa.it;200;20
Azienda Trasporti Pubblici Nuoro;L37;91051;www.atpnuoro.it;http://www.atpnuoro.it;http://www.atpnuoro.it;200;5
A Tutta Rete S.R.L.;L37;38004;www.atuttarete.it/;http://www.atuttarete.it;http://www.atuttarete.it;200;5
Acque Toscane S.P.A.;L37;47011;www.acquetoscane.it;http://www.acquetoscane.it;http://www.acquetoscane.it;200;5
Azienda Veneziana della Mobilita Spa;L37;27042;www.avmspa.it;http://www.avmspa.it;http://www.avmspa.it;200;5
Asm Voghera Spa;L37;18182;www.asmvoghera.it;http://www.asmvoghera.it;http://www.asmvoghera.it;200;5
Acque Veronesi;L37;23091;www.acqueveronesi.it;http://www.acqueveronesi.it;http://www.acqueveronesi.it;200;5
Alto Vicentino Servizi Spa;L37;24105;www.altovicentinoservizi.it;http://www.altovicentinoservizi.it;http://www.altovicentinoservizi.it;200;5
Auxilium Vitae Volterra Spa;L37;50039;www.auxiliumvitae.it;http://www.auxiliumvitae.it;http://www.auxiliumvitae.it;200;5
Azienda di Servizi alla Persona Casa Leandra di Canneto Sull' Oglio;L37;20008;www.asp.canneto.mn.it;http://www.asp.canneto.mn.it;_NV_;['Errno -2'];20
Barletta Servizi Ambientali Spa;L37;110002;www.barsa.it;http://www.barsa.it;http://www.barsa.it;200;5
Brianzacque Srl;L37;108033;www.brianzacque.it;http://www.brianzacque.it;http://www.brianzacque.it;200;5
Bim Belluno Infrastrutture S.P.A.;L37;25006;http://www.bimbelluno.it/;http://www.bimbelluno.it;http://www.bimbelluno.it;200;5
Bim Gestione Servizi Pubblici Spa;L37;25006;www.gestioneservizipubblici.bl.it;http://www.gestioneservizipubblici.bl.it;http://www.gestioneservizipubblici.bl.it;200;5
NOI S.p.A.;L37;21008;www.noi.bz.it;http://www.noi.bz.it;http://www.noi.bz.it;200;5
Brescia Mobilita' Spa;L37;17029;www.bresciamobilita.it;http://www.bresciamobilita.it;http://www.bresciamobilita.it;200;5
Brescia Trasporti S.P.A.;L37;17029;https://www.bresciamobilita.it/il-gruppo/brescia-trasporti;https://www.bresciamobilita.it;https://www.bresciamobilita.it;200;5
Busitalia - Sita Nord S.R.L.;L37;58091;http://www.fsbusitalia.it/;http://www.fsbusitalia.it;http://www.fsbusitalia.it;200;5
Busitalia Veneto Spa;L37;28060;http://www.fsbusitaliaveneto.it/;http://www.fsbusitaliaveneto.it;http://www.fsbusitaliaveneto.it;200;5
Caltaqua Acque di Caltanissetta S.P.A.;L37;85004;www.caltaqua.it;http://www.caltaqua.it;http://www.caltaqua.it;200;5
C.A.D.F. S.P.A.;L37;38005;www.cadf.it;http://www.cadf.it;http://www.cadf.it;200;5
Consorzio per l' Approvvigionamento Idrico Dei Comuni di San Fermo della Battaglia Cavallasca e Pare;L37;13206;www.comune.sanfermodellabattaglia.co.it;http://www.comune.sanfermodellabattaglia.co.it;http://www.comune.sanfermodellabattaglia.co.it;200;5
Consorzio Acquedottistico Marsicano S.P.A.;L37;66006;www.cam-spa.com;http://www.cam.spa.com.it;_NV_;['Errno -2'];20
Camvo Spa;L37;23012;www.camvo.it;http://www.camvo.it;http://www.camvo.it;200;5
Centro Agroalimentare Roma C.A.R. S.C.P.A.;L37;58047;www.agroalimroma.it;http://www.agroalimroma.it;http://www.agroalimroma.it;200;5
Campania Ambiente e Servizi Spa;L37;63049;www.campaniaambiente.it;http://www.campaniaambiente.it;http://www.campaniaambiente.it;403;5
Casoria Ambiente Spa;L37;63023;www.casoriambiente.it;http://www.casoriambiente.it;http://www.casoriambiente.it;200;5
Castiglione 2014 Azienda Speciale;L37;53006;www.castiglione2014.it;http://www.castiglione2014.it;http://www.castiglione2014.it;200;5
M&P MOBILITA' & PARCHEGGI SPA ;L37;42002;www.anconaparcheggi.it;http://www.anconaparcheggi.it;http://www.anconaparcheggi.it;200;5
Consorzio di Bonifica 3 Medio Valdarno;L37;48017;www.cbmv.it;http://www.cbmv.it;http://www.cbmv.it;200;5
Consorzio di Bonifica 4 Caltanissetta;L37;85004;www.consorziobonifica4caltanissetta.it;http://www.consorziobonifica4caltanissetta.it;http://www.consorziobonifica4caltanissetta.it;200;5
Consorzio di Bonifica Alto Jonio Reggino;L37;80067;www.consorzioajr.it/;http://www.consorzioajr.it;http://www.consorzioajr.it;200;5
Consorzio di Bonifica del Basso Sulics;L37;111009;www.consorziobassosulcis.it;http://www.consorziobassosulcis.it;_NV_;['Errno -2'];20
Consorzio di Bonifica della Basilicata;L37;77014;www.bonificabasilicata.it;http://www.bonificabasilicata.it;http://www.bonificabasilicata.it;200;5
Consorzio di Bonifica della Baraggia Biellese e Vercellese;L37;2158;www.consorziobaraggia.it;http://www.consorziobaraggia.it;http://www.consorziobaraggia.it;200;5
Consorzio di Bonifica di Bradano e Metaponto;L37;77014;www.bradanometaponto.it;http://www.bradanometaponto.it;http://www.bradanometaponto.it;200;5
Consorzio della Bonifica Burana;L37;36023;www.consorzioburana.it;http://www.consorzioburana.it;http://www.consorzioburana.it;200;5
Consorzio di Bonifica Chiese;L37;17032;www.consorziobonificachiese.it;http://www.consorziobonificachiese.it;_NV_;['Errno -2'];20
Consorzio di Bonifica della Conca di Agnano e Dei Bacini Flegrei;L37;63049;www.bonificagnanoeflegrei.it;http://www.bonificagnanoeflegrei.it;http://www.bonificagnanoeflegrei.it;200;20
Consorzio di Bonifica 9 Catania;L37;87015;www.consorziobonifica9ct.it;http://www.consorziobonifica9ct.it;http://www.consorziobonifica9ct.it;200;5
Consorzio di Bonifica Cellina Meduna;L37;93033;www.cbcm.it;http://www.cbcm.it;http://www.cbcm.it;200;5
Consorzio di Bonifica Conca di Sora;L37;60074;www.consorzioconcadisora.it;http://www.consorzioconcadisora.it;http://www.consorzioconcadisora.it;200;5
Consorzio di Bonifica in Destra del Fiume Sele;L37;65116;www.bonificadestrasele.it;http://www.bonificadestrasele.it;http://www.bonificadestrasele.it;200;5
Consorzio di Bonifica Delle Marche;L37;41044;www.bonificamarche.it;http://www.bonificamarche.it;http://www.bonificamarche.it;200;5
Consorzio di Bonifica D'Ogliastra;L37;91095;www.cbogliastra.it;http://www.cbogliastra.it;http://www.cbogliastra.it;200;5
Consorzio di Bonifica Delle Paludi di Napoli e Volla;L37;63049;www.consorziobonificanapoli.it;http://www.consorziobonificanapoli.it;http://www.consorziobonificanapoli.it;200;5
Consorzio di Bonifica dell'Emilia Centrale;L37;35033;www.emiliacentrale.it;http://www.emiliacentrale.it;http://www.emiliacentrale.it;200;20
Consorzio di Bonifica Est Ticino Villoresi;L37;15146;www.etvilloresi.it;http://www.etvilloresi.it;http://www.etvilloresi.it;200;5
Consorzio di Bonifica Foce Passirio Foce Dell Isarco;L37;21008;www.bfk.it;http://www.bfk.it;http://www.bfk.it;200;5
Consorzio di Bonifica della Gallura;L37;90006;www.cbgallura.it;http://www.cbgallura.it;http://www.cbgallura.it;200;5
Consorzio di Bonifica Garda Chiese;L37;20030;www.gardachiese.it;http://www.gardachiese.it;http://www.gardachiese.it;200;5
Consorzio di Bonifica Ionio Catanzarese;L37;79023;www.ioniocatanzarese.it;http://www.ioniocatanzarese.it;http://www.ioniocatanzarese.it;200;5
Consorzio Bonifica Integrale Comprensorio Sarno;L37;65078;www.bonificasarno.it;http://www.bonificasarno.it;http://www.bonificasarno.it;200;5
Consorzio di Bonifica Integrale Dei Bacini Meridionali del Cosentino;L37;78045;www.bacinimeridionali.it;http://www.bacinimeridionali.it;http://www.bacinimeridionali.it;200;5
Consorzio di Bonifica Integrale Dei Bacini Settentrionali del Cosentino;L37;78084;www.bacinisettentrionali.it;http://www.bacinisettentrionali.it;http://www.bacinisettentrionali.it;200;5
Consorzio di Bonifica Ionio Crotonese;L37;101010;www.ioniocrotonese.it;http://www.ioniocrotonese.it;http://www.ioniocrotonese.it;200;5
Consorzio di Bonifica Integrale Larinese;L37;70031;www.consorziobonificalarinese.it;http://www.consorziobonificalarinese.it;http://www.consorziobonificalarinese.it;200;5
Consorzio di Bonifica Integrale Dei Bacini dello Jonio Cosentino;L37;78150;http://www.cbjoniocosentino.it/;http://www.cbjoniocosentino.it;http://www.cbjoniocosentino.it;200;5
Consorzio di Bonifica Muzza Bassa Lodigiana di Lodi;L37;98031;www.muzza.it;http://www.muzza.it;http://www.muzza.it;200;5
Consorzio di Bonifica Montana del Gargano;L37;71024;www.bonificadelgargano.it;http://www.bonificadelgargano.it;http://www.bonificadelgargano.it;200;5
Consorzio di Bonifica della Maremma Etrusca;L37;56050;www.bonificamaremmaetrusca.it/;http://www.bonificamaremmaetrusca.it;_NV_;['Errno -2'];20
Consorzio di Bonifica della Media Pianura Bergamasca;L37;16024;www.cbbg.it;http://www.cbbg.it;http://www.cbbg.it;200;5
Consorzio di Bonifica Navarolo Agro Cremonese Mantovano;L37;19021;www.navarolo.it;http://www.navarolo.it;http://www.navarolo.it;200;5
Consorzio di Bonifica del Nord Sardegna;L37;90052;www.cbnordsardegna.it;http://www.cbnordsardegna.it;http://www.cbnordsardegna.it;200;5
Consorzio di Bonifica della Nurra - Sassari;L37;90064;www.bonificanurra.it;http://www.bonificanurra.it;http://www.bonificanurra.it;200;5
Consorzio di Bonifica dell'Oristanese;L37;95038;www.bonificaoristanese.it;http://www.bonificaoristanese.it;http://www.bonificaoristanese.it;200;5
Consorzio di Bonifica Ombrone Pistoiese Bisenzio;L37;47014;www.cbombronebisenzio.it;http://www.cbombronebisenzio.it;_NV_;['Errno -2'];20
Consorzio di Bonifica Parmense;L37;34027;www.bonifica.pr.it;http://www.bonifica.pr.it;http://www.bonifica.pr.it;200;5
Consorzio di Bonifica di Piacenza;L37;33032;www.cbpiacenza.it;http://www.cbpiacenza.it;http://www.cbpiacenza.it;200;5
Consorzio Bonifica di Paestum;L37;65025;www.bonificapaestum.it/default.asp;http://www.bonificapaestum.it;http://www.bonificapaestum.it;200;5
Consorzio di Bonifica della Piana di Venafro;L37;94052;www.bonificavenafro.it;http://www.bonificavenafro.it;http://www.bonificavenafro.it;200;5
Consorzio di Bonifica Pianura di Ferrara;L37;38008;www.bonificaferrara.it;http://www.bonificaferrara.it;http://www.bonificaferrara.it;200;5
Consorzio di Bonifica Pratica di Mare;L37;58117;www.consorziodibonificapraticadimare.it;http://www.consorziodibonificapraticadimare.it;http://www.consorziodibonificapraticadimare.it;200;5
Consorzio di Bonifica della Romagna;L37;40007;www.bonificaromagna.it;http://www.bonificaromagna.it;http://www.bonificaromagna.it;200;5
Consorzio di Bonifica della Romagna Occidentale;L37;39012;www.romagnaoccidentale.it;http://www.romagnaoccidentale.it;http://www.romagnaoccidentale.it;200;5
Campania Bonifiche Srl;L37;63049;http://www.campaniabonifiche.org;http://www.campaniabonifiche.org;http://www.campaniabonifiche.org;200;5
Consorzio di Bonifica di Secondo Grado per Il Canale Emiliano Romagnolo;L37;37006;www.consorziocer.it;http://www.consorziocer.it;http://www.consorziocer.it;200;5
Consorzio di Bonifica della Sardegna Meridionale;L37;92009;www.cbsm.it;http://www.cbsm.it;http://www.cbsm.it;200;5
Consorzio di Bonifica Stornara e Tara;L37;73027;www.bonificastornaratara.it;http://www.bonificastornaratara.it;http://www.bonificastornaratara.it;200;5
Consorzio di Bonifica Sud;L37;69099;www.consorziobonificasud.it;http://www.consorziobonificasud.it;http://www.consorziobonificasud.it;200;5
Consorzio di Bonifica Tevere e Agro Romano;L37;58091;www.cbtar.it;http://www.cbtar.it;http://www.cbtar.it;200;5
Consorzio di Bonifica Tirreno Catanzarese;L37;79160;www.tirrenocatanzarese.it;http://www.tirrenocatanzarese.it;http://www.tirrenocatanzarese.it;200;5
Consorzio di Bonifica Terre D'Apulia;L37;72006;www.terreapulia.it;http://www.terreapulia.it;http://www.terreapulia.it;200;5
Consorzio di Bonifica dell'Ufita;L37;64038;www.bonificaufita.it;http://www.bonificaufita.it;http://www.bonificaufita.it;200;5
Consorzio della Bonificazione Umbra;L37;54051;www.bonificaumbra.it;http://www.bonificaumbra.it;http://www.bonificaumbra.it;200;5
Consorzio 4 Basso Valdarno;L37;50026;www.bassovaldarno.it/;http://www.bassovaldarno.it;http://www.bassovaldarno.it;200;5
Consorzio Bonifica Val di Chiana Romana e Val di Paglia;L37;52011;www.bonificachiana.it;http://www.bonificachiana.it;http://www.bonificachiana.it;200;5
Consorzio di Bonifica Vallo di Diano e Tanagro;L37;65114;www.bonificatanagro.it;http://www.bonificatanagro.it;http://www.bonificatanagro.it;200;5
Consorzio di Bonifica della Val di Paglia Superiore;L37;56001;www.bonificavaldipagliasuperiore.it;http://www.bonificavaldipagliasuperiore.it;http://www.bonificavaldipagliasuperiore.it;200;5
Cineca Consorzio Interuniversitario;L37;37011;www.cineca.it;http://www.cineca.it;http://www.cineca.it;200;5
Ciip - Cicli Integrati Impianti Primari Spa;L37;44007;www.ciip.it;http://www.ciip.it;http://www.ciip.it;200;5
Colline Comasche Srl;L37;13138;www.collinecomasche.it/;http://www.collinecomasche.it;_NV_;['Errno -2'];20
Centro Culturale Sardo S.R.L.;L37;90064;www.kennedyss.it;http://www.kennedyss.it;http://www.kennedyss.it;200;5
Consorzio di Bonifica Velia;L37;65103;consorziovelia.com;http://consorziovelia.com.it;_NV_;['Errno -2'];20
Consorzio del Canale Demaniale di Caluso;L37;1047;www.consorziocanalecaluso.it;http://www.consorziocanalecaluso.it;http://www.consorziocanalecaluso.it;200;5
Consorzio Dei Comuni per L'Acquedotto del Monferrato;L37;5069;www.ccam.it;http://www.ccam.it;http://www.ccam.it;200;5
Consorzio Depurazione del Savonese S.P.A.;L37;9056;www.depuratore.sv.it;http://www.depuratore.sv.it;http://www.depuratore.sv.it;200;5
Consorzio Elettrico Industriale di Stenico S.C;L37;22228;www.ceis-stenico.it;http://www.ceis.stenico.it;http://www.ceis.stenico.it;200;5
Centro Estero per L'Internazionalizzazione S.C.P.A.;L37;1272;www.centroestero.org;http://www.centroestero.org.it;_NV_;['Errno -2'];20
Consorzio Forestale Bassa Valle Camonica;L37;17065;www.cfbvc.it;http://www.cfbvc.it;http://www.cfbvc.it;200;5
Casa Famiglia Gregorio Antonelli;L37;59032;www.casafamigliagregorioantonelli.it;http://www.casafamigliagregorioantonelli.it;http://www.casafamigliagregorioantonelli.it;200;5
Consorzio Forestale Pizzo Badile;L37;17050;www.cfpizzobadile.it;http://www.cfpizzobadile.it;http://www.cfpizzobadile.it;200;5
Casirate Gas 2 Srl;L37;16059;www.casirategas2.it;http://www.casirategas2.it;http://www.casirategas2.it;200;5
Consorzio Generale di Bonifica del Bacino Inferiore del Volturno;L37;61022;www.consbiv.it;http://www.consbiv.it;http://www.consbiv.it;200;5
Cap Holding S.P.A.;L37;15011;https://www.gruppocap.it/;https://www.gruppocap.it;https://www.gruppocap.it;200;5
Consorzio Intercomunale Depurazione Acque Nere Montesilvano-silvi-citta Sant Angelo in Liquidazione;L37;68024;www.considan.it;http://www.considan.it;_NV_;['Errno -2'];20
Consorzio Irriguo di Miglioramento Fondiario Canale De Ferrari;L37;6003;www.canaledeferrari.it;http://www.canaledeferrari.it;http://www.canaledeferrari.it;200;5
Consorzio Industriale Provinciale Medio Campidano - Villacidro;L37;111096;www.civillacidro.it;http://www.civillacidro.it;http://www.civillacidro.it;200;5
Consorzio Industriale Provinciale Nord Est Sardegna - Gallura;L37;90047;www.cipnes.eu;http://www.cipnes.eu.it;_NV_;['Errno -2'];20
Consorzio Industriale Provinciale Sassari;L37;90064;www.cipsassari.it;http://www.cipsassari.it;http://www.cipsassari.it;200;5
C.I.R.A. SRL;L37;9027;www.ciraservizioidrico.it;http://www.ciraservizioidrico.it;http://www.ciraservizioidrico.it;200;5
Consorzio Intercomunale Rifiuti Energia Servizi;L37;82011;www.atopa4.it;http://www.atopa4.it;http://www.atopa4.it;200;5
Consorzio per La Bonifica della Capitanata;L37;71024;http://www.bonificacapitanata.it/;http://www.bonificacapitanata.it;http://www.bonificacapitanata.it;200;5
C.L.I.R. S.P.A.;L37;18102;www.clir.it;http://www.clir.it;_NV_;['Errno -3'];20
Casa Livorno e Provincia S.P.A.;L37;49009;www.casalp.it;http://www.casalp.it;http://www.casalp.it;200;5
Consorzio per Lo Sviluppo Delle Aree Geotermiche Soc Consortile a Res Limitata;L37;52025;www.cosvig.it;http://www.cosvig.it;http://www.cosvig.it;200;5
Consorzio per Lo Sviluppo Industriale Frosinone;L37;60038;http://www.asifrosinone.com/;http://www.asifrosinone.com;http://www.asifrosinone.com;200;5
Consorzio di Miglioramento Fondiario del Melfa;L37;60011;www.consorziodel melfa.com;http://www.consorziodel.melfa.com.it;_NV_;['Errno -2'];20
C.M.V. Servizi S.R.L.;L37;38004;www.cmvservizi.it/;http://www.cmvservizi.it;http://www.cmvservizi.it;200;5
Cogeme Nuove Energie S.R.L. Unipersonale;L37;17166;www.cogeme.net;http://www.cogeme.net.it;_NV_;['Errno -2'];20
Ca.Nova S.P.A.;L37;1156;www.canovaspa.it;http://www.canovaspa.it;http://www.canovaspa.it;200;5
Consorzio di Bonifica Ugento e Li Foggi;L37;75090;www.bonificaugento.it;http://www.bonificaugento.it;http://www.bonificaugento.it;200;5
Como Acqua Srl;L37;13075;www.comoacqua.it;http://www.comoacqua.it;http://www.comoacqua.it;200;5
Ceav Onlus Cancro e Assistenza Volontaria;L37;28060;www.ceavonlus.org;http://www.ceavonlus.org.it;_NV_;['Errno -2'];20
Consorzio Speciale Bonifica Arneo;L37;75052;www.consorziobonificadiarneo.it;http://www.consorziobonificadiarneo.it;http://www.consorziobonificadiarneo.it;200;5
Conerobus Spa;L37;42002;www.conerobus.it;http://www.conerobus.it;http://www.conerobus.it;200;5
Consac Gestioni Idriche Spa;L37;65154;www.consac.it;http://www.consac.it;http://www.consac.it;200;20
Cortona Sviluppo;L37;51017;www.cortonasviluppo.it;http://www.cortonasviluppo.it;http://www.cortonasviluppo.it;200;5
Cosmo S.P.A;L37;6039;www.cosmocasale.it;http://www.cosmocasale.it;http://www.cosmocasale.it;200;5
Consorzio 1 Toscana Nord;L37;46033;www.cbtoscananord.it;http://www.cbtoscananord.it;http://www.cbtoscananord.it;200;5
Cotral Spa;L37;58091;www.cotralspa.it/;http://www.cotralspa.it;http://www.cotralspa.it;200;20
Caorle Patrimonio Srl;L37;27005;www.comune.caorle.ve.it/index.php?area=1&menu=127&page=559;http://www.comune.caorle.ve.it;http://www.comune.caorle.ve.it;200;5
Casa di Riposo della Misericordia A.P.S.P.;L37;52013;www.casariposogaiole.it;http://www.casariposogaiole.it;http://www.casariposogaiole.it;200;5
Casa di Riposo Ospedale Santa Croce;L37;6154;www.casediriposoanziani.com;http://www.casediriposoanziani.com.it;_NV_;['Errno -2'];20
Casa di Riposo Santa Maria della Misericordia;L37;48030;www.casariposomontespertoli.com;http://www.casariposomontespertoli.com.it;_NV_;['Errno -2'];20
Casa di Riposo Vittorio Fossombroni;L37;51002;www.aspfossombroni.it;http://www.aspfossombroni.it;http://www.aspfossombroni.it;200;5
Comunica Soc Cons a R L;L37;37032;www.comunicaimola.it;http://www.comunicaimola.it;http://www.comunicaimola.it;200;20
Consorzio di Sviluppo Industriale Delle Valli del Tronto, dell'Aso e del Tesino;L37;44007;www.picenoconsind.com;http://www.picenoconsind.com.it;_NV_;['Errno -2'];20
Consorzio Sviluppo Industriale Sud Pontino;L37;59009;www.consorzioindustrialesudpontino.it;http://www.consorzioindustrialesudpontino.it;http://www.consorzioindustrialesudpontino.it;200;5
Cordar S.P.A. Biella Servizi;L37;96004;www.cordarbiella.it;http://www.cordarbiella.it;https://www.cordarbiella.it;200;5
Cep S.P.A - Consorzio Enti Pubblici -;L37;58074;www.cepspa.eu;http://www.cepspa.eu.it;_NV_;['Errno -2'];20
Corridonia Servizi Srl Unipersonale;L37;43015;www.corridoniaservizi.it;http://www.corridoniaservizi.it;https://www.corridoniaservizi.it;200;5
Capri Servizi Srl Unipersonale;L37;63014;www.capriservizi.it;http://www.capriservizi.it;http://www.capriservizi.it;200;5
Como Servizi Urbani Srl a S.U.;L37;13075;www.csusrl.it;http://www.csusrl.it;http://www.csusrl.it;200;5
Consorzio 5 Toscana Costa;L37;49002;www.cbtoscanacosta.it;http://www.cbtoscanacosta.it;http://www.cbtoscanacosta.it;200;20
Consorzio Trentino di Bonifica;L37;22205;www.ctb.tn.it;http://www.ctb.tn.it;http://www.ctb.tn.it;200;5
Consorzio 6 Toscana Sud;L37;53011;www.cb6toscanasud.it/cms/index.php;http://www.cb6toscanasud.it;http://www.cb6toscanasud.it;200;5
C.T. Servizi S.R.L.;L37;27044;www.ctservizi.eu;http://www.ctservizi.eu.it;_NV_;['Errno -2'];20
Centro Virginia Borgheri A.P.S.P.;L37;52005;www.virginiaborgheri.it;http://www.virginiaborgheri.it;http://www.virginiaborgheri.it;200;5
Conser V.C.O. S.P.A.;L37;103072;www.conservco.it;http://www.conservco.it;http://www.conservco.it;200;5
Protezione Civile Montecchio Maggiore ODV;L37;24061;www.pcmontecchio.it;http://www.pcmontecchio.it;http://www.pcmontecchio.it;200;5
Cordar Valsesia Spa;L37;2137;www.cordarvalsesia.it;http://www.cordarvalsesia.it;_NV_;SSLERROR;20
Civita.S Srl Unipersonale;L37;43013;www.servizi.comune.civitanova.mc.it.civitas;http://www.servizi.comune.civitanova.mc.it.civitas.it;http://www.servizi.comune.civitanova.mc.it.civitas.it;200;5
GAMMA TRIBUTI SRL;L37;65014;http://www.gammatributi.it/;http://www.gammatributi.it;http://www.gammatributi.it;200;20
Distribuzione Elettrica Adriatica Spa;L37;42034;www.deaelettrica.it;http://www.deaelettrica.it;http://www.deaelettrica.it;200;5
Deval S.p.A. a Socio Unico;L37;7003;www.devalspa.it;http://www.devalspa.it;http://www.devalspa.it;200;5
D-flight S.P.A.;L37;58091;www.d-flight.it;http://www.d.flight.it;_NV_;['Errno -2'];20
Doccia Service Srl;L37;48043;www.docciaservice.it/;http://www.docciaservice.it;_NV_;['Errno -2'];20
Consorzio di Bioingegneria e Informatica Medica;L37;18110;www.cbim.it;http://www.cbim.it;http://www.cbim.it;200;5
Ente Autonomo Volturno Srl;L37;63049;www.eavsrl.it;http://www.eavsrl.it;http://www.eavsrl.it;200;5
Eco Center S.P.A.;L37;21008;www.eco-center.it;http://www.eco.center.it;https://www.eco.center.it;200;5
Cassano Magnago Servizi S.p.A.;L37;12040;https://www.cms-spa.it/;https://www.cms-spa.it;https://www.cms-spa.it;200;5
Ente Morale Creusa Brizi Bittoni;L37;54012;www.residenzaprotettabittoni.it;http://www.residenzaprotettabittoni.it;_NV_;['Errno -2'];20
Edilizia Provinciale Grossetana S.P.A.;L37;53011;www.epgspa.it;http://www.epgspa.it;http://www.epgspa.it;200;5
Euro.Pa Service Srl;L37;15118;www.europa-service.it;http://www.europa.service.it;_NV_;['Errno -2'];20
Edilizia Residenziale Pubblica Massa Carrara S.P.A.;L37;45003;www.erp.ms.it;http://www.erp.ms.it;http://www.erp.ms.it;200;5
Ecoambiente Srl;L37;29041;http//www.ecoambienterovigo.it;http://www.ecoambienterovigo.it;http://www.ecoambienterovigo.it;200;5
Ecoisola SRL;L37;16131;www.ecoisola.it;http://www.ecoisola.it;http://www.ecoisola.it;200;5
Esa-com Spa;L37;23053;www.esacom.it;http://www.esacom.it;http://www.esacom.it;200;5
Elbana Servizi Ambientali S.P.A.;L37;49014;www.esaspa.it;http://www.esaspa.it;http://www.esaspa.it;200;5
Esatto Spa;L37;32006;www.esattospa.it;http://www.esattospa.it;http://www.esattospa.it;200;5
Euroleader Soc.Cons.A R.L.;L37;30121;www.euroleader.it;http://www.euroleader.it;http://www.euroleader.it;200;5
E.S.Co. Provinciale Tuscia Spa;L37;56059;www.escotuscia.com;http://www.escotuscia.com.it;_NV_;['Errno -2'];20
Enav S.P.A.;L37;58091;www.enav.it;http://www.enav.it;http://www.enav.it;200;5
Emmegi S.R.L.;L37;73027;www.emmegitributi.it/;http://www.emmegitributi.it;_NV_;['Errno -2'];20
Esu Gestioni e Servizi Srl;L37;28060;www.esupd.gov.it;http://www.esupd.it;_NV_;['Errno -2'];20
Etra Spa - Energia Territorio Risorse Ambientali;L37;24012;www.etraspa.it;http://www.etraspa.it;http://www.etraspa.it;200;5
Eur S.P.A.;L37;58091;www.eurspa.it;http://www.eurspa.it;http://www.eurspa.it;200;20
Fondazione Arezzo Intour;L37;51002;www.arezzointour.it;http://www.arezzointour.it;http://www.arezzointour.it;200;5
Ferrovie Appulo Lucane Srl;L37;72006;www.ferrovieappulolucane.it;http://www.ferrovieappulolucane.it;http://www.ferrovieappulolucane.it;200;5
Finale Ambiente Spa;L37;9029;www.finaleambiente.it;http://www.finaleambiente.it;http://www.finaleambiente.it;200;5
Farmacie Comunali Corsichesi Spa;L37;15093;www.farmcorsichesi.it;http://www.farmcorsichesi.it;http://www.farmcorsichesi.it;200;5
FARMACIA COMUNALE DI CITTA' SANT'ANGELO S.R.L.;L37;68012;www.farmacomcsa.it;http://www.farmacomcsa.it;http://www.farmacomcsa.it;200;5
Farmacie Comunali F.V.G. Spa;L37;93032;www.farmaciecomunalifvg.it;http://www.farmaciecomunalifvg.it;http://www.farmaciecomunalifvg.it;200;5
SERVIZI IN COMUNE S.p.A.;L37;58079;www.serviziincomune.com;http://www.serviziincomune.com.it;_NV_;['Errno -2'];20
Fondazione Citta' di Roncade;L37;26069;www.fondazioneroncade.it;http://www.fondazioneroncade.it;http://www.fondazioneroncade.it;200;5
Ferrovie della Calabria;L37;79023;www.ferroviedellacalabria.it;http://www.ferroviedellacalabria.it;http://www.ferroviedellacalabria.it;200;20
Fintel Engineering S.R.L.;L37;15146;www.fintelengineering.it;http://www.fintelengineering.it;http://www.fintelengineering.it;200;5
Fiemme Servizi Spa;L37;22050;www.fiemmeservizi.it;http://www.fiemmeservizi.it;http://www.fiemmeservizi.it;200;5
Fondazione Istituto Tecnico Superiore per Tecnologie Innovative per I Beni e Le Attivita' Culturali e Turistiche;L37;63049;www.fondazioneitsbact.it;http://www.fondazioneitsbact.it;http://www.fondazioneitsbact.it;200;20
Fondazione Terina Onlus;L37;79160;www.fondazionemediterraneaterina.it;http://www.fondazionemediterraneaterina.it;_NV_;['Errno -2'];20
Fondazione dell'Ordine Dei Giornalisti della Toscana;L37;48017;www.fondazioneodgtoscana.org;http://www.fondazioneodgtoscana.org.it;_NV_;['Errno -2'];20
Fondazione Ordine Giornalisti dell'Emilia Romagna;L37;37006;http://odg.bo.it/fondazione/;http://odg.bo.it;http://odg.bo.it;200;5
Fondazione Cascina Roccafranca;L37;1272;www.cascinaroccafranca.it;http://www.cascinaroccafranca.it;http://www.cascinaroccafranca.it;200;5
Fondazione Polisolidale Onlus;L37;92080;http://polisolidale.it/;http://polisolidale.it;http://polisolidale.it;200;5
Firenze Parcheggi S.P.A.;L37;48017;www.firenzeparcheggi.it;http://www.firenzeparcheggi.it;http://www.firenzeparcheggi.it;200;5
Fondazione Studi Consulenti del Lavoro di Firenze;L37;48017;www.fsclf.it;http://www.fsclf.it;http://www.fsclf.it;200;5
Fondazione Territori Sociali Altavaldelsa;L37;52022;www.ftsa.it/;http://www.ftsa.it;http://www.ftsa.it;200;5
Fondazione Valle Delle Cartiere;L37;17187;www.valledellecartiere.it;http://www.valledellecartiere.it;http://www.valledellecartiere.it;200;5
Fondazione Vigamus;L37;58091;www.vigamus.com;http://www.vigamus.com.it;_NV_;['Errno -2'];20
Gestione Ambientale Integrata dell'Astigiano S.P.A.;L37;5005;www.gaia.at.it;http://www.gaia.at.it;http://www.gaia.at.it;200;5
Gruppo Azione Locale Barbagia;L37;91064;www.galbarbagia.it;http://www.galbarbagia.it;http://www.galbarbagia.it;200;5
G.A.L. Basso Monferrato Astigiano;L37;5075;www.monferratoastigiano.it;http://www.monferratoastigiano.it;http://www.monferratoastigiano.it;200;5
G.A.L. Campidano;L37;111062;www.galcampidano.it;http://www.galcampidano.it;http://www.galcampidano.it;200;5
Gal Isola Salento;L37;75040;www.isolasalento.org;http://www.isolasalento.org.it;_NV_;['Errno -2'];20
G.A.L. Mongioie S.C. a R.L.;L37;4125;www.galmongioie.it;http://www.galmongioie.it;http://www.galmongioie.it;200;5
G.A.L. Serre Calabresi;L37;79029;www,galserrecalabresi.it;http://www.galserrecalabresi.it;http://www.galserrecalabresi.it;200;5
Associazione Valle Umbra e Sibillini G.A.L.;L37;54018;www.valleumbraesibillini.com;http://www.valleumbraesibillini.com.it;_NV_;['Errno -2'];20
G.A.L. Salto-cicolano;L37;57028;https://www.galsaltocicolano.it/;https://www.galsaltocicolano.it;https://www.galsaltocicolano.it;200;5
Gruppo di Azione Locale S.T.S.;L37;78105;http://www.galsts.it/;http://www.galsts.it;http://www.galsts.it;200;5
Gruppo di Azione Locale Terre di Aci Societa' Consortile a Responsabilita' Limitata;L37;87004;www.galterrediaci.com;http://www.galterrediaci.com.it;_NV_;['Errno -2'];20
Associazione Gal Ternano;L37;55032;www.galternano.it;http://www.galternano.it;http://www.galternano.it;200;5
Gruppo di Azione Locale Vette Reatine;L37;57057;www.galvettereatine.it;http://www.galvettereatine.it;http://www.galvettereatine.it;200;5
Gal Alta Umbria Srl;L37;54024;www.galaltaumbria.it;http://www.galaltaumbria.it;http://www.galaltaumbria.it;200;5
Gal Borba Scarl Le Valli Aleramiche dell'Alto Monferrato;L37;6136;www.galborba.it;http://www.galborba.it;http://www.galborba.it;200;5
Gal Consorzio Sviluppo Lunigiana Leader;L37;45001;www.gal-lunigiana.it;http://www.gal.lunigiana.it;_NV_;['Errno -2'];20
Gecim S.R.L.;L37;38007;www.gecim.it;http://www.gecim.it;http://www.gecim.it;200;5
Gestione Entrate Locali Srl;L37;22006;www.gestelsrl.it;http://www.gestelsrl.it;https://www.gestelsrl.it;200;5
Geofor Spa;L37;50029;www.geofor.it;http://www.geofor.it;http://www.geofor.it;200;5
Geam Gestioni Ambientali Spa;L37;10025;www.geamspa.net;http://www.geamspa.net.it;_NV_;['Errno -2'];20
Gal Giarolo Leader S.R.L.;L37;6167;www.giarololeader.it;http://www.giarololeader.it;http://www.giarololeader.it;200;5
Germano Industrie Elettriche S.R.L.;L37;72006;www.germano-srl.it;http://www.germano.srl.it;_NV_;['Errno -2'];20
Gisec S.P.A. - Gestione Impianti e Servizi Ecologici Casertani S.P.A.;L37;61022;www.gisecspa.it;http://www.gisecspa.it;http://www.gisecspa.it;200;5
Gal Irpinia Sannio Scarl;L37;64113;www.galirpiniasannio.it;http://www.galirpiniasannio.it;http://www.galirpiniasannio.it;200;5
FONDAZIONE DELL'ORDINE DEGLI INGEGNERI DELLA PROVICNIA DI ROMA;L37;58091;http://foir.it;http://foir.it;http://foir.it;200;5
Gal Laghi e Monti del Verbano Cusio Ossola Scrl;L37;103028;www.gallaghiemonti.it/;http://www.gallaghiemonti.it;https://www.gallaghiemonti.it;200;5
Ghelas Multiservizi S.P.A.;L37;85007;www.ghelasmultiservizi.it;http://www.ghelasmultiservizi.it;http://www.ghelasmultiservizi.it;200;5
Genova Parcheggi S.P.A.;L37;10025;www.genovaparcheggi.com;http://www.genovaparcheggi.com.it;_NV_;['Errno -2'];20
Giulianova Patrimonio S.R.L.;L37;67025;www.giulianovapatrimonio.it;http://www.giulianovapatrimonio.it;http://www.giulianovapatrimonio.it;200;5
Gesam Reti Spa;L37;46017;www.gesam.it;http://www.gesam.it;http://www.gesam.it;200;5
Ge.S.A. Ag2 S.P.A.;L37;84001;www.atogesaag.it;http://www.atogesaag.it;_NV_;['Errno -2'];20
Gran Sasso Acqua S.P.A.;L37;66049;www.gransassoacqua.it;http://www.gransassoacqua.it;http://www.gransassoacqua.it;200;5
Gaia S.P.A;L37;46017;www.gaia-spa.it;http://www.gaia.spa.it;_NV_;['Errno -2'];20
Gal Terre Astigiane;L37;5050;https://www.galterreastigiane.it/;https://www.galterreastigiane.it;https://www.galterreastigiane.it;200;5
Gioia Tauro Port Security Srl;L37;80038;www.gioiatauroportsecurity.it;http://www.gioiatauroportsecurity.it;http://www.gioiatauroportsecurity.it;200;5
Garda Uno Spa;L37;17129;www.gardauno.it;http://www.gardauno.it;https://www.gardauno.it;200;5
Gal Valli Gesso Vermenagna Pesio Scarl;L37;4185;www.galgvp.eu;http://www.galgvp.eu.it;_NV_;['Errno -2'];20
LA FENICE AZIENDA SPECIALE COLLEFERRO LABICO;L37;58034;www.lafeniceas.it;http://www.lafeniceas.it;http://www.lafeniceas.it;200;5
Infernotto Acqua Srl;L37;4009;www.infernottoacqua.it;http://www.infernottoacqua.it;http://www.infernottoacqua.it;200;5
I.C.A. Imposte Comunali Affini Srl;L37;58091;www.icatributi.it;http://www.icatributi.it;https://www.icatributi.it;200;5
Impresa Campo Elettricita' I.C.EL. S.R.L.;L37;81009;www.icelweb.it;http://www.icelweb.it;http://www.icelweb.it;200;5
Istituto Don Calabria;L37;23091;www.doncalabria.org;http://www.doncalabria.org.it;_NV_;['Errno -2'];20
Idrablu Spa;L37;103028;www.idrablu.it;http://www.idrablu.it;http://www.idrablu.it;200;5
Istituto Nazionale Assistenza Sociale;L37;58091;www.inas.it;http://www.inas.it;http://www.inas.it;200;5
Ivrea Parcheggi Spa;L37;1125;www.ivreaparcheggi.it;http://www.ivreaparcheggi.it;http://www.ivreaparcheggi.it;200;5
Istituto Poligrafico e Zecca dello Stato S.P.A.;L37;58091;www.ipzs.it;http://www.ipzs.it;http://www.ipzs.it;200;5
I.R.I.D.Es. Istituzioni Riunite Infanzia Disabilita' e Sociale;L37;37006;www.aspirides.it;http://www.aspirides.it;http://www.aspirides.it;200;5
Its Regionale della Puglia per La Industria della Ospitalita' e del Turismo Allargato;L37;75035;www.itsturismopuglia.gov.it;http://www.itsturismopuglia.it;_NV_;['Errno -2'];20
CONSORZIO DI BONIFICA VAL VENOSTA;L37;21093;www.bonikons.it;http://www.bonikons.it;http://www.bonikons.it;200;5
Isera S.R.L.;L37;22098;www.iserasrl.it;http://www.iserasrl.it;_NV_;ConnectTimeout;20
Istituto Trentino per L'Edilizia Abitativa Societa' per Azioni;L37;22205;www.itea.tn.it;http://www.itea.tn.it;http://www.itea.tn.it;200;5
Trentino Digitale S.p.a.;L37;22205;www.trentinodigitale.it;http://www.trentinodigitale.it;http://www.trentinodigitale.it;200;5
Its Logistica Puglia;L37;73027;www.itslogisticapuglia.it;http://www.itslogisticapuglia.it;http://www.itslogisticapuglia.it;200;5
Jesolo Patrimonio S.R.L.;L37;27019;www.jesolopatrimonio.it;http://www.jesolopatrimonio.it;http://www.jesolopatrimonio.it;200;5
Julia Rete S.U.R.L.;L37;67025;www.juliarete.it;http://www.juliarete.it;http://www.juliarete.it;200;5
Jtaca S.R.L. Con Socio Unico;L37;27019;www.jtaca.com;http://www.jtaca.com.it;_NV_;['Errno -2'];20
AZIENDA SERVIZI TOANO SRL UNIPERSONALE;L37;35041;www.acquatoano.it;http://www.acquatoano.it;https://www.acquatoano.it;200;5
Soelia S.p.A.;L37;38001;http://www.soelia.it/;http://www.soelia.it;http://www.soelia.it;200;5
Associazione Italiana per la Donazione di Organi, Tessuti e Cellule;L37;58091;www.aido.it;http://www.aido.it;http://www.aido.it;200;20
Kalat Impianti Srl Unipersonale;L37;87018;www.kalatimpianti.it;http://www.kalatimpianti.it;http://www.kalatimpianti.it;200;5
Azienda Municipale Igiene Urbana Puglia S.p.a.;L37;72006;https://www.amiupuglia.it/;https://www.amiupuglia.it;https://www.amiupuglia.it;200;5
Lura Ambiente Spa;L37;12034;www.lura-ambiente.it;http://www.lura.ambiente.it;_NV_;['Errno -2'];20
Latina Ambiente Spa;L37;59011;www.latinambiente.it;http://www.latinambiente.it;http://www.latinambiente.it;200;5
Latina Formazione e Lavoro S.R.L.;L37;59011;www.latinaformazione.it/;http://www.latinaformazione.it;http://www.latinaformazione.it;200;5
Servizi Intercomunali Ecologici s.r.l.;L37;12040;http://www.sieco.info/;http://www.sieco.info;http://www.sieco.info;200;5
Società Abruzzese per il Servizio Idrico Integrato;L37;69046;www.sassispa.it;http://www.sassispa.it;_NV_;['Errno -2'];20
Laveno Mombello Srl;L37;12087;www.lavenomombellosrl.it;http://www.lavenomombellosrl.it;http://www.lavenomombellosrl.it;200;5
L'Ora S.R.L.;L37;16128;www.loveremarina.com;http://www.loveremarina.com.it;_NV_;['Errno -2'];20
Langhe Roero Leader Societa' Consortile a Responsabilita' Limitata;L37;4027;www.langheroeroleader.it;http://www.langheroeroleader.it;http://www.langheroeroleader.it;200;5
Line Servizi per La Mobilita Spa;L37;18110;www.lineservizi.it;http://www.lineservizi.it;http://www.lineservizi.it;200;5
Livenza Servizi Mobilita' Srl;L37;93037;www.lsmsacile.it;http://www.lsmsacile.it;http://www.lsmsacile.it;200;5
Lo Scrigno Magico - Societa' Cooperativa Sociale;L37;18177;www.scrignomagico.com;http://www.scrignomagico.com.it;_NV_;['Errno -2'];20
Livenza Tagliamento Acque S.P.A.;L37;27029;www.lta.it/home;http://www.lta.it;http://www.lta.it;200;20
Lupiae Servizi Spa;L37;75035;www.lupiaeservizi.it;http://www.lupiaeservizi.it;http://www.lupiaeservizi.it;200;5
Mondo Acqua S.P.A.;L37;4130;www.mondoacqua.com;http://www.mondoacqua.com.it;_NV_;['Errno -2'];20
Metro Brescia Srl;L37;17029;https://www.bresciamobilita.it/la-metropolitana-di-brescia;https://www.bresciamobilita.it;https://www.bresciamobilita.it;200;5
Multiservizi Caerite S.P.A.;L37;58029;multiservizicaerite.it;http://multiservizicaerite.it;http://multiservizicaerite.it;200;5
Marciana Civitas S.R.L.;L37;49010;www.comune marciana;http://www.comune.marciana.it;_NV_;['Errno -2'];20
Multiservizi Dei Castelli di Marino S.P.A.;L37;58057;www.multiservizimarino.it;http://www.multiservizimarino.it;http://www.multiservizimarino.it;200;5
Mobilita di Marca S.P.A;L37;26086;www.mobilitadimarca.it;http://www.mobilitadimarca.it;http://www.mobilitadimarca.it;200;5
Montagna 2000 Spa;L37;34006;www.montagna2000.it;http://www.montagna2000.it;http://www.montagna2000.it;200;5
Roma Metropolitane Srl;L37;58091;www.romametropolitane.it;http://www.romametropolitane.it;http://www.romametropolitane.it;200;5
Minimetro' Spa;L37;54039;www.minimetrospa.it;http://www.minimetrospa.it;http://www.minimetrospa.it;200;5
Milano Ristorazione;L37;15146;www.milanoristorazione.it;http://www.milanoristorazione.it;http://www.milanoristorazione.it;200;5
Montagna Leader S.C. A R.L;L37;93025;www.montagnaleader.org;http://www.montagnaleader.org.it;_NV_;['Errno -2'];20
Marche Multiservizi S.P.A.;L37;41044;www.gruppomarchemultiservizi.it/;http://www.gruppomarchemultiservizi.it;http://www.gruppomarchemultiservizi.it;200;5
Monterosa S.P.A.;L37;7032;www.monterosaspa.com;http://www.monterosaspa.com.it;_NV_;['Errno -2'];20
Mosema S.P.A.;L37;87024;www.mosema.it;http://www.mosema.it;_NV_;['Errno -2'];20
Monterenzio Patrimonio Srl;L37;37041;www.comunemonterenzio.eu/index.php?option=com_content;http://www.comunemonterenzio.eu;http://www.comunemonterenzio.eu;200;5
Montecatini Parcheggi e Servizi Spa;L37;47011;www.montecatiniparcheggi.com;http://www.montecatiniparcheggi.com.it;_NV_;['Errno -2'];20
Viva Servizi Spa;L37;42002;www.vivaservizi.it;http://www.vivaservizi.it;http://www.vivaservizi.it;200;5
Messina Servizi Bene Comune Spa;L37;83048;https://www.messinaservizibenecomune.it/;https://www.messinaservizibenecomune.it;https://www.messinaservizibenecomune.it;200;5
Messinambiente Spa in Liquidazione;L37;83048;www.messinambiente.it;http://www.messinambiente.it;http://www.messinambiente.it;200;5
Mm S.P.A.;L37;15146;www.mmspa.eu;http://www.mmspa.eu.it;_NV_;['Errno -2'];20
Murgia Sviluppo Scarl;L37;72004;murgiasviluppo@pec.it;http://murgiasviluppo@pec.it;http://murgiasviluppo@pec.it;200;5
Metro Srl Unipersonale;L37;46017;www.metrosrl.it;http://www.metrosrl.it;http://www.metrosrl.it;200;5
Multiservice Srl Unipersonale;L37;90084;www.multiservicesrlloiripsp.it;http://www.multiservicesrlloiripsp.it;http://www.multiservicesrlloiripsp.it;200;5
NUOVE ACQUE SPA;L37;51002;https://www.nuoveacque.it/;https://www.nuoveacque.it;https://www.nuoveacque.it;200;5
Nausicaa S.P.A.;L37;45003;www.nausicaacarrara.it;http://www.nausicaacarrara.it;http://www.nausicaacarrara.it;200;5
ROMAGNA ACQUE - SOCIETA' DELLE FONTI SPA;L37;40012;www.romagnacque.it;http://www.romagnacque.it;http://www.romagnacque.it;200;5
Nugoro Spa;L37;91051;www.nugorospa.com;http://www.nugorospa.com.it;_NV_;['Errno -2'];20
Organismo Bilaterale per La Formazione in Campania;L37;63049;www.obrcampania.it;http://www.obrcampania.it;http://www.obrcampania.it;200;20
Opera Pia Leopoldo e Giovanni Vanni;L37;48022;www.operapiavanni.it;http://www.operapiavanni.it;http://www.operapiavanni.it;200;5
Ospedale P. Pederzoli - Casa di Cura Privata S.P.A.;L37;23059;https://www.ospedalepederzoli.it/;https://www.ospedalepederzoli.it;https://www.ospedalepederzoli.it;200;20
Palermo Ambiente Spa in Liquidazione;L37;82053;www.palermoambientespa.it;http://www.palermoambientespa.it;http://www.palermoambientespa.it;200;5
Piccola Casa della Sacra Famiglia;L37;1112;www.pcsf.it;http://www.pcsf.it;http://www.pcsf.it;200;5
Patrimonio Copparo S.R.L.;L37;38007;www.patrimoniocopparo.it;http://www.patrimoniocopparo.it;http://www.patrimoniocopparo.it;200;5
Patrimonio del Trentino Spa;L37;22205;www.patrimoniotn.it;http://www.patrimoniotn.it;http://www.patrimoniotn.it;200;5
Pegaso 03 Srl Unipersonale;L37;1058;www.pegaso03.it;http://www.pegaso03.it;http://www.pegaso03.it;200;5
Pescara Energia Spa;L37;68028;http://pescaraenergiaspa.it/;http://pescaraenergiaspa.it;http://pescaraenergiaspa.it;200;5
Pluriservizi Fidardense Srl;L37;42010;https://www.pluriservizifidardense.it/;https://www.pluriservizifidardense.it;https://www.pluriservizifidardense.it;200;5
Pio Istituto Campana Azienda Pubblica di Servizi alla Persona;L37;46028;www.piocampana.it;http://www.piocampana.it;http://www.piocampana.it;200;5
Picenambiente S.P.A.;L37;44066;www.picenambiente.it;http://www.picenambiente.it;http://www.picenambiente.it;200;5
Poste Italiane Spa;L37;58091;www.poste.it;http://www.poste.it;http://www.poste.it;200;5
Patrimonio Messina Spa;L37;83048;www.patrimoniomessina.it;http://www.patrimoniomessina.it;http://www.patrimoniomessina.it;200;5
Pescara Multiservice Srl;L37;68028;www.pescaraparcheggi.it;http://www.pescaraparcheggi.it;http://www.pescaraparcheggi.it;200;5
Prealpigas S.R.L.;L37;12026;www.prealpigas.it;http://www.prealpigas.it;http://www.prealpigas.it;200;5
Pragma Spa;L37;13143;www.pragma-spa.it;http://www.pragma.spa.it;_NV_;['Errno -2'];20
Paolo Ricci Servizi Srl;L37;43013;www.paoloricciservizisrl.it/;http://www.paoloricciservizisrl.it;http://www.paoloricciservizisrl.it;200;5
Piceno Scarl;L37;44015;galpiceno.it;http://galpiceno.it;http://galpiceno.it;200;5
Publicasa S.P.A.;L37;48014;www.publicasaspa.it/;http://www.publicasaspa.it;_NV_;SSLERROR;20
PISAMO S.R.L.;L37;50026;www.pisamo.it;http://www.pisamo.it;http://www.pisamo.it;200;20
Publicontrolli S.R.L.;L37;47014;www.publicontrolli.it;http://www.publicontrolli.it;http://www.publicontrolli.it;200;5
Publiservizi Srl;L37;58091;www.publiservizi.net;http://www.publiservizi.net.it;_NV_;['Errno -2'];20
Accademia Ligustica di Belle Arti;L37;10025;www.accademialigustica.it;http://www.accademialigustica.it;http://www.accademialigustica.it;200;5
IRISACQUA S.R.L.;L37;31007;www.irisacqua.it;http://www.irisacqua.it;http://www.irisacqua.it;200;5
Qualita' e Servizi Spa;L37;48005;www.qualitaeservizi.com;http://www.qualitaeservizi.com.it;_NV_;['Errno -2'];20
Raggio di Sole Onlus;L37;75035;www.raggiodisolelecce.it;http://www.raggiodisolelecce.it;_NV_;['Errno -2'];20
Ravenna Farmacie S.R.L.;L37;39014;www.farmacieravenna.com;http://www.farmacieravenna.com.it;_NV_;['Errno -2'];20
Reggio Gas Energy Srl;L37;80063;www.reggio-gas.it;http://www.reggio.gas.it;_NV_;['Errno -2'];20
Riberambiente Srl;L37;84033;www.riberambientesrl.it;http://www.riberambientesrl.it;http://www.riberambientesrl.it;200;5
Italriscossioni Società Italiana di Fiscalità locale Srl;L37;58091;https://italriscossioni.it;https://italriscossioni.it;https://italriscossioni.it;200;5
Roma Servizi per La Mobilita Srl;L37;58091;www.romamobilita.it;http://www.romamobilita.it;http://www.romamobilita.it;200;20
Ruzzo Reti S.P.A.;L37;67041;www.ruzzo.it;http://www.ruzzo.it;http://www.ruzzo.it;200;5
Servizi Ambientali Centro Abruzzo;L37;66098;www.sacaservizi.com;http://www.sacaservizi.com.it;_NV_;['Errno -2'];20
Saes Srl;L37;86016;www.saes-rc.it;http://www.saes.rc.it;_NV_;['Errno -2'];20
Sannio Ambiente e Territorio S.r.l.;L37;62008;www.samte.it;http://www.samte.it;http://www.samte.it;200;5
Sistema Ambiente Provincia di Napoli S.P.A.;L37;63049;www.sapnapoli.it;http://www.sapnapoli.it;http://www.sapnapoli.it;200;5
Societa' Acqua Procida S.A.P. Srl;L37;63061;www.sap-srl.com;http://www.sap.srl.com.it;_NV_;['Errno -2'];20
Sap S.R.L.;L37;56015;www.saptributi.it;http://www.saptributi.it;http://www.saptributi.it;200;5
Saronno Servizi Spa;L37;12119;www.saronnoservizi.it;http://www.saronnoservizi.it;http://www.saronnoservizi.it;200;5
Simeto Ambiente S.P.A. in Liquidazione;L37;87015;www.simetoambiente.it;http://www.simetoambiente.it;http://www.simetoambiente.it;200;5
Servizi Ambientali Spa;L37;9012;http://www.serviziambientali.org/it/home;http://www.serviziambientali.org;http://www.serviziambientali.org;200;5
S.A.Ter. Servizi Ambientali Territoriali S.P.A.;L37;10025;http://www.satercogoleto.it/;http://www.satercogoleto.it;http://www.satercogoleto.it;200;5
S.A.T. Servizi Ambientali Territoriali S.p.A.;L37;9064;www.satservizi.org;http://www.satservizi.org.it;_NV_;['Errno -2'];20
Santa Chiara Azienda Pubblica di Servizi alla Persona;L37;50039;www.santa-chiara.it;http://www.santa.chiara.it;http://www.santa.chiara.it;500;5
Servizi Comunali Integrati R.S.U. S.P.A.;L37;82054;www.servizicomunalispa.it;http://www.servizicomunalispa.it;_NV_;['Errno -2'];20
Siena Casa S.P.A.;L37;52032;www.sienacasa.net;http://www.sienacasa.net.it;_NV_;['Errno -2'];20
Societa' Canavesana Servizi Spa;L37;1125;www.scsivrea.it;http://www.scsivrea.it;http://www.scsivrea.it;200;5
San Donnino Sport S.S.D. a R.L.;L37;34014;www.piscinefidenza.it;http://www.piscinefidenza.it;http://www.piscinefidenza.it;200;5
S.E.A.B. Societa' Ecologica Area Biellese S.P.A.;L37;96004;www.seab.biella.it;http://www.seab.biella.it;http://www.seab.biella.it;200;5
S.E.A. Servizi Ed Ambiente S.P.A.;L37;70006;www.seacb.it;http://www.seacb.it;http://www.seacb.it;200;5
EDYNA S.r.l.;L37;21008;www.edyna.net;http://www.edyna.net.it;_NV_;['Errno -2'];20
Societa' Elettrica Ponzese S.P.A;L37;59018;www.societaelettricaponzese.it;http://www.societaelettricaponzese.it;https://www.societaelettricaponzese.it;200;5
Societa' Entrate Pisa Spa - S.E.Pi.;L37;50026;www.sepi-pisa.it;http://www.sepi.pisa.it;_NV_;['Errno -2'];20
Servizi Comunali Spa;L37;16193;www.servizicomunali.it;http://www.servizicomunali.it;http://www.servizicomunali.it;200;5
Seriel Srl;L37;58091;seriel.it;http://seriel.it;http://seriel.it;200;5
Societa' Emiliana Trasporti Autofiloviari S.P.A.;L37;36023;https://setaweb.it;https://setaweb.it;http://setaweb.it;200;20
Servizi Energia Valle Sabbia Srl;L37;17197;www.saevallesabbia.it;http://www.saevallesabbia.it;http://www.saevallesabbia.it;200;5
So.Ge.A.Al. S.P.A.;L37;90003;www.aeroportodialghero.it;http://www.aeroportodialghero.it;http://www.aeroportodialghero.it;200;5
San Giorgio Distribuzione Servizi Srl;L37;109033;www.sangiorgioservizi.it;http://www.sangiorgioservizi.it;http://www.sangiorgioservizi.it;200;5
So.G.I.S. S.R.L. Societa' Gestione Impianti Sportiva;L37;34014;www.sogisgroup.it;http://www.sogisgroup.it;http://www.sogisgroup.it;200;5
So.Ge.Nu.S. Spa;L37;42023;www.sogenus.com;http://www.sogenus.com.it;_NV_;['Errno -2'];20
So.Ge.Pu. Spa;L37;54013;www.sogepu.com;http://www.sogepu.com.it;_NV_;['Errno -2'];20
Informatica Alto Adige Spa - Suedtiroler Informatik Ag;L37;21008;www.siag.it;http://www.siag.it;http://www.siag.it;200;5
Servizio Idrico Integrato Scpa;L37;55032;www.siiato2.it;http://www.siiato2.it;http://www.siiato2.it;200;5
Soc. Italiana Lampade Votive Elettriche - S.I.L.V.E. - Spa;L37;48017;www.silvespa.it;http://www.silvespa.it;http://www.silvespa.it;200;5
SI.GE.RI.CO. - S.p.A.;L37;52032;www.sienaparcheggi.com;http://www.sienaparcheggi.com.it;_NV_;['Errno -2'];20
Sistema S.R.L.;L37;53011;www.sistemagrosseto.com;http://www.sistemagrosseto.com.it;_NV_;['Errno -2'];20
Societa' per L'Ecologia e L'Ambiente Spa;L37;14061;www.secam.net;http://www.secam.net.it;_NV_;['Errno -2'];20
Spv Linea M4 S.P.A.;L37;15146;www.metro4milano.it;http://www.metro4milano.it;http://www.metro4milano.it;200;20
Societa Locale di Riscossione Spa;L37;23091;www.solori.it;http://www.solori.it;http://www.solori.it;200;20
San Michele Patrimonio e Servizi Srl;L37;27034;www.smps.it;http://www.smps.it;_NV_;['Errno -2'];20
Sgt Multiservizi Srl;L37;69081;www.sgtmultiservizi.it;http://www.sgtmultiservizi.it;http://www.sgtmultiservizi.it;200;5
Navicelli di Pisa;L37;50026;www.navicelli.it;http://www.navicelli.it;http://www.navicelli.it;200;5
SOCIETA' GESTIONE RISCOSSIONE TRIBUTI ;L37;63036;http://sogertspa.it;http://sogertspa.it;http://sogertspa.it;200;5
SO.G.E.T. S.P.A.;L37;68028;www.sogetspa.it;http://www.sogetspa.it;https://www.sogetspa.it;200;5
Solaris Srl;L37;37020;www.solaris.srl;http://www.solaris.srl.it;_NV_;['Errno -2'];20
Soraris Spa;L37;24091;www.soraris.it;http://www.soraris.it;http://www.soraris.it;200;5
Somma Patrimonio e Servizi Srl;L37;12123;www.spes-srl.org;http://www.spes.srl.org.it;_NV_;['Errno -2'];20
Servizi Pubblici Locali;L37;59028;www.splsezzespa.it;http://www.splsezzespa.it;http://www.splsezzespa.it;200;5
Societa' Risorse Idriche Calabresi;L37;79023;www.soricalspa.it;http://www.soricalspa.it;http://www.soricalspa.it;200;20
S.R.R.Messina Area Metropolitana Societa' Consortile Spa;L37;83048;www.srrmessinaareametropolitana.it;http://www.srrmessinaareametropolitana.it;http://www.srrmessinaareametropolitana.it;200;5
S.R.R. Servizi Ed Impianti Srl;L37;85012;www.srrserviziedimpianti.it;http://www.srrserviziedimpianti.it;http://www.srrserviziedimpianti.it;503;5
Spezia Risorse Spa;L37;11015;www.speziarisorse.it;http://www.speziarisorse.it;http://www.speziarisorse.it;200;5
Secoval Srl;L37;17197;www.secoval.it;http://www.secoval.it;http://www.secoval.it;200;5
Sea Societa Elettrica di Favignana S.P.A.;L37;82053;www.seafavignana.com;http://www.seafavignana.com.it;_NV_;['Errno -2'];20
Sodalizio di San Martino;L37;54039;www.sodaliziosanmartino.it;http://www.sodaliziosanmartino.it;http://www.sodaliziosanmartino.it;200;5
Seso S.R.L.;L37;2016;www.sesosrl.it;http://www.sesosrl.it;http://www.sesosrl.it;200;5
Silea Spa - Societa' Intercomunale Lecchese per L'Ecologia e L'Ambiente per Azioni;L37;97083;https://www.sileaspa.it/;https://www.sileaspa.it;https://www.sileaspa.it;200;5
Servizi alla Strada S.P.A.;L37;48017;http://www.serviziallastrada.it/it/;http://www.serviziallastrada.it;http://www.serviziallastrada.it;200;20
Sorit Societa' Servizi e Riscossioni Italia Spa;L37;39014;www.sorit.it;http://www.sorit.it;http://www.sorit.it;200;5
Sud Seveso Servizi S.P.A.;L37;13046;www.sudsevesoservizi.it;http://www.sudsevesoservizi.it;_NV_;['Errno -2'];20
Stat Servizi Srl;L37;15181;www.statservizi.it;http://www.statservizi.it;http://www.statservizi.it;200;5
Azienda Multiservizi Ambiente S.p.A.;L37;22139;www.amambiente.it;http://www.amambiente.it;http://www.amambiente.it;200;20
Sistemi Territoriali S.P.A.;L37;28060;www.sistemiterritorialispa.it;http://www.sistemiterritorialispa.it;http://www.sistemiterritorialispa.it;200;5
Suedpla S.R.L.;L37;21051;www.sudpla.it;http://www.sudpla.it;http://www.sudpla.it;200;5
Suedtirolgas Spa;L37;21008;www.suedtirolgas.it;http://www.suedtirolgas.it;http://www.suedtirolgas.it;200;5
Societa Vicentina Trasporti a Responsabilita Limitata;L37;24116;www.svt.vi.it;http://www.svt.vi.it;http://www.svt.vi.it;200;5
CONSORZIO ELETTRICO DI STORO SOC. COOP.;L37;22183;www.cedis.info;http://www.cedis.info.it;_NV_;['Errno -2'];20
Troina Ambiente S.R.L.;L37;86018;www.troinaambiente.it;http://www.troinaambiente.it;http://www.troinaambiente.it;200;5
Tradizione Delle Terre Occitane S.C.A R.L.;L37;4040;www.tradizioneterreoccitane.com;http://www.tradizioneterreoccitane.com.it;_NV_;['Errno -2'];20
Teateservizi Srl;L37;69022;www.teateservizi.it;http://www.teateservizi.it;http://www.teateservizi.it;200;5
LORETO MULTISERVIZI SRL;L37;42022;WWW.LORETOMULTISERVIZI.IT;http://www.loretomultiservizi.it;http://www.loretomultiservizi.it;200;5
Trentino Network S.R.L.;L37;22205;www.trentinonetwork.it;http://www.trentinonetwork.it;_NV_;['Errno -2'];20
Tennacola Spa;L37;109037;www.tennacola.it;http://www.tennacola.it;http://www.tennacola.it;200;5
Terre del Sesia S.C.A R.L.;L37;2156;www.terredelsesia.it;http://www.terredelsesia.it;http://www.terredelsesia.it;200;5
Trapani Servizi S.P.A.;L37;81021;www.trapaniservizi.it;http://www.trapaniservizi.it;http://www.trapaniservizi.it;200;5
Unifidi Imprese Sicilia;L37;88009;http://www.unifidisicilia.it/;http://www.unifidisicilia.it;http://www.unifidisicilia.it;200;5
Azienda Territoriale per l'Edilizia Residenziale di Gorizia;L37;31007;http://gorizia.aterfvg.it/index.php?id=36841&no_cache=1;http://gorizia.aterfvg.it;http://gorizia.aterfvg.it;200;5
Uniacque;L37;16024;www.uniacque.bg.it;http://www.uniacque.bg.it;http://www.uniacque.bg.it;200;20
Universita' Telematica Giustino Fortunato;L37;62008;www.unifortunato.eu;http://www.unifortunato.eu.it;_NV_;['Errno -2'];20
Utilya Srl;L37;24052;www.utilya.it;http://www.utilya.it;http://www.utilya.it;200;5
Val Cavallina Servizi Srl;L37;16218;www.vcsonline.it;http://www.vcsonline.it;http://www.vcsonline.it;200;5
Valbe Servizi S.P.A.;L37;13143;www.valbeservizi.it;http://www.valbeservizi.it;_NV_;['Errno -2'];20
Volsca Ambiente e Servizi Spa;L37;58111;www.volscambiente.it;http://www.volscambiente.it;http://www.volscambiente.it;200;5
Valore Citta Amcps S.R.L.;L37;24116;www.amcps.it;http://www.amcps.it;http://www.amcps.it;200;5
Veneziana Energia Risorse Idriche Territorio Ambiente Servizi S.P.A.;L37;27042;www.gruppoveritas.it;http://www.gruppoveritas.it;http://www.gruppoveritas.it;200;5
Virgilio S.R.L.;L37;37001;www.virgiliosrl.eu;http://www.virgiliosrl.eu.it;_NV_;['Errno -2'];20
Venezia Informatica e Sistemi S.P.A.;L37;27042;www.venis.it;http://www.venis.it;_NV_;['Errno -3'];20
AZIENDA TRASPORTI PUBBLICI S.p.A.;L37;90064;www.atpsassari.it;http://www.atpsassari.it;http://www.atpsassari.it;200;5
Vittoria Mercati Srl;L37;88012;www.vittoriamercati.it;http://www.vittoriamercati.it;http://www.vittoriamercati.it;200;5
AZIENDA AMBIENTE SRL;L37;22245;www.aziendambiente.it;http://www.aziendambiente.it;_NV_;['Errno -2'];20
CAFC SPA;L37;30129;www.cafcspa.com;http://www.cafcspa.com.it;_NV_;['Errno -2'];20
LAMEZIA MULTISERVIZI S.p.A.;L37;79160;www.lameziamultiservizi.it;http://www.lameziamultiservizi.it;http://www.lameziamultiservizi.it;200;5
Voltano S.P.A.;L37;84003;www.voltano.it;http://www.voltano.it;http://www.voltano.it;200;5
Valle Sabbia Solidale;L37;17197;www.vallesabbiasolidale.it;http://www.vallesabbiasolidale.it;http://www.vallesabbiasolidale.it;200;5
5 Valli Servizi S.R.L.;L37;6101;www.5valliservizi.it;http://www.5valliservizi.it;http://www.5valliservizi.it;200;5
Valle Umbra Servizi S.P.A.;L37;54051;www.valleumbraservizi.it;http://www.valleumbraservizi.it;http://www.valleumbraservizi.it;200;5
COPIT SPA;L37;47014;www.copitspa.it;http://www.copitspa.it;http://www.copitspa.it;200;5
casa di cura Villa salus del prof.g.barresi di a.barresi & C. s.a.s.;L37;83048;www.casadicuravillasalus.it;http://www.casadicuravillasalus.it;http://www.casadicuravillasalus.it;200;5
