Denominazione_ente;Codice_Categoria;Codice_comune_ISTAT;Sito_istituzionale;url;http_ok;codice_risposta;test_timeout
Accademia Albertina di Belle Arti di Torino;L43;1272;www.albertina.academy;http://www.albertina.academy.it;_NV_;['Errno -2'];5
Accademia di Belle Arti Mario Sironi;L43;90064;www.accademiasironi.it;http://www.accademiasironi.it;http://www.accademiasironi.it;200;5
Accademia di Belle Arti Reggio Calabria;L43;80063;www.accademiabelleartirc.it;http://www.accademiabelleartirc.it;http://www.accademiabelleartirc.it;200;5
Accademia di Belle Arti di Bologna;L43;37006;www.ababo.it;http://www.ababo.it;http://www.ababo.it;200;5
Accademia di Belle Arti di Bari;L43;72006;www.accademiabelleartiba.it;http://www.accademiabelleartiba.it;http://www.accademiabelleartiba.it;200;5
Accademia di Belle Arti di Catania;L43;87015;www.abacatania.it;http://www.abacatania.it;_NV_;['Errno -3'];5
Accademia di Belle Arti di Carrara;L43;45003;www.accademiacarrara.it;http://www.accademiacarrara.it;_NV_;['Errno -3'];5
Accademia di Belle Arti di Catanzaro;L43;79023;www.abacatanzaro.it;http://www.abacatanzaro.it;http://www.abacatanzaro.it;200;5
Accademia di Belle Arti di Firenze;L43;48017;www.accademia.firenze.it;http://www.accademia.firenze.it;http://www.accademia.firenze.it;200;5
Accademia di Belle Arti di Frosinone;L43;60038;www.accademiabellearti.fr.it;http://www.accademiabellearti.fr.it;http://www.accademiabellearti.fr.it;200;5
Accademia di Belle Arti di Foggia;L43;71024;www.abafg.it;http://www.abafg.it;http://www.abafg.it;200;5
Accademia di Belle Arti L'Aquila;L43;66049;www.abaq.it;http://www.abaq.it;http://www.abaq.it;200;5
Accademia di Belle Arti di Macerata;L43;43023;www.abamc.it;http://www.abamc.it;http://www.abamc.it;200;5
Accademia Belle Arti di Napoli;L43;63049;www.accademiadinapoli.it;http://www.accademiadinapoli.it;http://www.accademiadinapoli.it;200;5
Accademia di Belle Arti di Palermo;L43;82053;www.accademiadipalermo.it;http://www.accademiadipalermo.it;http://www.accademiadipalermo.it;200;5
Accademia di Belle Arti di Roma;L43;58091;www.abaroma.it;http://www.abaroma.it;_NV_;['Errno -3'];5
Accademia di Belle Arti di Urbino;L43;41067;www.accademiadiurbino.it;http://www.accademiadiurbino.it;http://www.accademiadiurbino.it;200;5
Accademia di Belle Arti di Venezia;L43;27042;www.accademiavenezia.it;http://www.accademiavenezia.it;http://www.accademiavenezia.it;200;5
Accademia di Belle Arti di Brera;L43;15146;www.accademiadibrera.milano.it;http://www.accademiadibrera.milano.it;http://www.accademiadibrera.milano.it;200;5
Accademia di Belle Arti di Lecce;L43;75035;www.accademiabelleartilecce.com;http://www.accademiabelleartilecce.com.it;_NV_;['Errno -2'];5
Accademia Nazionale D'Arte Drammatica;L43;58091;www.accademiasilviodamico.it;http://www.accademiasilviodamico.it;http://www.accademiasilviodamico.it;200;5
Accademia Nazionale di Danza;L43;58091;www.accademianazionaledanza.it;http://www.accademianazionaledanza.it;http://www.accademianazionaledanza.it;200;5
Conservatorio di Cagliari;L43;92009;www.conservatoriocagliari.it;http://www.conservatoriocagliari.it;_NV_;['Errno -3'];5
Conservatorio statale di musica A. Vivaldi di Alessandria;L43;6003;www.conservatoriovivaldi.it/;http://www.conservatoriovivaldi.it;_NV_;['Errno -3'];5
Conservatorio di Salerno;L43;65116;www.consalerno.it;http://www.consalerno.it;http://www.consalerno.it;200;5
Conservatorio di Como;L43;13075;www.conservatoriocomo.it;http://www.conservatoriocomo.it;http://www.conservatoriocomo.it;200;5
Conservatorio di Musica Luca Marenzio di Brescia;L43;17029;www.consbs.it;http://www.consbs.it;http://www.consbs.it;200;5
Conservatorio di Musica di Castelfranco Veneto;L43;26012;www.conscfv.it;http://www.conscfv.it;http://www.conscfv.it;200;5
Conservatorio di Musica A.Boito dI Parma;L43;34027;www.conservatorio.pr.it;http://www.conservatorio.pr.it;http://www.conservatorio.pr.it;200;5
Conservatorio di Frosinone Licinio Refice;L43;60038;www.conservatorio-frosinone.it;http://www.conservatorio.frosinone.it;_NV_;['Errno -2'];5
CONSERVATORIO STATALE DI MUSICA L.PEROSI;L43;70006;www.conservatorioperosi.it;http://www.conservatorioperosi.it;_NV_;['Errno -3'];5
Conservatorio di Musica Gesualdo da Venosa - Potenza;L43;76063;www.conservatoriopotenza.it;http://www.conservatoriopotenza.it;_NV_;['Errno -3'];5
Conservatorio di Musica di Perugia;L43;54039;www.conservatorioperugia.it;http://www.conservatorioperugia.it;http://www.conservatorioperugia.it;200;5
Conservatorio di Musica 'Tito Schipa' di Lecce;L43;75035;www.conservatoriolecce.it;http://www.conservatoriolecce.it;http://www.conservatoriolecce.it;200;5
Conservatorio di Musica Arrigo Pedrollo di Vicenza;L43;24116;www.consvi.it;http://www.consvi.it;http://www.consvi.it;200;5
Conservatorio di Musica Antonio Scontrino di Trapani;L43;81021;www.constp.it;http://www.constp.it;http://www.constp.it;200;5
Conservatorio di Musica Bolzano;L43;21008;www.cons.bz.it;http://www.cons.bz.it;http://www.cons.bz.it;200;5
CONSERVATORIO DI MUSICA ARCANGELO CORELLI;L43;83048;www.consme.it;http://www.consme.it;http://www.consme.it;200;5
Conservatorio di Musica 'D. Cimarosa' di Avellino;L43;64008;www.conservatoriocimarosa.org;http://www.conservatoriocimarosa.org.it;_NV_;['Errno -2'];5
Conservatorio di Musica di Stato Alessandro Scarlatti;L43;82053;www.conservatoriopalermo.it;http://www.conservatoriopalermo.it;http://www.conservatoriopalermo.it;200;5
Conservatorio di Musica E. R. Duni;L43;77014;www.conservatoriomatera.it;http://www.conservatoriomatera.it;http://www.conservatoriomatera.it;200;5
Conservatorio di Musica G.B.Pergolesi;L43;109006;www.conservatorio.net;http://www.conservatorio.net.it;_NV_;['Errno -2'];5
Conservatorio di Musica G. B. Martini di Bologna;L43;37006;www.consbo.it;http://www.consbo.it;http://www.consbo.it;200;5
Conservatorio di Musica Giacomo Puccini;L43;11015;www.conservatoriopuccini.com;http://www.conservatoriopuccini.com.it;_NV_;['Errno -2'];5
Conservatorio di Musica Giuseppe Tartini di Trieste;L43;32006;www.conservatorio.trieste.it;http://www.conservatorio.trieste.it;http://www.conservatorio.trieste.it;200;5
Conservatorio di Musica Giuseppe Verdi di Milano;L43;15146;www.consmilano.it;http://www.consmilano.it;https://www.consmilano.it;200;5
Conservatorio di Musica Luigi Cherubini di Firenze;L43;48017;www.conservatorio.firenze.it/;http://www.conservatorio.firenze.it;http://www.conservatorio.firenze.it;200;5
Conservatorio di Musica N.Piccinni;L43;72006;www.conservatoriopiccinni.eu;http://www.conservatoriopiccinni.eu.it;_NV_;['Errno -2'];5
Conservatorio di Monopoli Nino Rota;L43;72030;www.conservatoriodimonopoli.org;http://www.conservatoriodimonopoli.org.it;_NV_;['Errno -2'];5
Conservatorio di Musica San Pietro a Majella di Napoli;L43;63049;www.sanpietroamajella.it;http://www.sanpietroamajella.it;_NV_;['Errno -3'];5
Conservatorio di Musica 'Stanislao Giacomantonio' di Cosenza;L43;78045;www.conservatoriocosenza.it;http://www.conservatoriocosenza.it;_NV_;['Errno -3'];5
Conservatorio di Musica U. Giordano;L43;71024;www.conservatoriofoggia.it;http://www.conservatoriofoggia.it;_NV_;['Errno -3'];5
"Conservatorio di Musica ""Benedetto Marcello""";L43;27042;www.conservatoriovenezia.net;http://www.conservatoriovenezia.net.it;_NV_;['Errno -2'];5
Conservatorio Musica Vibo Valentia;L43;102047;www.consvv.it;http://www.consvv.it;http://www.consvv.it;200;5
Conservatorio Statale di Musica Cesena;L43;40007;www.conservatoriomaderna-cesena.it;http://www.conservatoriomaderna.cesena.it;_NV_;['Errno -2'];5
Conservatorio Statale di Musica G. Frescobaldi;L43;38008;www.conservatorioferrara.it;http://www.conservatorioferrara.it;http://www.conservatorioferrara.it;200;5
CONSERVATORIO DI MUSICA S. CECILIA di Roma;L43;58091;www.conservatoriosantacecilia.it;http://www.conservatoriosantacecilia.it;http://www.conservatoriosantacecilia.it;200;5
CONSERVATORIO DI MUSICA LUISA D'ANNUNZIO;L43;68028;http://www.conservatoriopescara.it;http://www.conservatoriopescara.it;https://www.conservatoriopescara.it;200;5
Conservatorio di musica A Casella;L43;66049;www.consaq.it;http://www.consaq.it;_NV_;ConnectTimeout;5
Conservatorio Statale di Musica Guido Cantelli;L43;3106;consno.it/;http://consno.it;_NV_;['Errno -3'];5
Conservatorio Statale di Musica di Piacenza;L43;33032;www.conservatorio.piacenza.it;http://www.conservatorio.piacenza.it;_NV_;['Errno -2'];5
Conservatorio Statale di Musica G. Rossini;L43;41044;www.conservatoriorossini.it;http://www.conservatoriorossini.it;http://www.conservatoriorossini.it;200;5
Conservatorio di Musica 'Francesco Cilea' di Reggio Calabria;L43;80063;www.conservatoriocilea.it;http://www.conservatoriocilea.it;http://www.conservatoriocilea.it;200;5
Conservatorio di Musica 'Francesco Venezze' di Rovigo;L43;29041;www.conservatoriorovigo.it;http://www.conservatoriorovigo.it;http://www.conservatoriorovigo.it;200;5
Conservatorio Statale di Musica Antonio Buzzolla di Adria;L43;29001;www.conservatorioadria.it;http://www.conservatorioadria.it;http://www.conservatorioadria.it;200;5
Conservatorio Statale di Musica Cesare Pollini;L43;28060;www.conservatoriopollini.it;http://www.conservatoriopollini.it;http://www.conservatoriopollini.it;200;5
CONSERVATORIO STATALE DI MUSICA L. CANEPA;L43;90064;www.conservatorio.sassari.it;http://www.conservatorio.sassari.it;http://www.conservatorio.sassari.it;200;5
Conservatorio di musica Francesco Antonio Bonporti;L43;22205;www.conservatorio.tn.it;http://www.conservatorio.tn.it;http://www.conservatorio.tn.it;200;5
CONSERVATORIO STATALE DI MUSICA G.VERDI DI TORINO;L43;1272;www.conservatoriotorino.eu;http://www.conservatoriotorino.eu.it;_NV_;['Errno -2'];5
Conservatorio Statale di Musica Jacopo Tomadini;L43;30129;www.conservatorio.udine.it;http://www.conservatorio.udine.it;http://www.conservatorio.udine.it;200;5
CONSERVATORIO STATALE DI MUSICA DI LATINA;L43;59011;www.conslatina.it;http://www.conslatina.it;http://www.conslatina.it;200;5
Conservatorio Statale di Musica Lucio Campiani;L43;20030;www.conservatoriomantova.com;http://www.conservatoriomantova.com.it;_NV_;['Errno -2'];5
Conservatorio Statale di Musica Nicola Sala;L43;62008;www.conservatorio.bn.it;http://www.conservatorio.bn.it;http://www.conservatorio.bn.it;200;5
Conservatorio Statale di Musica Paganini di Genova;L43;10025;www.conspaganini.it/;http://www.conspaganini.it;http://www.conspaganini.it;200;5
Conservatorio Statale di Musica E.F. Dall'Abaco di Verona;L43;23091;www.conservatorioverona.it;http://www.conservatorioverona.it;http://www.conservatorioverona.it;200;5
"ISTITUTO STATALE SUPERIORE DI STUDI MUSICALI E COREUTICI ""GAETANO BRAGA""";L43;67041;www.istitutobraga.it;http://www.istitutobraga.it;http://www.istitutobraga.it;200;5
Istituto Musicale Pareggiato della Valle D'Aosta;L43;7003;www.consaosta.it;http://www.consaosta.it;http://www.consaosta.it;200;5
Istituto Superiore di Studi Musicali;L43;73027;www.paisiello.it;http://www.paisiello.it;http://www.paisiello.it;200;5
Istituto Superiore per le Industrie Artistiche - ISIA di Faenza ;L43;39010;www.isiafaenza.it;http://www.isiafaenza.it;http://www.isiafaenza.it;200;5
Istituto Superiore per Le Industrie Artistiche di Roma;L43;58091;www.isiaroma.it;http://www.isiaroma.it;http://www.isiaroma.it;200;5
Istituto Superiore per le Industrie Artistiche - ISIA di Urbino;L43;41067;www.isiaurbino.net;http://www.isiaurbino.net.it;_NV_;['Errno -2'];5
Istituto Superiore per Le Industrie Artistiche di Pescara;L43;68028;www.isiadesign.pe.it;http://www.isiadesign.pe.it;http://www.isiadesign.pe.it;200;5
Istituto Superiore per Le Industrie Artistiche di Firenze;L43;48017;www.isiadesign.fi.it;http://www.isiadesign.fi.it;http://www.isiadesign.fi.it;200;5
Istituto Superiore di Studi Musicali Gaetano Donizetti;L43;16024;www.consbg.it;http://www.consbg.it;http://www.consbg.it;200;5
Istituto Superiore di Studi Musicali Claudio Monteverdi;L43;19036;www.istitutomonteverdi.it;http://www.istitutomonteverdi.it;http://www.istitutomonteverdi.it;200;5
Istituto Superiore di Studi Musicali Franco Vittadini;L43;18110;www.conspv.it;http://www.conspv.it;http://www.conspv.it;200;5
Istituto Superiore di Studi Musicali G.F.Ghedini;L43;4078;www.conservatoriocuneo.it;http://www.conservatoriocuneo.it;http://www.conservatoriocuneo.it;200;5
Istituto Superiore di Studi Musicali Giulio Briccialdi;L43;55032;www.briccialditerni.it;http://www.briccialditerni.it;http://www.briccialditerni.it;200;5
Istituto Superiore di Studi Musicali G. Lettimi;L43;99014;www.istitutolettimi.it;http://www.istitutolettimi.it;http://www.istitutolettimi.it;200;5
Istituto Superiore di Studi Musicali Giacomo Puccini;L43;12070;www.issmpuccinigallarate.it;http://www.issmpuccinigallarate.it;http://www.issmpuccinigallarate.it;200;5
Istituto Superiore di Studi Musicali L. Boccherini;L43;46017;www.boccherini.it;http://www.boccherini.it;http://www.boccherini.it;200;5
ISTITUTO SUPERIORE DI STUDI MUSICALI P. MASCAGNI;L43;49009;www.consli.it;http://www.consli.it;http://www.consli.it;200;5
Istituto Superiore Studi Musicali P.I. Tchaikovsky;L43;79087;www.conscz.it;http://www.conscz.it;http://www.conscz.it;200;5
Istituto Superiore di Studi Musicali G. Verdi Ravenna;L43;39014;www.verdiravenna.it;http://www.verdiravenna.it;http://www.verdiravenna.it;200;5
Istituto Superiore di Studi Musicali Rinaldo Franci;L43;52032;http://www.istitutofranci.com;http://www.istitutofranci.com;http://www.istitutofranci.com;200;5
Issm Toscanini Ribera;L43;84033;www.istitutotoscanini.it;http://www.istitutotoscanini.it;http://www.istitutotoscanini.it;200;5
Istituto Superiore di Studi Musicali O.Vecchi - A.Tonelli;L43;36023;www.comune.modena.it/oraziovecchi/;http://www.comune.modena.it;http://www.comune.modena.it;200;5
Istituto Superiore di Studi Musicali Vincenzo Bellini di Caltanissetta;L43;85004;www.istitutobellini.cl.it;http://www.istitutobellini.cl.it;http://www.istitutobellini.cl.it;200;5
Istituto Superiore di Studi Musicali di Reggio Emilia e Castelnovo Nei Monti;L43;35033;www.peri-merulo.it;http://www.peri.merulo.it;_NV_;['Errno -2'];5
