Denominazione_ente;Codice_Categoria;Codice_comune_ISTAT;Sito_istituzionale;url;http_ok;codice_risposta;test_timeout
Istituto Zooprofilattico dell'Abruzzo e del Molise G. Caporale;C12;67041;www.izs.it;http://www.izs.it;http://www.izs.it;200;20
Istituto Zooprofilattico Sperimentale della Puglia e della Basilicata;C12;71024;www.izsfg.it;http://www.izsfg.it;http://www.izsfg.it;500;5
Istituto Zooprofilattico Sperimentale della Lombardia e dell'Emilia Romagna Bruno Ubertini;C12;17029;www.izsler.it;http://www.izsler.it;http://www.izsler.it;200;5
Istituto Zooprofilattico Sperimentale dell'Umbria e delle Marche Togo Rosati;C12;54039;www.izsum.it;http://www.izsum.it;http://www.izsum.it;200;5
Istituto Zooprofilattico Sperimentale delle Venezie;C12;28044;www.izsvenezie.it;http://www.izsvenezie.it;http://www.izsvenezie.it;200;5
Istituto Zooprofilattico Sperimentale del Mezzoggiorno;C12;63059;www.izsmportici.it;http://www.izsmportici.it;http://www.izsmportici.it;200;5
Istituto Zooprofilattico Sperimentale del Piemonte, Liguria e Valle D'Aosta;C12;1272;www.izsto.it;http://www.izsto.it;http://www.izsto.it;200;5
Istituto Zooprofilattico Sperimentale del Lazio e della Toscana M. Aleandri;C12;58091;www.izslt.it;http://www.izslt.it;http://www.izslt.it;200;20
Istituto Zooprofilattico Sperimentale della Sardegna;C12;90064;www.izs-sardegna.it;http://www.izs.sardegna.it;_NV_;['Errno -2'];20
Istituto Zooprofilattico Sperimentale della Sicilia;C12;82053;www.izssicilia.it;http://www.izssicilia.it;http://www.izssicilia.it;200;20
