Denominazione_ente;Codice_Categoria;Codice_comune_ISTAT;Sito_istituzionale;url;http_ok;codice_risposta;test_timeout
Camera dei Deputati;C2;58091;www.camera.it;http://www.camera.it;http://www.camera.it;200;5
Corte dei Conti;C2;58091;www.corteconti.it;http://www.corteconti.it;http://www.corteconti.it;200;5
Uffici Amministrativi del Consiglio di Stato e dei Tribunali Amministrativi Regionali 'non abilitato a ricevere atti giurisdizionali e ricorsi straordinari al Presidente della Repubblica';C2;58091;www.giustizia-amministrativa.it;http://www.giustizia.amministrativa.it;http://www.giustizia.amministrativa.it;200;5
Consiglio Nazionale dell'Economia e del Lavoro - CNEL;C2;58091;www.cnel.it;http://www.cnel.it;http://www.cnel.it;200;5
Corte Costituzionale;C2;58091;www.cortecostituzionale.it;http://www.cortecostituzionale.it;http://www.cortecostituzionale.it;200;5
Consiglio Superiore della Magistratura;C2;58091;www.csm.it;http://www.csm.it;_NV_;ConnectTimeout;20
Senato della Repubblica;C2;58091;www.senato.it;http://www.senato.it;http://www.senato.it;200;5
Segretariato Generale della Presidenza della Repubblica;C2;58091;www.quirinale.it;http://www.quirinale.it;http://www.quirinale.it;200;5
