Denominazione_ente;Codice_Categoria;Codice_comune_ISTAT;Sito_istituzionale;url;http_ok;codice_risposta;test_timeout
Azienda Consorziale Forestale Trento - Sopramonte;L38;22205;www.aziendaforestale.tn.it;http://www.aziendaforestale.tn.it;http://www.aziendaforestale.tn.it;200;20
Consorzio di Gestione dell' Area Marina Protetta Punta Campanella;L38;63044;www.puntacampanella.org;http://www.puntacampanella.org.it;_NV_;['Errno -2'];20
Azienda Speciale Parco di Porto Conte;L38;90003;www.parcodiportoconte.it;http://www.parcodiportoconte.it;http://www.parcodiportoconte.it;200;5
Consorzio di Gestione Area Marina Protetta Porto Cesareo;L38;75097;www.ampportocesareo.it;http://www.ampportocesareo.it;http://www.ampportocesareo.it;200;5
Consorzio di Gestione dell'Area Marina Protetta del Promontorio di Portofino;L38;10044;www.portofinoamp.it;http://www.portofinoamp.it;https://www.portofinoamp.it;200;5
Consorzio di Gestione Amp Torre del Cerrano;L38;67035;www.torredelcerrano.it;http://www.torredelcerrano.it;http://www.torredelcerrano.it;200;5
Consorzio di Gestione Parco Regionale Campo Dei Fiori;L38;12021;www.parcocampodeifiori.it;http://www.parcocampodeifiori.it;http://www.parcocampodeifiori.it;200;5
ENTE PER LA GESTIONE DEL PARCO REGIONALE DI MONTEVECCHIA E DELLA VALLE DEL CURONE;L38;97053;www.parcocurone.it;http://www.parcocurone.it;http://www.parcocurone.it;200;5
Ente di Gestione per i Parchi e la Biodiversita' Romagna;L38;39015;www.parchiromagna.it;http://www.parchiromagna.it;http://www.parchiromagna.it;200;5
Consorzio di Gestione di Torre Guaceto;L38;74002;www.riservaditorreguaceto.it/;http://www.riservaditorreguaceto.it;http://www.riservaditorreguaceto.it;200;5
Consorzio Isole Dei Ciclopi;L38;87002;www.isoleciclopi.it;http://www.isoleciclopi.it;http://www.isoleciclopi.it;200;5
Consorzio per La Gestione del Parco Interprovinciale di Montioni;L38;49009;http://www.provincia.livorno.it;http://www.provincia.livorno.it;http://www.provincia.livorno.it;200;5
Consorzio per La Gestione Provvisoria del Parco Naturale Regionale Dune Costiere;L38;74012;www.parcodunecostiere.org;http://www.parcodunecostiere.org.it;_NV_;['Errno -2'];20
Parco Lombardo della Valle del Ticino;L38;15130;www.parcoticino.it;http://www.parcoticino.it;http://www.parcoticino.it;200;5
Parco Nord Milano;L38;15209;www.parconord.milano.it;http://www.parconord.milano.it;http://www.parconord.milano.it;200;5
Consorzio Parco del Lura;L38;13036;www.parcolura.it;http://www.parcolura.it;http://www.parcolura.it;200;5
Parco Monte Barro;L38;97036;www.parcobarro.it;http://www.parcobarro.it;http://www.parcobarro.it;200;5
Parco Regionale Adda Sud;L38;98031;www.parcoaddasud.it;http://www.parcoaddasud.it;http://www.parcoaddasud.it;200;5
Consorzio Plemmirio;L38;89017;www.plemmirio.eu;http://www.plemmirio.eu.it;_NV_;['Errno -2'];20
Consorzio del Parco Geominerario Storico e Ambientale della Sardegna;L38;111035;www.parcogeominerario.eu;http://www.parcogeominerario.eu.it;_NV_;['Errno -2'];20
Consorzio Parco Grugnotorto Villoresi;L38;108035;www.parcogrugnotortovilloresi.it;http://www.parcogrugnotortovilloresi.it;http://www.parcogrugnotortovilloresi.it;200;5
Consorzio del Parco Nazionale dello Stelvio;L38;14009;www.stelviopark.it;http://www.stelviopark.it;http://www.stelviopark.it;200;5
Parco Oglio Nord;L38;17125;www.parcooglionord.it;http://www.parcooglionord.it;http://www.parcooglionord.it;200;5
Consorzio del Parco Tecnologico e Archeologico Delle Colline Metallifere Grossetane;L38;53010;www.parcocollinemetallifere.it;http://www.parcocollinemetallifere.it;http://www.parcocollinemetallifere.it;200;5
Consorzio Villa Reale e Parco di Monza;L38;108033;www.reggiadimonza.it;http://www.reggiadimonza.it;http://www.reggiadimonza.it;200;5
Ente Autonomo Parco Nazionale d' Abruzzo Lazio e  Molise;L38;66068;www.parcoabruzzo.it/;http://www.parcoabruzzo.it;http://www.parcoabruzzo.it;200;20
Ente di Gestione per I Parchi e La Biodiversita Emilia Occidentale;L38;34018;www.parchidelducato.it/;http://www.parchidelducato.it;http://www.parchidelducato.it;200;5
Parco Regionale della Valle del Lambro;L38;108043;www.parcovallelambro.it;http://www.parcovallelambro.it;http://www.parcovallelambro.it;200;5
Riserva Naturale Incisioni Rupestri di Ceto, Cimbergo e Paspardo;L38;17050;www.arterupestre.it;http://www.arterupestre.it;http://www.arterupestre.it;200;5
Ente di Gestione delle Aree Protette dell'Ossola;L38;103071;www.areeprotetteossola.it;http://www.areeprotetteossola.it;http://www.areeprotetteossola.it;200;5
Ente di Gestione delle Aree Protette dei Parchi Reali;L38;1292;WWW.PARCHIREALI.GOV.IT;http://www.parchireali.it;http://www.parchireali.it;200;5
Ente di Gestione Delle Aree Protette Delle Alpi Cozie;L38;1232;www.parchialpicozie.it;http://www.parchialpicozie.it;http://www.parchialpicozie.it;200;5
Ente di Gestione Delle Aree Protette della Valle Sesia;L38;2156;www.areeprotettevallesesia.it;http://www.areeprotettevallesesia.it;http://www.areeprotettevallesesia.it;200;5
Ente di Gestione Del Parco Paleontologico Astigiano;L38;5005;www.parchiastigiani.org;http://www.parchiastigiani.org.it;_NV_;['Errno -2'];20
Ente di Gestione Dei Sacri Monti;L38;6135;www.sacri-monti.com/;http://www.sacri.monti.com.it;_NV_;['Errno -2'];20
Ente di Gestione per I Parchi e La Biodiversita' Emilia Centrale;L38;36023;www.parchiemiliacentrale.it;http://www.parchiemiliacentrale.it;http://www.parchiemiliacentrale.it;200;5
Ente di Gestione per i Parchi e La Biodiversita' Emilia Orientale;L38;37036;www.enteparchi.bo.it;http://www.enteparchi.bo.it;http://www.enteparchi.bo.it;200;5
Ente di Gestione per I Parchi e La Biodiversita' - Delta del Po;L38;38006;http://www.parcodeltapo.it/it/;http://www.parcodeltapo.it;http://www.parcodeltapo.it;200;5
Ente di Gestione del Parco Archeologico Storico Naturale Delle Chiese Rupestri del Materano;L38;77014;www.parcomurgia.it;http://www.parcomurgia.it;http://www.parcomurgia.it;200;5
Ente Di Gestione delle Aree Protette del Ticino e del Lago Maggiore;L38;3032;www.parcoticinolagomaggiore.it;http://www.parcoticinolagomaggiore.it;http://www.parcoticinolagomaggiore.it;200;5
ENTE DI GESTIONE DELLE AREE PROTETTE DEL MONVISO;L38;4203;www.parcomonviso.eu;http://www.parcomonviso.eu.it;_NV_;['Errno -2'];20
Ente Parco Regionale dei Campi Flegrei;L38;63006;www.parcodeicampiflegrei.it;http://www.parcodeicampiflegrei.it;http://www.parcodeicampiflegrei.it;200;5
Ente Parco Prealpi Giulie;L38;30092;www.parcoprealpigiulie.it;http://www.parcoprealpigiulie.it;http://www.parcoprealpigiulie.it;200;5
Ente Parco Aveto;L38;10005;www.parcoaveto.it;http://www.parcoaveto.it;http://www.parcoaveto.it;200;5
Ente Parco del Beigua;L38;9055;www.parcobeigua.it;http://www.parcobeigua.it;http://www.parcobeigua.it;200;5
Ente Parco Delle Madonie;L38;82056;www.parcodellemadonie.it;http://www.parcodellemadonie.it;http://www.parcodellemadonie.it;200;5
Ente Parco Dei Monti Sicani;L38;82052;www.parcodeimontisicani.it;http://www.parcodeimontisicani.it;http://www.parcodeimontisicani.it;200;5
Ente Parco dell'Etna;L38;87031;www.parcoetna.it;http://www.parcoetna.it;http://www.parcoetna.it;200;5
Ente Parco Fluviale dell'Alcantara;L38;83025;www.parcoalcantara.it;http://www.parcoalcantara.it;http://www.parcoalcantara.it;200;5
Ente Parco di Montemarcello-magra;L38;11027;www.parcomagra.it;http://www.parcomagra.it;http://www.parcomagra.it;200;5
Ente Parco Minerario Floristella Grottacalda;L38;86009;www.enteparcofloristella.it;http://www.enteparcofloristella.it;http://www.enteparcofloristella.it;200;5
Ente Parco Nazionale dell'Asinara;L38;90058;www.parcoasinara.org/;http://www.parcoasinara.org.it;_NV_;['Errno -2'];20
Ente Parco Nazionale dell'Arcipelago di La Maddalena;L38;90035;www.lamaddalenapark.it;http://www.lamaddalenapark.it;http://www.lamaddalenapark.it;200;5
Ente Parco Nazionale dell'Appennino Lucano Val D'Agri Lagonegrese;L38;76045;www.parcoappenninolucano.it;http://www.parcoappenninolucano.it;http://www.parcoappenninolucano.it;200;5
Ente Parco Nazionale del Circeo;L38;59024;www.parcocirceo.it;http://www.parcocirceo.it;http://www.parcocirceo.it;200;5
Ente Parco Naturale Dolomiti Friulane;L38;93014;www.parcodolomitifriulane.it;http://www.parcodolomitifriulane.it;http://www.parcodolomitifriulane.it;200;5
Ente Parco Nazionale del Gargano;L38;71033;www.parcogargano.it;http://www.parcogargano.it;http://www.parcogargano.it;200;5
Ente Parco Nazionale delle Foreste Casentinesi Monte Falterona e Campigna;L38;51041;www.parcoforestecasentinesi.it;http://www.parcoforestecasentinesi.it;http://www.parcoforestecasentinesi.it;200;5
Ente Parco Nazionale del Gran Sasso e Monti della Laga;L38;66049;www.gransassolagapark.it;http://www.gransassolagapark.it;http://www.gransassolagapark.it;200;20
Ente Parco Nazionale Isola di Pantelleria;L38;81014;http://www.parconazionalepantelleria.it/;http://www.parconazionalepantelleria.it;http://www.parconazionalepantelleria.it;200;5
Ente Parco Naturale Mont Avic;L38;7017;www.montavic.it;http://www.montavic.it;http://www.montavic.it;200;5
Ente Parco Naturale del Monte San Bartolo;L38;41044;www.parcosanbartolo.it;http://www.parcosanbartolo.it;http://www.parcosanbartolo.it;200;5
Ente Parco Naturale Regionale del Fiume Sile;L38;26086;www.parcosile.it;http://www.parcosile.it;http://www.parcosile.it;200;5
Ente Parco Naturale Regionale Dei Monti Ausoni e Lago di Fondi;L38;59007;http://www.parchilazio.it/montiausoni;http://www.parchilazio.it;http://www.parchilazio.it;200;5
Ente Parco Nazionale del Vesuvio;L38;63051;www.parconazionaledelvesuvio.it;http://www.parconazionaledelvesuvio.it;http://www.parconazionaledelvesuvio.it;200;5
Ente Parco di Portofino;L38;10054;www.parcoportofino.it;http://www.parcoportofino.it;http://www.parcoportofino.it;200;5
Ente Parco Paneveggio Pale di San Martino;L38;22245;www.parcopan.org;http://www.parcopan.org.it;_NV_;['Errno -2'];20
Ente Parco Regionale Area Vulcanica di Roccamonfina Foce Garigliano;L38;61088;www.parcodiroccamonfina.it;http://www.parcodiroccamonfina.it;http://www.parcodiroccamonfina.it;200;5
Ente Parco Regionale del Conero;L38;42048;www.parcodelconero.com;http://www.parcodelconero.com.it;_NV_;['Errno -2'];20
Ente Parco Regionale Dei Monti Lattari;L38;63024;www.parcoregionaledeimontilattari.it;http://www.parcoregionaledeimontilattari.it;http://www.parcoregionaledeimontilattari.it;200;5
Ente Parco Regionale del Matese;L38;61080;www.parcoregionaledelmatese.it;http://www.parcoregionaledelmatese.it;http://www.parcoregionaledelmatese.it;200;20
Ente Parco Regionale del Partenio;L38;64105;www.parcopartenio.it;http://www.parcopartenio.it;http://www.parcopartenio.it;200;5
Ente Parco Regionale Storico Agricolo dell'Olivo di Venafro;L38;94052;parcodellolivodivenafro.eu;http://parcodellolivodivenafro.eu.it;_NV_;['Errno -2'];20
Ente Parco Regionale del Taburno Camposauro;L38;62021;www.enteparcotaburnocamposauro.it;http://www.enteparcotaburnocamposauro.it;http://www.enteparcotaburnocamposauro.it;200;5
Ente Parco Regionale Veneto Delta del Po;L38;29002;www.parcodeltapo.org;http://www.parcodeltapo.org.it;_NV_;['Errno -2'];20
Ente Riserve Naturali Foce Sele - Tanagro Monti Eremita - Marzano;L38;65046;www.riservasele.it;http://www.riservasele.it;http://www.riservasele.it;200;5
Ente Riserve Naturali Regionali Foce Volturno-costa di Licola e Lago Falciano;L38;61027;www.riservevolturnolicolafalciano.it;http://www.riservevolturnolicolafalciano.it;http://www.riservevolturnolicolafalciano.it;200;5
Ente Regionale Parco dei Monti Aurunci;L38;59003;www.parcoaurunci.it;http://www.parcoaurunci.it;http://www.parcoaurunci.it;200;5
Ente Regionale Parco di Veio;L38;58093;www.parcodiveio.it;http://www.parcodiveio.it;http://www.parcodiveio.it;200;20
Ente Regionale Romanatura;L38;58091;www.romanatura.roma.it;http://www.romanatura.roma.it;https://www.romanatura.roma.it;200;20
Agenzia Demanio provinciale;L38;21008;www.agenzia-demanioprovinciale.bz.it;http://www.agenzia.demanioprovinciale.bz.it;_NV_;['Errno -2'];20
PARCO ARCHEOLOGICO DELLE ISOLE EOLIE;L38;83041;http://www.regione.sicilia.it;http://www.regione.sicilia.it;http://www.regione.sicilia.it;200;5
Monti Cimini - Riserva Naturale Regionale Lago di Vico;L38;56015;www.parchilazio.it/vico;http://www.parchilazio.it;http://www.parchilazio.it;200;5
Parco Archeologico di Himera Solunto e Iato;L38;82067;parco.archeo.himera@regione.sicilia.it;http://parco.archeo.himera@regione.sicilia.it;http://parco.archeo.himera@regione.sicilia.it;200;5
Parco Archeologico di Lilibeo;L38;81011;www.parcolilibeo.it;http://www.parcolilibeo.it;http://www.parcolilibeo.it;200;5
Parco Archeologico di Morgantina e della Villa Romana del Casale di Piazza Armerina;L38;86014;www.villaromanadelcasale.it;http://www.villaromanadelcasale.it;http://www.villaromanadelcasale.it;200;5
Parco Adda Nord di Trezzo Sull'Adda;L38;15221;www.parcoaddanord.it/;http://www.parcoaddanord.it;http://www.parcoaddanord.it;200;5
Parco Archeologico e Paesaggistico di Catania e della Valle dell'Aci;L38;87015;www.poloregionalecatania.net;http://www.poloregionalecatania.net.it;_NV_;['Errno -2'];20
Parco Archeologico e Paesaggistico della Valle Dei Templi di Agrigento;L38;84001;www.parcovalledeitempli.it;http://www.parcovalledeitempli.it;http://www.parcovalledeitempli.it;200;5
Parco Archeologico di Naxos;L38;83032;www.parconaxostaormina.com;http://www.parconaxostaormina.com.it;_NV_;['Errno -2'];20
Parco Agricolo Regionale del Monte Netto;L38;17037;www.parcomontenetto.it/;http://www.parcomontenetto.it;http://www.parcomontenetto.it;200;5
PARCO ARCHEOLOGICO DI SELINUNTE, CAVE DI CUSA E PANTELLERIA.;L38;81006;www.selinunte.gov.it;http://www.selinunte.it;_NV_;ConnectTimeout;20
Parco Archeologico di Segesta;L38;81003;http://www.regione.sicilia.it/beniculturali/dirbenicult/database/page_musei/pagina_musei.asp;http://www.regione.sicilia.it;http://www.regione.sicilia.it;200;5
Parco Urbano dell'Irno;L38;65090;www.comune.pellezzano.sa.it;http://www.comune.pellezzano.sa.it;http://www.comune.pellezzano.sa.it;200;20
Parco Delle Groane;L38;15213;www.parcogroane.it;http://www.parcogroane.it;http://www.parcogroane.it;200;5
Parco Delle Orobie Valtellinesi;L38;14002;www.parcorobievalt.com;http://www.parcorobievalt.com.it;_NV_;['Errno -2'];20
Ente di gestione delle aree protette del Po Piemontese;L38;6177;www.parcopopiemontese.it;http://www.parcopopiemontese.it;http://www.parcopopiemontese.it;200;5
ENTE PARCO NATURALE SASSO SIMONE E SIMONCELLO;L38;41009;www.parcosimone.it;http://www.parcosimone.it;http://www.parcosimone.it;200;5
Parco Museo Miniere dell'Amiata;L38;52020;http://www.parcoamiata.com/index.php;http://www.parcoamiata.com;http://www.parcoamiata.com;200;5
Parco Marino Regionale Fondali di Capocozzo;L38;102047;pmrcostadeglidei.weebly.com;http://pmrcostadeglidei.weebly.com.it;_NV_;['Errno -2'];20
Parco Nazionale dell'Alta Murgia;L38;72023;www.parcoaltamurgia.gov.it;http://www.parcoaltamurgia.it;http://www.parcoaltamurgia.it;200;5
Parco Nazionale Arcipelago Toscano;L38;49014;www.islepark.it;http://www.islepark.it;http://www.islepark.it;200;5
Ente di Gestione delle Aree Protette dell'Appennino Piemontese;L38;6022;www.areeprotetteappenninopiemontese.it;http://www.areeprotetteappenninopiemontese.it;http://www.areeprotetteappenninopiemontese.it;200;5
Parco Nazionale del Cilento, Vallo di Diano e Alburni;L38;65154;www.cilentoediano.it;http://www.cilentoediano.it;http://www.cilentoediano.it;200;5
Parco Nazionale dei Monti Sibillini;L38;43057;www.sibillini.net;http://www.sibillini.net.it;_NV_;['Errno -2'];20
Parco Nazionale Valgrande;L38;103023;www.parcovalgrande.it;http://www.parcovalgrande.it;http://www.parcovalgrande.it;200;20
Parco Naturale Adamello Brenta di Strembo;L38;22184;www.pnab.it;http://www.pnab.it;http://www.pnab.it;200;5
Ente di Gestione delle Aree Protette delle Alpi Marittime;L38;4233;www.areeprotettealpimarittime.it;http://www.areeprotettealpimarittime.it;http://www.areeprotettealpimarittime.it;200;20
Parco Nazionale dell'Appennino Tosco-emiliano;L38;45007;www.parcoappennino.it;http://www.parcoappennino.it;http://www.parcoappennino.it;200;5
Parco Naturale Costa Otranto - S.M di Leuca e Bosco di Tricase;L38;75005;www.parcootrantoleuca.it/;http://www.parcootrantoleuca.it;http://www.parcootrantoleuca.it;200;5
Parco Nazionale Delle Cinque Terre;L38;11024;www.parconazionale5terre.it;http://www.parconazionale5terre.it;http://www.parconazionale5terre.it;200;5
Parco Nazionale Dolomiti Bellunesi;L38;25021;www.dolomitipark.it;http://www.dolomitipark.it;http://www.dolomitipark.it;200;5
PARCO NAZIONALE DELLA MAIELLA;L38;69043;www.parcomajella.it;http://www.parcomajella.it;http://www.parcomajella.it;200;20
Parco Naturale Regionale Molentargius-Saline;L38;92009;www.parcomolentargius.it;http://www.parcomolentargius.it;http://www.parcomolentargius.it;200;5
Parco Naturale Regionale Sirente Velino;L38;66082;www.parcosirentevelino.it;http://www.parcosirentevelino.it;http://www.parcosirentevelino.it;200;5
Parco Naturale Regionale dell'Antola;L38;10006;www.parcoantola.it;http://www.parcoantola.it;http://www.parcoantola.it;200;5
Parco Naturale Regionale di Bracciano-martignano;L38;58013;www.parcobracciano.it;http://www.parcobracciano.it;http://www.parcobracciano.it;200;5
Parco Naturale Regionale Delle Alpi Liguri;L38;8049;www.parks.it/parco.alpi.liguri;http://www.parks.it;http://www.parks.it;200;5
Parco Naturale Regionale Delle Serre;L38;102037;www.parcodelleserre.it;http://www.parcodelleserre.it;http://www.parcodelleserre.it;200;5
Parco Naturale Regionale di Gutturu Mannu;L38;111068;www.parcogutturumannu.it;http://www.parcogutturumannu.it;http://www.parcogutturumannu.it;200;5
Parco Naturale Regionale dei Monti Simbruini;L38;58048;www.parcomontisimbruini.it;http://www.parcomontisimbruini.it;http://www.parcomontisimbruini.it;200;5
Parco Naturale Regionale Tepilora;L38;91009;www.parcoditepilora.it;http://www.parcoditepilora.it;http://www.parcoditepilora.it;200;5
Parco della Pineta di Appiano Gentile e Tradate;L38;13059;www.parcopineta.org;http://www.parcopineta.org.it;_NV_;['Errno -2'];20
Ente Parco Nazionale dell'Aspromonte;L38;80083;www.parcoaspromonte.gov.it;http://www.parcoaspromonte.it;http://www.parcoaspromonte.it;200;5
Ente Parco Nazionale Gran Paradiso;L38;1272;www.pngp.it;http://www.pngp.it;http://www.pngp.it;200;5
Ente Parco Regionale della Maremma;L38;53011;www.parco-maremma.it;http://www.parco.maremma.it;_NV_;['Errno -2'];20
Ente Parco Regionale Migliarino San Rossore Massaciuccoli;L38;50026;www.parcosanrossore.org;http://www.parcosanrossore.org.it;_NV_;['Errno -2'];20
Ente Parco Naturale Regionale dei Monti Lucretili;L38;58075;www.parcolucretili.it;http://www.parcolucretili.it;http://www.parcolucretili.it;200;5
Parco delle Orobie Bergamasche;L38;16004;www.parcorobie.it;http://www.parcorobie.it;http://www.parcorobie.it;200;5
Ente Parco Nazionale del Pollino;L38;76070;www.parcopollino.gov.it;http://www.parcopollino.it;http://www.parcopollino.it;200;5
Ente Parco Regionale Riviera di Ulisse;L38;59009;www.parcorivieradiulisse.it;http://www.parcorivieradiulisse.it;http://www.parcorivieradiulisse.it;200;5
ENTE PARCO NAZIONALE DELLA SILA;L38;78119;www.parcosila.it;http://www.parcosila.it;http://www.parcosila.it;200;5
Parco Regionale dell'Appia Antica;L38;58091;www.parcoappiaantica.it;http://www.parcoappiaantica.it;http://www.parcoappiaantica.it;200;5
Parco Regionale del Bacino Idrografico del Fiume Sarno;L38;65135;www.enteparcodelfiumesarno.it/;http://www.enteparcodelfiumesarno.it;http://www.enteparcodelfiumesarno.it;200;5
Parco Regionale Delle Alpi Apuane;L38;46009;www.parcapuane.it;http://www.parcapuane.it;http://www.parcapuane.it;200;5
Parco Regionale Dei Colli di Bergamo;L38;16024;www.parcocollibergamo.it;http://www.parcocollibergamo.it;http://www.parcocollibergamo.it;200;5
Parco Regionale Dei Colli Euganei;L38;28037;www.parcocollieuganei.com;http://www.parcocollieuganei.com.it;_NV_;['Errno -2'];20
Parco Regionale Dei Castelli Romani;L38;58086;www.parcocastelliromani.it;http://www.parcocastelliromani.it;http://www.parcocastelliromani.it;200;5
Parco Regionale Dei Monti Picentini;L38;64066;www.parcoregionalemontipicentini.it;http://www.parcoregionalemontipicentini.it;http://www.parcoregionalemontipicentini.it;200;5
Parco Regionale Gallipoli Cognato Piccole Dolomiti Lucane;L38;77001;www.parcogallipolicognato.it;http://www.parcogallipolicognato.it;http://www.parcogallipolicognato.it;200;5
Parco Regionale del Mincio;L38;20030;www.parcodelmincio.it;http://www.parcodelmincio.it;http://www.parcodelmincio.it;200;5
Parco Regionale Oglio Sud;L38;19009;www.ogliosud.it;http://www.ogliosud.it;http://www.ogliosud.it;200;5
Parco Regionale del Serio;L38;16183;www.parcodelserio.it;http://www.parcodelserio.it;http://www.parcodelserio.it;200;5
Parco Regionale Spina Verde;L38;13206;www.spinaverde.it;http://www.spinaverde.it;http://www.spinaverde.it;200;20
Parco Regionale Valle del Treja;L38;58058;https://www.parchilazio.it/valledeltreja;https://www.parchilazio.it;https://www.parchilazio.it;200;5
Parco dello Zolfo Delle Marche;L38;41044;www.parcodellozolfodellemarche.it;http://www.parcodellozolfodellemarche.it;_NV_;['Errno -2'];20
Riserva Naturale Delle Antiche Citta di Fregellae e Fabrateria Nova e del Lago di S.Giovanni Incarico;L38;60008;www.riservafregellae.it;http://www.riservafregellae.it;http://www.riservafregellae.it;200;5
Riserva Naturale Dei Laghi Lungo e Ripasottile;L38;57059;http://www.parchilazio.it/laghilungoeripasottile;http://www.parchilazio.it;http://www.parchilazio.it;200;5
RISERVA NATURALE DEL LAGO DI CANTERNO;L38;60038;www.riservanaturalecanterno.it/;http://www.riservanaturalecanterno.it;_NV_;['Errno -2'];20
Riserva Naturale Montagne della Duchessa;L38;57007;www.riservaduchessa.it;http://www.riservaduchessa.it;http://www.riservaduchessa.it;200;5
Riserva Naturale Pian di Spagna e Lago di Mezzola;L38;13216;http://www.piandispagna.it;http://www.piandispagna.it;http://www.piandispagna.it;200;5
Riserva Naturale Regionale Monti Navegna e Cervia;L38;57073;www.navegnacervia.it;http://www.navegnacervia.it;http://www.navegnacervia.it;200;5
Riserva Naturale Regionale Nazzano, Tevere Farfa;L38;58069;www.teverefarfa.it;http://www.teverefarfa.it;_NV_;ConnectTimeout;20
Riserve Naturali Regionali Orientate del Litorale Tarantino Orientale;L38;73012;www.parchisalentoinrete.it;http://www.parchisalentoinrete.it;http://www.parchisalentoinrete.it;200;5
Riserva Naturale Statale Isola di Vivara;L38;63061;www.vivarariservanaturalestatale.it;http://www.vivarariservanaturalestatale.it;http://www.vivarariservanaturalestatale.it;200;5
Riserva Naturale Torbiere del Sebino;L38;17156;www.torbiere.it;http://www.torbiere.it;http://www.torbiere.it;200;5
