Denominazione_ente;Codice_Categoria;Codice_comune_ISTAT;Sito_istituzionale;url;http_ok;codice_risposta;test_timeout
Avvocatura dello Stato;C1;58091;www.avvocaturastato.it;http://www.avvocaturastato.it;http://www.avvocaturastato.it;200;5
Commissariato Generale di Sezione per La Partecipazione Italiana Ad Expo 2020 Dubai;C1;58091;http://www.italyexpo2020.it/;http://www.italyexpo2020.it;http://www.italyexpo2020.it;200;5
MINISTERO DELL'UNIVERSITA' E DELLA RICERCA;C1;58091;www.mur.gov.it;http://www.mur.gov.it;http://www.mur.gov.it;200;5
Ministero degli Affari Esteri e della Cooperazione Internazionale;C1;58091;www.esteri.it;http://www.esteri.it;https://www.esteri.it;200;5
Ministero della Transizione Ecologica;C1;58091;www.mite.gov.it;http://www.mite.gov.it;http://www.mite.gov.it;200;5
Ministero della Cultura;C1;58091;cultura.gov.it;http://cultura.gov.it;http://cultura.gov.it;200;5
Ministero della Difesa;C1;58091;www.difesa.it;http://www.difesa.it;http://www.difesa.it;200;5
Ministero della Giustizia;C1;58091;www.giustizia.it;http://www.giustizia.it;http://www.giustizia.it;200;5
Ministero dell'Economia e delle Finanze;C1;58091;www.mef.gov.it;http://www.mef.gov.it;http://www.mef.gov.it;200;5
Ministero delle infrastrutture e della mobilita' sostenibili;C1;58091;www.mit.gov.it;http://www.mit.gov.it;http://www.mit.gov.it;200;5
Ministero dell'Interno;C1;58091;www.interno.gov.it;http://www.interno.gov.it;http://www.interno.gov.it;200;5
Ministero del Lavoro e delle Politiche Sociali;C1;58091;www.lavoro.gov.it;http://www.lavoro.gov.it;http://www.lavoro.gov.it;200;20
Ministero delle politiche agricole, alimentari e forestali;C1;58091;www.politicheagricole.gov.it;http://www.politicheagricole.gov.it;_NV_;SSLERROR;20
Ministero dell'Istruzione;C1;58091;www.miur.gov.it;http://www.miur.gov.it;http://www.miur.gov.it;200;5
Ministero della Salute;C1;58091;www.salute.gov.it;http://www.salute.gov.it;http://www.salute.gov.it;200;5
Ministero dello Sviluppo Economico;C1;58091;www.mise.gov.it;http://www.mise.gov.it;http://www.mise.gov.it;200;5
Presidenza del Consiglio dei Ministri;C1;58091;www.governo.it;http://www.governo.it;http://www.governo.it;200;5
Ministero del turismo;C1;58091;https://www.ministeroturismo.gov.it/;https://www.ministeroturismo.gov.it;https://www.ministeroturismo.gov.it;200;5
