Denominazione_ente;Codice_Categoria;Codice_comune_ISTAT;Sito_istituzionale;url;http_ok;codice_risposta;test_timeout
Libero Consorzio Comunale di Agrigento;L5;84001;www.provincia.agrigento.it;http://www.provincia.agrigento.it;http://www.provincia.agrigento.it;200;5
Provincia di Alessandria;L5;6003;www.provincia.alessandria.it;http://www.provincia.alessandria.it;http://www.provincia.alessandria.it;200;5
Provincia di Ancona;L5;42002;www.provincia.ancona.it;http://www.provincia.ancona.it;http://www.provincia.ancona.it;200;5
Provincia di Ascoli Piceno;L5;44007;www.provincia.ap.it;http://www.provincia.ap.it;http://www.provincia.ap.it;200;5
Provincia di L'Aquila;L5;66049;www.provincia.laquila.it;http://www.provincia.laquila.it;http://www.provincia.laquila.it;200;5
Provincia di Arezzo;L5;51002;www.provincia.arezzo.it;http://www.provincia.arezzo.it;http://www.provincia.arezzo.it;200;5
Provincia di Asti;L5;5005;www.provincia.asti.gov.it;http://www.provincia.asti.it;http://www.provincia.asti.it;200;5
Provincia di Avellino;L5;64008;www.provincia.avellino.it;http://www.provincia.avellino.it;_NV_;['Errno -3'];20
Provincia di Bergamo;L5;16024;www.provincia.bergamo.it;http://www.provincia.bergamo.it;http://www.provincia.bergamo.it;200;5
Provincia di Biella;L5;96004;www.provincia.biella.it;http://www.provincia.biella.it;http://www.provincia.biella.it;200;5
Provincia di Belluno;L5;25006;www.provincia.belluno.it;http://www.provincia.belluno.it;http://www.provincia.belluno.it;200;5
Provincia di Benevento;L5;62008;www.provincia.benevento.it;http://www.provincia.benevento.it;http://www.provincia.benevento.it;200;5
Provincia di Brindisi;L5;74001;www.provincia.brindisi.it;http://www.provincia.brindisi.it;http://www.provincia.brindisi.it;200;5
Provincia di Brescia;L5;17029;www.provincia.brescia.it;http://www.provincia.brescia.it;http://www.provincia.brescia.it;200;5
Provincia di Barletta Andria Trani;L5;110001;www.provincia.barletta-andria-trani.it;http://www.provincia.barletta.andria.trani.it;_NV_;['Errno -2'];20
Provincia di Campobasso;L5;70006;www.provincia.campobasso.it;http://www.provincia.campobasso.it;http://www.provincia.campobasso.it;200;5
Provincia di Caserta;L5;61022;www.provincia.caserta.it;http://www.provincia.caserta.it;http://www.provincia.caserta.it;200;5
Provincia di Chieti;L5;69022;www.provincia.chieti.it;http://www.provincia.chieti.it;http://www.provincia.chieti.it;200;5
Libero Consorzio Comunale di Caltanisetta;L5;85004;www.provincia.caltanissetta.it;http://www.provincia.caltanissetta.it;http://www.provincia.caltanissetta.it;200;5
Provincia di Cuneo;L5;4078;www.provincia.cuneo.it;http://www.provincia.cuneo.it;http://www.provincia.cuneo.it;200;5
Provincia di Como;L5;13075;www.provincia.como.it;http://www.provincia.como.it;http://www.provincia.como.it;200;5
Provincia di Cremona;L5;19036;https://www.provincia.cremona.it;https://www.provincia.cremona.it;https://www.provincia.cremona.it;200;5
Provincia di Cosenza;L5;78045;www.provincia.cs.it;http://www.provincia.cs.it;http://www.provincia.cs.it;200;5
Provincia di Catanzaro;L5;79023;www.provincia.catanzaro.it;http://www.provincia.catanzaro.it;http://www.provincia.catanzaro.it;200;5
Libero Consorzio Comunale di Enna;L5;86009;www.provincia.enna.it;http://www.provincia.enna.it;http://www.provincia.enna.it;200;5
Provincia di Forli' Cesena;L5;40012;www.provincia.fc.it;http://www.provincia.fc.it;http://www.provincia.fc.it;200;5
Provincia di Ferrara;L5;38008;www.provincia.fe.it;http://www.provincia.fe.it;http://www.provincia.fe.it;200;5
Provincia di Foggia;L5;71024;www.provincia.foggia.it;http://www.provincia.foggia.it;http://www.provincia.foggia.it;200;5
Provincia di Fermo;L5;109006;www.provincia.fm.it;http://www.provincia.fm.it;http://www.provincia.fm.it;200;5
Provincia di Frosinone;L5;60038;www.provincia.fr.it;http://www.provincia.fr.it;http://www.provincia.fr.it;200;5
Provincia di Grosseto;L5;53011;www.provincia.grosseto.it;http://www.provincia.grosseto.it;http://www.provincia.grosseto.it;200;20
Provincia di Imperia;L5;8031;www.provincia.imperia.it;http://www.provincia.imperia.it;https://www.provincia.imperia.it;200;5
Provincia di Isernia;L5;94023;www.provincia.isernia.it;http://www.provincia.isernia.it;http://www.provincia.isernia.it;200;20
Provincia di Crotone;L5;101010;www.provincia.crotone.it;http://www.provincia.crotone.it;http://www.provincia.crotone.it;200;5
Provincia di Lecco;L5;97042;www.provincia.lecco.it;http://www.provincia.lecco.it;http://www.provincia.lecco.it;200;5
Provincia di Lecce;L5;75035;www.provincia.le.it;http://www.provincia.le.it;http://www.provincia.le.it;200;5
Provincia di Livorno;L5;49009;www.provincia.livorno.it;http://www.provincia.livorno.it;http://www.provincia.livorno.it;200;5
Provincia di Lodi;L5;98031;www.provincia.lodi.it;http://www.provincia.lodi.it;http://www.provincia.lodi.it;200;5
Provincia di Latina;L5;59011;www.provincia.latina.it;http://www.provincia.latina.it;https://www.provincia.latina.it;200;5
Provincia di Lucca;L5;46017;www.provincia.lucca.it;http://www.provincia.lucca.it;http://www.provincia.lucca.it;200;5
Provincia di Monza e della Brianza;L5;108033;www.provincia.mb.it/;http://www.provincia.mb.it;http://www.provincia.mb.it;200;5
Provincia di Macerata;L5;43023;istituzionale.provincia.mc.it;http://istituzionale.provincia.mc.it;http://istituzionale.provincia.mc.it;200;5
Provincia di Mantova;L5;20030;www.provincia.mantova.it;http://www.provincia.mantova.it;http://www.provincia.mantova.it;200;5
Provincia di Modena;L5;36023;www.provincia.modena.it;http://www.provincia.modena.it;http://www.provincia.modena.it;200;5
Provincia di Massa Carrara;L5;45010;www.provincia.ms.it;http://www.provincia.ms.it;http://www.provincia.ms.it;200;20
Provincia di Matera;L5;77014;www.provincia.matera.it;http://www.provincia.matera.it;http://www.provincia.matera.it;200;5
Provincia di Novara;L5;3106;www.provincia.novara.it;http://www.provincia.novara.it;http://www.provincia.novara.it;200;5
Provincia di Nuoro;L5;91051;www.provincia.nuoro.it;http://www.provincia.nuoro.it;http://www.provincia.nuoro.it;200;20
Provincia di Oristano;L5;95038;www.provincia.or.it;http://www.provincia.or.it;http://www.provincia.or.it;200;5
Provincia di Piacenza;L5;33032;www.provincia.pc.it;http://www.provincia.pc.it;http://www.provincia.pc.it;200;5
Provincia di Padova;L5;28060;www.provincia.padova.it;http://www.provincia.padova.it;http://www.provincia.padova.it;200;5
Provincia di Pescara;L5;68028;www.provincia.pescara.it;http://www.provincia.pescara.it;http://www.provincia.pescara.it;200;20
Provincia di Perugia;L5;54039;www.provincia.perugia.it;http://www.provincia.perugia.it;http://www.provincia.perugia.it;200;5
Provincia di Pisa;L5;50026;www.provincia.pisa.it;http://www.provincia.pisa.it;http://www.provincia.pisa.it;200;20
Provincia di Prato;L5;100005;www.provincia.prato.it;http://www.provincia.prato.it;http://www.provincia.prato.it;200;5
Provincia di Parma;L5;34027;www.provincia.parma.it;http://www.provincia.parma.it;http://www.provincia.parma.it;200;5
Provincia di Pistoia;L5;47014;www.provincia.pistoia.it;http://www.provincia.pistoia.it;http://www.provincia.pistoia.it;200;5
Provincia di Pesaro e Urbino;L5;41044;www.provincia.pu.it;http://www.provincia.pu.it;http://www.provincia.pu.it;200;5
Provincia di Pavia;L5;18110;www.provincia.pv.it;http://www.provincia.pv.it;http://www.provincia.pv.it;200;20
Provincia di Potenza;L5;76063;www.provincia.potenza.it;http://www.provincia.potenza.it;http://www.provincia.potenza.it;200;5
Provincia di Ravenna;L5;39014;www.provincia.ra.it;http://www.provincia.ra.it;http://www.provincia.ra.it;200;5
Provincia di Reggio Emilia;L5;35033;www.provincia.re.it;http://www.provincia.re.it;http://www.provincia.re.it;200;5
Libero Consorzio Comunale di Ragusa;L5;88009;www.provincia.ragusa.it;http://www.provincia.ragusa.it;http://www.provincia.ragusa.it;200;5
Provincia di Rieti;L5;57059;www.provincia.rieti.it;http://www.provincia.rieti.it;http://www.provincia.rieti.it;200;5
Provincia di Rimini;L5;99014;www.provincia.rimini.it;http://www.provincia.rimini.it;http://www.provincia.rimini.it;200;5
Provincia di Rovigo;L5;29041;http://www.provincia.rovigo.it/myportal/P_RO/home;http://www.provincia.rovigo.it;http://www.provincia.rovigo.it;200;5
Provincia di Salerno;L5;65116;www.provincia.salerno.it;http://www.provincia.salerno.it;http://www.provincia.salerno.it;200;5
Provincia di Siena;L5;52032;www.provincia.siena.it;http://www.provincia.siena.it;http://www.provincia.siena.it;200;20
Provincia di Sondrio;L5;14061;www.provincia.so.it;http://www.provincia.so.it;http://www.provincia.so.it;200;5
Provincia di La Spezia;L5;11015;www.provincia.sp.it;http://www.provincia.sp.it;http://www.provincia.sp.it;200;5
Libero Consorzio Comunale di Siracusa;L5;89017;www.provincia.siracusa.it;http://www.provincia.siracusa.it;http://www.provincia.siracusa.it;200;5
Provincia di Sassari;L5;90064;www.provincia.sassari.it;http://www.provincia.sassari.it;http://www.provincia.sassari.it;200;5
Provincia del Sud Sardegna;L5;111009;www.provincia.sudsardegna.it;http://www.provincia.sudsardegna.it;http://www.provincia.sudsardegna.it;200;20
Provincia di Savona;L5;9056;www.provincia.savona.it;http://www.provincia.savona.it;http://www.provincia.savona.it;200;5
Provincia di Taranto;L5;73027;www.provincia.taranto.it;http://www.provincia.taranto.it;http://www.provincia.taranto.it;200;5
Provincia di Teramo;L5;67041;www.provincia.teramo.it;http://www.provincia.teramo.it;http://www.provincia.teramo.it;200;5
LIBERO CONSORZIO COMUNALE DI TRAPANI;L5;81021;www.provincia.trapani.it;http://www.provincia.trapani.it;http://www.provincia.trapani.it;200;5
Provincia di Terni;L5;55032;www.provincia.terni.it;http://www.provincia.terni.it;_NV_;ConnectTimeout;20
Provincia di Treviso;L5;26086;www.provincia.treviso.it;http://www.provincia.treviso.it;http://www.provincia.treviso.it;200;5
Provincia di Varese;L5;12133;www.provincia.va.it;http://www.provincia.va.it;http://www.provincia.va.it;200;5
Provincia del Verbano Cusio Ossola;L5;103072;www.provincia.verbano-cusio-ossola.it;http://www.provincia.verbano.cusio.ossola.it;_NV_;['Errno -2'];20
Provincia di Vercelli;L5;2158;www.provincia.vercelli.it;http://www.provincia.vercelli.it;http://www.provincia.vercelli.it;200;5
Provincia di Vicenza;L5;24116;http://www.provincia.vicenza.it/;http://www.provincia.vicenza.it;https://www.provincia.vicenza.it;200;5
Provincia di Verona;L5;23091;www.provincia.verona.it;http://www.provincia.verona.it;_NV_;['Errno -3'];20
Provincia di Viterbo;L5;56059;www.provincia.viterbo.gov.it;http://www.provincia.viterbo.it;http://www.provincia.viterbo.it;200;5
Provincia di Vibo Valentia;L5;102047;www.provincia.vibovalentia.it;http://www.provincia.vibovalentia.it;http://www.provincia.vibovalentia.it;200;5
Sistema Bibliotecario Provinciale;L5;69022;www.provincia.chieti.it/flex/cm/pages/serveblob.php/l/it/;http://www.provincia.chieti.it;http://www.provincia.chieti.it;200;5
Unione Province D'Italia;L5;58091;www.upinet.it;http://www.upinet.it;http://www.upinet.it;200;20
Upi Veneto;L5;26086;www.upiveneto.it/it/home/#;http://www.upiveneto.it;http://www.upiveneto.it;200;5
