Denominazione_ente;Codice_Categoria;Codice_comune_ISTAT;Sito_istituzionale;url;http_ok;codice_risposta;test_timeout
COMMISSARIO DELEGATO STRAORDINARIO EMERGENZA COVID-19 - REGIONE SICILIANA;L4;82053;https://www.potenziamentoreteospedaliera.sicilia.it/;https://www.potenziamentoreteospedaliera.sicilia.it;https://www.potenziamentoreteospedaliera.sicilia.it;200;20
Assemblea Legislativa delle Marche;L4;42002;www.consiglio.marche.it;http://www.consiglio.marche.it;http://www.consiglio.marche.it;200;20
Associazione Nazionale degli Enti di Governo d'Ambito per l'Idrico e i Rifiuti;L4;58091;www.associazioneanea.it;http://www.associazioneanea.it;http://www.associazioneanea.it;200;5
Assemblea Regionale Siciliana;L4;82053;www.ars.sicilia.it;http://www.ars.sicilia.it;http://www.ars.sicilia.it;200;5
CONSORZIO DI RICERCA FILIERA CARNI E AGROALIMENTARE;L4;83048;www.corfilcarni.it;http://www.corfilcarni.it;http://www.corfilcarni.it;200;5
C.I.A.P.I.;L4;89021;www.ciapiweb.it;http://www.ciapiweb.it;http://www.ciapiweb.it;200;5
Cisis Centro Interregionale per I Sistemi Informatici Geografici e Statistici;L4;58091;www.cisis.it;http://www.cisis.it;http://www.cisis.it;200;5
Consiglio della Provincia Autonoma di Bolzano;L4;21008;www.consiglio-bz.org;http://www.consiglio.bz.org.it;_NV_;['Errno -2'];20
Consiglio Regionale dell'Abruzzo;L4;66049;www.consiglio.regione.abruzzo.it;http://www.consiglio.regione.abruzzo.it;http://www.consiglio.regione.abruzzo.it;200;5
Consiglio Regionale Basilicata;L4;76063;www.consiglio.basilicata.it;http://www.consiglio.basilicata.it;http://www.consiglio.basilicata.it;200;20
Consiglio Regionale della Campania;L4;63049;www.cr.campania.it;http://www.cr.campania.it;http://www.cr.campania.it;200;5
Consiglio Regionale del Piemonte;L4;1272;www.cr.piemonte.it/;http://www.cr.piemonte.it;http://www.cr.piemonte.it;200;20
Consiglio Regionale della Regione Autonoma Trentino Alto - Adige Sudtirol;L4;22205;www.consiglio.regione.taa.it/it/default.asp;http://www.consiglio.regione.taa.it;http://www.consiglio.regione.taa.it;200;5
Assemblea Legislativa - Regione Umbria;L4;54039;https://consiglio.regione.umbria.it;https://consiglio.regione.umbria.it;http://consiglio.regione.umbria.it;200;5
Consiglio Regionale della Valle D'Aosta;L4;7003;www.consiglio.vda.it;http://www.consiglio.vda.it;_NV_;['Errno -3'];20
Consiglio Regionale del Veneto;L4;27042;www.consiglioveneto.it;http://www.consiglioveneto.it;_NV_;['Errno -5'];20
Consiglio Regionale del Lazio;L4;58091;www.consiglio.regione.lazio.it;http://www.consiglio.regione.lazio.it;http://www.consiglio.regione.lazio.it;502;5
Consiglio Regionale del Molise;L4;70006;www.regione.molise.it;http://www.regione.molise.it;http://www.regione.molise.it;200;5
Consiglio Regionale della Puglia;L4;72006;www.consiglio.puglia.it;http://www.consiglio.puglia.it;http://www.consiglio.puglia.it;200;5
Consiglio Regionale della Sardegna;L4;92009;www.consregsardegna.it/;http://www.consregsardegna.it;http://www.consregsardegna.it;200;20
Informest;L4;31007;www.informest.it;http://www.informest.it;_NV_;['Errno 113'];20
Itaca- Istituto per L'Innovazione e Trasparenza Degli Appalti e La Compatibilita Ambientale;L4;58091;www.itaca.org;http://www.itaca.org.it;_NV_;['Errno -2'];20
Ocdpc 117-2013;L4;82053;www.regione.sicilia.it/presidenza/protezionecivile/;http://www.regione.sicilia.it;http://www.regione.sicilia.it;200;5
Provincia Autonoma di Bolzano;L4;21008;www.provincia.bz.it;http://www.provincia.bz.it;http://www.provincia.bz.it;200;5
Provincia Autonoma di Trento;L4;22205;www.provincia.tn.it;http://www.provincia.tn.it;http://www.provincia.tn.it;200;5
Consiglio della Provincia Autonoma di Trento;L4;22205;www.consiglio.provincia.tn.it;http://www.consiglio.provincia.tn.it;http://www.consiglio.provincia.tn.it;200;5
Regione Abruzzo;L4;66049;www.regione.abruzzo.it;http://www.regione.abruzzo.it;http://www.regione.abruzzo.it;200;5
Regione Basilicata;L4;76063;www.regione.basilicata.it;http://www.regione.basilicata.it;http://www.regione.basilicata.it;200;5
Consiglio Regionale della Calabria;L4;80063;www.consiglioregionale.calabria.it;http://www.consiglioregionale.calabria.it;https://www.consiglioregionale.calabria.it;200;5
Regione Campania;L4;63049;www.regione.campania.it;http://www.regione.campania.it;http://www.regione.campania.it;200;5
Consiglio Regionale della Liguria;L4;10025;www.consiglio.regione.liguria.it;http://www.consiglio.regione.liguria.it;http://www.consiglio.regione.liguria.it;200;5
Regione Emilia-Romagna;L4;37006;www.regione.emilia-romagna.it;http://www.regione.emilia.romagna.it;_NV_;['Errno -2'];20
Consiglio Regionale Friuli Venezia Giulia;L4;32006;www.consiglio.regione.fvg.it;http://www.consiglio.regione.fvg.it;http://www.consiglio.regione.fvg.it;404;5
Regione Autonoma Friuli-Venezia Giulia;L4;32006;www.regione.fvg.it;http://www.regione.fvg.it;http://www.regione.fvg.it;200;5
Regione Lazio;L4;58091;www.regione.lazio.it;http://www.regione.lazio.it;http://www.regione.lazio.it;200;5
Regione Liguria;L4;10025;www.regione.liguria.it;http://www.regione.liguria.it;http://www.regione.liguria.it;200;5
Consiglio Regionale della Lombardia;L4;15146;www.consiglio.regione.lombardia.it;http://www.consiglio.regione.lombardia.it;http://www.consiglio.regione.lombardia.it;200;5
Regione Lombardia;L4;15146;www.regione.lombardia.it;http://www.regione.lombardia.it;http://www.regione.lombardia.it;200;5
Regione Marche;L4;42002;www.regione.marche.it;http://www.regione.marche.it;http://www.regione.marche.it;200;5
Regione Piemonte;L4;1272;www.regione.piemonte.it;http://www.regione.piemonte.it;http://www.regione.piemonte.it;200;5
Regione Puglia;L4;72006;www.regione.puglia.it;http://www.regione.puglia.it;http://www.regione.puglia.it;200;5
Regione Autonoma della Sardegna;L4;92009;www.regione.sardegna.it;http://www.regione.sardegna.it;http://www.regione.sardegna.it;200;5
Regione Siciliana;L4;82053;pti.regione.sicilia.it;http://pti.regione.sicilia.it;http://pti.regione.sicilia.it;200;5
Regione Toscana;L4;48017;www.regione.toscana.it;http://www.regione.toscana.it;http://www.regione.toscana.it;200;5
Regione Autonoma Trentino-Alto Adige/Suedtirol;L4;22205;www.regione.taa.it;http://www.regione.taa.it;http://www.regione.taa.it;200;5
Regione Umbria;L4;54039;www.regione.umbria.it;http://www.regione.umbria.it;http://www.regione.umbria.it;200;5
Regione Autonoma Valle D'Aosta;L4;7003;www.regione.vda.it;http://www.regione.vda.it;http://www.regione.vda.it;200;5
Regione del Veneto;L4;27042;www.regione.veneto.it;http://www.regione.veneto.it;http://www.regione.veneto.it;200;5
Regione Calabria;L4;79023;www.regione.calabria.it;http://www.regione.calabria.it;http://www.regione.calabria.it;200;5
Tecnostruttura Delle Regioni per Il Fondo Sociale Europeo;L4;58091;www.tecnostruttura.it;http://www.tecnostruttura.it;http://www.tecnostruttura.it;200;5
