Denominazione_ente;Codice_Categoria;Codice_comune_ISTAT;Sito_istituzionale;url;http_ok;codice_risposta;test_timeout
Ales Arte Lavoro e Servizi Spa;S01;58091;www.ales-spa.com;http://www.ales.spa.com.it;_NV_;['Errno -2'];5
Alto Adige Riscossioni Spa;S01;21008;www.altoadigeriscossioni.it;http://www.altoadigeriscossioni.it;http://www.altoadigeriscossioni.it;200;5
Autostrada del Brennero Spa;S01;22205;www.autobrennero.it;http://www.autobrennero.it;_NV_;['Errno -3'];5
Autostrada Campogalliano Sassuolo S.P.A;S01;22205;www.autostradacs.com;http://www.autostradacs.com.it;_NV_;['Errno -2'];5
Agenzia per i controlli e le azioni comunitarie Age.Control - Societa' per Azioni;S01;58091;www.agecontrol.it;http://www.agecontrol.it;http://www.agecontrol.it;200;5
Agenzia per Lo Sviluppo e La Promozione Turistica della Provincia di Bergamo Scrl;S01;16024;http://www.visitbergamo.net;http://www.visitbergamo.net;http://www.visitbergamo.net;200;5
Azienda della Mobilita Aquilana Spa;S01;66049;www.ama.laquila.it;http://www.ama.laquila.it;http://www.ama.laquila.it;200;5
Ag.Naz.Attrazione Investimenti Sviluppo Impresa Spa;S01;58091;https://www.invitalia.it/;https://www.invitalia.it;https://www.invitalia.it;200;5
Autostrada Pedemontana Lombarda Spa;S01;15011;www.pedemontana.com;http://www.pedemontana.com.it;_NV_;['Errno -2'];5
Apt Servizi Srl;S01;37006;www.aptservizi.com;http://www.aptservizi.com.it;_NV_;['Errno -2'];5
Autostrada Regionale Cispadana S.P.A.;S01;22205;www.autostradaregionalecispadana.it;http://www.autostradaregionalecispadana.it;http://www.autostradaregionalecispadana.it;200;5
Arexpo S.P.A.;S01;15146;www.arexpo.it;http://www.arexpo.it;http://www.arexpo.it;200;5
Anas Spa;S01;58091;www.stradeanas.it;http://www.stradeanas.it;http://www.stradeanas.it;200;5
Azienda Strade Lazio - Astral S.P.A.;S01;58091;www.astralspa.it;http://www.astralspa.it;http://www.astralspa.it;200;5
Azienda Speciale Multiservizi Pontecorvo;S01;60056;www.asmpontecorvo.it;http://www.asmpontecorvo.it;http://www.asmpontecorvo.it;200;5
Abruzzo Sviluppo Spa Con Unico Socio;S01;68028;www.abruzzosviluppo.it;http://www.abruzzosviluppo.it;http://www.abruzzosviluppo.it;200;5
Area Stazione Societa' di Trasformazione Urbana S.P.A.;S01;34027;www.sttholding.com;http://www.sttholding.com.it;_NV_;['Errno -2'];5
Brescia Infrastrutture S.R.L.;S01;17029;https://www.bresciainfrastrutture.it/;https://www.bresciainfrastrutture.it;https://www.bresciainfrastrutture.it;200;5
Bresciatourism Scarl;S01;17029;www.bresciatourism.it;http://www.bresciatourism.it;http://www.bresciatourism.it;200;5
Concessioni Autostradali Lombarde S.P.A.;S01;15146;www.calspa.it;http://www.calspa.it;https://www.calspa.it;200;5
Carbosulcis Spa;S01;111030;www.carbosulcis.eu;http://www.carbosulcis.eu.it;_NV_;['Errno -2'];5
Concessioni Autostradali Venete - Cav S.P.A.;S01;27042;www.cavspa.it;http://www.cavspa.it;http://www.cavspa.it;200;5
Consorzio di Gestione dell'Area Marina Protetta Capo Milazzo;S01;83049;www.ampcapomilazzo.it;http://www.ampcapomilazzo.it;http://www.ampcapomilazzo.it;200;5
Consorzio per Lo Sviluppo dell'Area Conca Barese S.C. a R.L.;S01;72029;www.concabarese.it;http://www.concabarese.it;http://www.concabarese.it;200;5
Consip Spa;S01;58091;www.consip.it;http://www.consip.it;https://www.consip.it;200;5
Sport e salute S.p.A.;S01;58091;www.sportesalute.eu;http://www.sportesalute.eu.it;_NV_;['Errno -2'];5
Cassa del Trentino S.P.A.;S01;22205;http://www.cassadeltrentino.it/;http://www.cassadeltrentino.it;http://www.cassadeltrentino.it;200;5
Dedalo Ambiente Ag3 Spa in Liquidazione;S01;84031;dedaloambienteag3spa@pec.it;http://dedaloambienteag3spa@pec.it;http://dedaloambienteag3spa@pec.it;200;5
Liguria Digitale Spa ;S01;10025;www.liguriadigitale.it;http://www.liguriadigitale.it;http://www.liguriadigitale.it;200;5
Distretto Turistico Dei Laghi Scrl;S01;103064;www.distrettolaghi.it;http://www.distrettolaghi.it;http://www.distrettolaghi.it;200;5
Equitalia Giustizia S.P.A.;S01;58091;www.equitaliagiustizia.it;http://www.equitaliagiustizia.it;http://www.equitaliagiustizia.it;200;5
ENIT - Agenzia Nazionale del Turismo;S01;58091;www.enit.it;http://www.enit.it;http://www.enit.it;200;5
Explora S.p.A.;S01;15146;www.explora.in-lombardia.it;http://www.explora.in.lombardia.it;_NV_;['Errno -2'];5
Elettra - Sincrotrone Trieste S.C.P.A.;S01;32006;www.elettra.eu;http://www.elettra.eu.it;_NV_;['Errno -2'];5
Expo 2015 S.P.A.;S01;15146;www.expo2015.org;http://www.expo2015.org.it;_NV_;['Errno -2'];5
Finanziaria Citta' di Torino Holding S.P.A.;S01;1272;www.fctspa.it;http://www.fctspa.it;http://www.fctspa.it;200;5
Findolomiti Energia S.R.L.;S01;22205;UFPP1I;http://ufpp1i.it;_NV_;['Errno -2'];5
Finanziaria Ligure per Lo Sviluppo Economico S.P.A.;S01;10025;www.filse.it;http://www.filse.it;http://www.filse.it;200;5
Finanziaria Regionale Abruzzese Spa Unipersonale;S01;68028;www.fira.it;http://www.fira.it;http://www.fira.it;200;5
Finanziaria Regionale Valle D'Aosta S.P.A. a S.U.;S01;7003;www.finaosta.com;http://www.finaosta.com.it;_NV_;['Errno -2'];5
Finanziaria Sviluppo Utilities S.R.L.;S01;10025;www.finanziariasviluppoutilities.it;http://www.finanziariasviluppoutilities.it;http://www.finanziariasviluppoutilities.it;200;5
Fondazione Taormina Arte Sicilia;S01;83097;http://www.taormina-arte.com;http://www.taormina-arte.com;_NV_;['Errno -3'];5
Gestione Servizi Sociali Territoriali S.R.L.;S01;5080;www.gesster.com;http://www.gesster.com.it;_NV_;['Errno -2'];5
Gestore Dei Servizi Energetici - Gse S.P.A.;S01;58091;www.gse.it;http://www.gse.it;http://www.gse.it;200;5
Interporto Cervignano del Friuli S.P.A.;S01;30023;www.interportocervignano.it;http://www.interportocervignano.it;http://www.interportocervignano.it;200;5
It.City Spa;S01;34027;www.itcity.it;http://www.itcity.it;http://www.itcity.it;200;5
IGEA SPA;S01;111035;www.igeaspa.it;http://www.igeaspa.it;http://www.igeaspa.it;200;5
Insiel - Informatica per Il Sistema Degli Enti Locali S.P.A.;S01;32006;www.insiel.it;http://www.insiel.it;https://www.insiel.it;200;5
ANPAL Servizi S.p.A;S01;58091;www.anpalservizi.it;http://www.anpalservizi.it;https://www.anpalservizi.it;200;5
Innovapuglia Spa;S01;72048;www.innova.puglia.it;http://www.innova.puglia.it;http://www.innova.puglia.it;200;5
Joniambiente Spa in Liquidazione - A.T.O. Ct1;S01;87017;www.atoct1.it;http://www.atoct1.it;http://www.atoct1.it;200;5
Kalat Ambiente Srr S.C.P.A.;S01;87018;www.kalatambientesrr.it;http://www.kalatambientesrr.it;https://www.kalatambientesrr.it;200;5
Azienda Regionale per l'Innovazione egli Acquisti - ARIA SpA;S01;15146;www.ariaspa.it;http://www.ariaspa.it;http://www.ariaspa.it;200;5
Lazio Innova S.P.A.;S01;58091;www.lazioinnova.it;http://www.lazioinnova.it;http://www.lazioinnova.it;200;5
Laziocrea Spa;S01;58091;www.laziocrea.it;http://www.laziocrea.it;http://www.laziocrea.it;502;5
Le Tre Pievi - Servizi Sociali Alto Lario;S01;13249;www.letrepievi.it;http://www.letrepievi.it;http://www.letrepievi.it;200;5
Molise Dati Societa' Informatica Molisana Spa;S01;70006;www.molisedati.it;http://www.molisedati.it;http://www.molisedati.it;200;5
Marche Teatro Scarl;S01;42002;www.marcheteatro.it;http://www.marcheteatro.it;_NV_;['Errno -3'];5
Progetto Carrara S.R.L. in Liquidazione;S01;45003;progettocarrara.it;http://progettocarrara.it;_NV_;['Errno -2'];5
Parco Tecnologico Val Bormida Srl;S01;9015;https://www.parcotecnologicovalbormida.filse.it/;https://www.parcotecnologicovalbormida.filse.it;https://www.parcotecnologicovalbormida.filse.it;200;5
Puglia Sviluppo S.P.A.;S01;72027;https://www.pugliasviluppo.eu/it/;https://www.pugliasviluppo.eu;https://www.pugliasviluppo.eu;200;5
Parchi Val di Cornia S.P.A.;S01;49012;www.parchivaldicornia.it;http://www.parchivaldicornia.it;http://www.parchivaldicornia.it;200;5
Quadrilatero Marche - Umbria Spa;S01;58091;www.quadrilaterospa.it;http://www.quadrilaterospa.it;http://www.quadrilaterospa.it;200;5
Resais Spa;S01;82053;www.resaispa.it;http://www.resaispa.it;http://www.resaispa.it;200;5
Ricerca sul Sistema Energetico - Rse S.P.A.;S01;15146;www.rse-web.it;http://www.rse.web.it;http://www.rse.web.it;200;5
Srr 4 Ato Caltanissetta Provincia Sud;S01;85007;http://www.srrclsud.it;http://www.srrclsud.it;_NV_;['Errno -2'];5
Sasa Spa-ag;S01;21008;www.sasabz.it;http://www.sasabz.it;http://www.sasabz.it;200;5
Sviluppo Basilicata S.P.A.;S01;76089;www.sviluppobasilicata.it;http://www.sviluppobasilicata.it;http://www.sviluppobasilicata.it;200;5
Societa' Consortile Energia Toscana S.C.R.L.;S01;48017;www.consorzioenergiatoscana.it;http://www.consorzioenergiatoscana.it;http://www.consorzioenergiatoscana.it;200;5
Soc. Cons. per La Programmazione Negoziata e Lo Sviluppo dell'Anglona a R.L.;S01;90056;inserito nel sito unioneanglona.it;http://inserito.nel.sito.unioneanglona.it;_NV_;['Errno -2'];5
S.C.R. Piemonte S.P.A.;S01;1272;www.scr.piemonte.it;http://www.scr.piemonte.it;http://www.scr.piemonte.it;200;5
Societa' per Cornigliano Spa;S01;10025;www.percornigliano.it;http://www.percornigliano.it;http://www.percornigliano.it;200;5
Societa' Caltanissetta Service in House Providing Srl;S01;85004;www.caltanissettaservice.it;http://www.caltanissettaservice.it;http://www.caltanissettaservice.it;500;5
Societa' Degli Interporti Siciliani Spa;S01;87015;www.interporti.sicilia.it;http://www.interporti.sicilia.it;http://www.interporti.sicilia.it;200;5
Sicilia Digitale S.p.A.;S01;82053;www.siciliaeservizi.it;http://www.siciliaeservizi.it;http://www.siciliaeservizi.it;200;5
SISPI - SISTEMA PALERMO INNOVAZIONE S.P.A.;S01;82053;www.sispi.it;http://www.sispi.it;_NV_;['Errno -3'];5
Sardegna It S.R.L.;S01;92009;www.sardegnait.it;http://www.sardegnait.it;http://www.sardegnait.it;200;5
Societa' per La Regolamentazione del Servizio di Gestione Rifiuti A.T.O. N.4 Agrigento Provincia Est S.c.r.l;S01;84001;https://www.srrato4agest.it/;https://www.srrato4agest.it;https://www.srrato4agest.it;200;5
Sogei S.P.A.;S01;58091;www.sogei.it;http://www.sogei.it;http://www.sogei.it;200;5
Societa' Regionale per La Sanita' Spa;S01;63049;https://www.soresa.it;https://www.soresa.it;_NV_;ConnectTimeout;5
Soris Spa;S01;1272;www.soris.torino.it;http://www.soris.torino.it;http://www.soris.torino.it;200;5
Sose - Soluzioni per Il Sistema Economico Spa;S01;58091;www.sose.it;http://www.sose.it;http://www.sose.it;200;5
Sogesid Spa;S01;58091;www.sogesid.it;http://www.sogesid.it;http://www.sogesid.it;200;5
S.P.A. Immobiliare - Fiera di Brescia;S01;17029;www.immobiliarefiera.it;http://www.immobiliarefiera.it;http://www.immobiliarefiera.it;200;5
Srr Ato7 Ragusa S.C.P.A.;S01;88009;www.srrato7ragusa.it;http://www.srrato7ragusa.it;http://www.srrato7ragusa.it;200;5
S.R.R. Enna Provincia Ato 6 S.P.C.A.;S01;86009;http://www.srrennaprovincia.it/index.php?lang=it;http://www.srrennaprovincia.it;http://www.srrennaprovincia.it;200;5
S.R.R. Messina Provincia Soc.Consor.Spa;S01;83048;www.srrmessinaprovincia.it;http://www.srrmessinaprovincia.it;http://www.srrmessinaprovincia.it;200;5
S.R.R. Palermo Area Metropolitana S.C.P.A.;S01;82053;https://srrpalermo.it;https://srrpalermo.it;https://srrpalermo.it;200;5
Srr Palermo Provincia Est Scpa;S01;82070;www.srrpalermoprovinciaest.it;http://www.srrpalermoprovinciaest.it;http://www.srrpalermoprovinciaest.it;200;5
Sogin Spa;S01;58091;www.sogin.it;http://www.sogin.it;https://www.sogin.it;200;5
Stazione Sperimentale per L'Industria Delle Pelli;S01;63049;www.ssip.it;http://www.ssip.it;_NV_;['Errno -3'];5
Sta - Strutture Trasporto Alto Adige Spa;S01;21008;www.sta.bz.it;http://www.sta.bz.it;_NV_;['Errno -3'];5
Servizi Sociosanitari Val Seriana Srl;S01;16004;www.ssvalseriana.org;http://www.ssvalseriana.org.it;_NV_;['Errno -2'];5
Trentino Sviluppo S.P.A.;S01;22161;www.trentinosviluppo.it;http://www.trentinosviluppo.it;_NV_;['Errno -3'];5
Trentino Riscossioni Spa;S01;22205;www.trentinoriscossionispa.it;http://www.trentinoriscossionispa.it;http://www.trentinoriscossionispa.it;200;5
Trentino Trasporti Spa;S01;22205;www.trentinotrasporti.it;http://www.trentinotrasporti.it;http://www.trentinotrasporti.it;200;5
Veneto Acque S.P.A.;S01;27042;www.venetoacque.it;http://www.venetoacque.it;http://www.venetoacque.it;200;5
Venice Newport Container And Logistics Spa;S01;27042;offshore.port.venice.it;http://offshore.port.venice.it;_NV_;ConnectTimeout;5
Veneto Strade Spa;S01;27042;www.venetostrade.it;http://www.venetostrade.it;_NV_;['Errno -3'];5
Veneto Sviluppo S.P.A.;S01;27042;www.venetosviluppo.it;http://www.venetosviluppo.it;http://www.venetosviluppo.it;200;5
