Denominazione_ente;Codice_Categoria;Codice_comune_ISTAT;Sito_istituzionale;url;http_ok;codice_risposta;test_timeout
GORI S.P.A.;SAG;63064;www.goriacqua.com;http://www.goriacqua.com.it;_NV_;['Errno -2'];20
Consiglio di Amministrazione del Consorzio per la Valorizzazione del Porto Vecchio URSUS;SAG;32006;https://www.comune.trieste.it/it/territorio-13867/consorzio-ursus-34104;https://www.comune.trieste.it;https://www.comune.trieste.it;200;5
ALEA Ambiente SpA;SAG;40012;https://www.alea-ambiente.it/;https://www.alea-ambiente.it;https://www.alea-ambiente.it;200;5
Alto Calore Servizi Spa;SAG;64008;www.altocalore.it;http://www.altocalore.it;http://www.altocalore.it;200;5
Aps Holding Spa;SAG;28060;https://www.apsholding.it/;https://www.apsholding.it;https://www.apsholding.it;200;5
Aemme Linea Distribuzione S.R.L.;SAG;15002;www.aemmelineadistribuzione.it;http://www.aemmelineadistribuzione.it;http://www.aemmelineadistribuzione.it;200;5
Agenzia per L'Energia Alto Adige - Casaclima;SAG;21008;www.agenziacasaclima.it;http://www.agenziacasaclima.it;http://www.agenziacasaclima.it;200;5
Azienda per La Mobilita' Area di Taranto;SAG;73027;www.amat.taranto.it;http://www.amat.taranto.it;http://www.amat.taranto.it;200;5
Azienda Multiservizi Comunali Spa;SAG;12070;www.amsc.it;http://www.amsc.it;http://www.amsc.it;200;5
Azienda Mobilita' e Trasporti Spa;SAG;23091;www.amt.it;http://www.amt.it;http://www.amt.it;200;5
Acquedotto Poiana Spa;SAG;30026;www.poiana.it;http://www.poiana.it;http://www.poiana.it;200;5
Atac Spa Azienda per La Mobilita';SAG;58091;www.atac.roma.it;http://www.atac.roma.it;http://www.atac.roma.it;200;5
I Care s.r.l. - Uninominale;SAG;46033;www.icareviareggio.it;http://www.icareviareggio.it;http://www.icareviareggio.it;200;5
Azienda Territoriale per L'Edilizia Residenziale Pubblica della Provincia di Viterbo;SAG;56059;www.atervt.it;http://www.atervt.it;https://www.atervt.it;200;5
ALTO TREVIGIANO SERVIZI S.P.A.;SAG;26046;www.altotrevigianoservizi.it/;http://www.altotrevigianoservizi.it;http://www.altotrevigianoservizi.it;200;5
VIACQUA SPA;SAG;24116;www.viacqua.it;http://www.viacqua.it;http://www.viacqua.it;200;5
S.P.A. Autovie Venete;SAG;32006;www.autovie.it;http://www.autovie.it;http://www.autovie.it;200;5
Beinasco Servizi Srl Con Unico Socio;SAG;1024;www.beinascoservizi.it;http://www.beinascoservizi.it;http://www.beinascoservizi.it;200;5
Consorzio di Bonifica dell'Agro Pontino;SAG;59011;www.bonifica-agropontino.it;http://www.bonifica.agropontino.it;_NV_;['Errno -2'];20
Consorzio di Bonifica Centro Saline - Pescara - Alento - Foro;SAG;69022;www.bonificacentro.it;http://www.bonificacentro.it;http://www.bonificacentro.it;200;5
Consorzio di Bonifica Litorale Nord;SAG;58091;https://www.consorziobonificalitoralenord.it;https://www.consorziobonificalitoralenord.it;https://www.consorziobonificalitoralenord.it;200;20
Consorzio della Bonifica Renana;SAG;37006;www.bonificarenana.it;http://www.bonificarenana.it;http://www.bonificarenana.it;200;5
Consorzio di Bonifica Sud Pontino;SAG;59007;www.cbsp.it;http://www.cbsp.it;http://www.cbsp.it;200;5
Consorzio di Bonifica Trigno e Biferno;SAG;70078;www.bonificatermoli.it;http://www.bonificatermoli.it;http://www.bonificatermoli.it;200;5
Consorzio di Bonifica Tevere Nera;SAG;55032;teverenera@teverenera.it;http://teverenera@teverenera.it;_NV_;['Errno -5'];20
Consorzio di Bonifica Valle del Liri;SAG;60019;www.consorziovalledelliri.it;http://www.consorziovalledelliri.it;http://www.consorziovalledelliri.it;200;5
Consorzio Informatica e Territorio S.P.A.;SAG;19035;www.consorzioit.net;http://www.consorzioit.net.it;_NV_;['Errno -2'];20
Acquevenete SpA;SAG;28055;www.acquevenete.it;http://www.acquevenete.it;http://www.acquevenete.it;200;20
TPER S.p.A.;SAG;37006;www.tper.it;http://www.tper.it;_NV_;SSLERROR;20
CONSORZIO STRADALE CENTRO RESIDENZIALE AXA;SAG;58091;www.consorzioaxa.it;http://www.consorzioaxa.it;http://www.consorzioaxa.it;200;5
Ersu S.P.A.;SAG;46024;www.ersu.it;http://www.ersu.it;http://www.ersu.it;200;20
Emiliambiente Spa;SAG;34014;www.emiliambiente.it;http://www.emiliambiente.it;http://www.emiliambiente.it;200;5
SERIS SERVIZI EDUCATIVI E DELLA RISTORAZIONE ;SAG;8031;HTTP://WWW.SERISSRL.JIMDO.COM;http://www.serissrl.jimdo.com;http://www.serissrl.jimdo.com;200;5
Fondazione Consiglio Nazionale Degli Ingegneri;SAG;58091;www.fondazionecni.it;http://www.fondazionecni.it;http://www.fondazionecni.it;200;5
Sistemi Salerno - Servizi Idrici S.p.A.;SAG;65116;www.salernosistemi.it;http://www.salernosistemi.it;http://www.salernosistemi.it;200;20
Gestione Commissariale del Servizio Idrico Integrato A.T.I. AG9 gia'  Girgenti Acque S.p.A.;SAG;84003;www.girgentiacque.com;http://www.girgentiacque.com.it;_NV_;['Errno -2'];20
Gestione Servizi Municipali Nord Milano Srl;SAG;15116;www.gesem.it;http://www.gesem.it;http://www.gesem.it;200;5
Azienda Casa Emilia-Romagna (ACER) Ferrara;SAG;38008;https://www.acerferrara.it/;https://www.acerferrara.it;https://www.acerferrara.it;200;5
Publiacqua SpA;SAG;48017;www.publiacqua.it;http://www.publiacqua.it;http://www.publiacqua.it;200;20
Gruppo Torinese Trasporti Spa;SAG;1272;www.gtt.to.it;http://www.gtt.to.it;http://www.gtt.to.it;200;5
Acquedotto del Fiora S.p.A.;SAG;53011;www.fiora.it;http://www.fiora.it;http://www.fiora.it;200;5
Infomobility S.P.A.;SAG;34027;www.infomobility.pr.it;http://www.infomobility.pr.it;http://www.infomobility.pr.it;200;20
In.Va. Spa;SAG;7011;www.invallee.it;http://www.invallee.it;https://www.invallee.it;200;20
ANCONA ENTRATE SRL;SAG;42002;https://anconaentrate.it;https://anconaentrate.it;https://anconaentrate.it;200;20
Lucca Riscossioni e Servizi Srl;SAG;46017;www.lrservizisrl.it;http://www.lrservizisrl.it;http://www.lrservizisrl.it;200;5
Messina Social City;SAG;83048;messinasocialcity.it;http://messinasocialcity.it;http://messinasocialcity.it;200;5
Net Spa;SAG;30129;https://netaziendapulita.it/;https://netaziendapulita.it;https://netaziendapulita.it;200;5
Padania Acque S.P.A.;SAG;19036;www.padania-acque.it;http://www.padania.acque.it;_NV_;['Errno -3'];20
Pavia Acque S.C.A R.L.;SAG;18110;www.paviaacque.it;http://www.paviaacque.it;http://www.paviaacque.it;200;20
Piave Servizi S.p.A.;SAG;26019;www.piaveservizi.eu;http://www.piaveservizi.eu.it;_NV_;['Errno -2'];20
Sogeap Aeroporto di Parma Societa' per La Gestione Spa;SAG;34027;www.parma-airport.it;http://www.parma.airport.it;http://www.parma.airport.it;200;5
PONENTE ACQUE SCPA in liquidazione;SAG;9012;www.ponenteacque.it;http://www.ponenteacque.it;http://www.ponenteacque.it;200;5
Tpl Linea Srl;SAG;9056;www.tpllinea.it;http://www.tpllinea.it;http://www.tpllinea.it;200;5
A.I.C.A. - AZIENDA IDRICA COMUNI AGRIGENTINI;SAG;84003;www.aicaonline.it;http://www.aicaonline.it;http://www.aicaonline.it;200;5
Uirnet Spa;SAG;58091;www.uirnet.it;http://www.uirnet.it;http://www.uirnet.it;200;5
Volturno Multiutility S.P.A.;SAG;61027;www.volturnosi.it;http://www.volturnosi.it;http://www.volturnosi.it;200;5
MEDIO CHIAMPO SPA;SAG;24060;https://mediochiampo.it;https://mediochiampo.it;https://mediochiampo.it;200;5
Gal Alta Marmilla e Marmilla;SAG;95010;www.galmarmilla.it;http://www.galmarmilla.it;https://www.galmarmilla.it;200;5
