Denominazione_ente;Codice_Categoria;Codice_comune_ISTAT;Sito_istituzionale;url;http_ok;codice_risposta;test_timeout
SOCIETA' FERROVIE UDINE CIVIDALE S.R.L.;SA;30129;https://www.ferrovieudinecividale.it/;https://www.ferrovieudinecividale.it;https://www.ferrovieudinecividale.it;200;5
AZIENDA SPECIALE CASA DI RIPOSO DON MOSCHETTA;SA;27005;www.donmoschetta.it;http://www.donmoschetta.it;http://www.donmoschetta.it;200;5
Pasubio Tecnologia s.r.l.;SA;24100;https://www.pasubiotecnologia.it;https://www.pasubiotecnologia.it;https://www.pasubiotecnologia.it;200;5
VENICEPROMEX AGENZIA PER L'INTERNAZIONALIZZAZIONE SCARL;SA;27042;www.vepromex.it;http://www.vepromex.it;http://www.vepromex.it;200;5
Azienda Territoriale per l'Edilizia Residenziale della provincia di Belluno;SA;25006;www.aterbl.it;http://www.aterbl.it;http://www.aterbl.it;200;5
Associazione D'Irrigazione Ovest Sesia;SA;2158;www.ovestsesia.it;http://www.ovestsesia.it;http://www.ovestsesia.it;200;5
Amaie S.P.A.;SA;8055;www.amaie.it;http://www.amaie.it;http://www.amaie.it;200;5
Azienda Sociale Comasca e Lariana;SA;13075;www.ascomlar.com;http://www.ascomlar.com.it;_NV_;['Errno -2'];20
Ambiente e Salute Srl;SA;60074;www.ambientesora.it;http://www.ambientesora.it;http://www.ambientesora.it;200;5
Azienda Territoriale Edilizia Residenziale per La Provincia di Pescara;SA;68028;http://www.aterpescara.it;http://www.aterpescara.it;http://www.aterpescara.it;200;5
Azienda Territoriale Energia e Servizi S.R.L.;SA;15221;www.atesenergia.it;http://www.atesenergia.it;http://www.atesenergia.it;200;5
Ausir - Autorita' Unica per I Servizi Idrici e I Rifiuti;SA;30129;www.ausir.fvg.it;http://www.ausir.fvg.it;http://www.ausir.fvg.it;200;5
CONSORZIO IRRIGUO BEALEROTTO MUSSI;SA;4130;https://consorziodelpesio.it;https://consorziodelpesio.it;https://consorziodelpesio.it;200;5
Consap Concessionaria Servizi Assicurativi Pubblici;SA;58091;www.consap.it;http://www.consap.it;http://www.consap.it;200;5
Consorzio di Bonifica 7 Caltagirone;SA;87011;www.consorziobonifica7caltagirone.it;http://www.consorziobonifica7caltagirone.it;http://www.consorziobonifica7caltagirone.it;200;5
Consorzio Dei Comuni Trentini Societa' Cooperativa;SA;22205;www.comunitrentini.it;http://www.comunitrentini.it;http://www.comunitrentini.it;200;5
Consorzio Gestione Anagrafica Professioni Sanitarie;SA;58091;http://wp.cogeaps.it/;http://wp.cogeaps.it;http://wp.cogeaps.it;200;5
ASSOCIAZIONE GAL PREALPI E DOLOMITI;SA;25074;https://www.galprealpidolomiti.it/;https://www.galprealpidolomiti.it;https://www.galprealpidolomiti.it;200;5
Consorzio Industriale Provinciale di Nuoro;SA;91051;https://www.cipnuoro.it/index.php;https://www.cipnuoro.it;https://www.cipnuoro.it;200;5
Cremona Solidale;SA;19036;www.cremonasolidale.it;http://www.cremonasolidale.it;https://www.cremonasolidale.it;200;5
GAL Distretto Rurale Barbagia Mandrolisai Gennargentu;SA;91086;www.galbmg.it;http://www.galbmg.it;http://www.galbmg.it;200;5
Consorzio Zona Industriale Apuana;SA;45010;http://www.consorzio.zia.ms.it;http://www.consorzio.zia.ms.it;http://www.consorzio.zia.ms.it;200;5
Ener.Bit Srl;SA;96004;https://www.enerbit.it/;https://www.enerbit.it;https://www.enerbit.it;200;5
Fondazione Donnaregina per Le Arti Contemporanee;SA;63049;https://www.madrenapoli.it/;https://www.madrenapoli.it;https://www.madrenapoli.it;200;5
A.P.E.F. AGENZIA PROVINCIALE PER L'ENERGIA FROSINONE SRL ;SA;60038;www.apef.fr.it;http://www.apef.fr.it;http://www.apef.fr.it;200;5
Federazione Italiana Giuoco Squash;SA;58091;www.federsquash.it;http://www.federsquash.it;http://www.federsquash.it;200;5
Fondazione per L'Innovazione Urbana;SA;37006;https://www.fondazioneinnovazioneurbana.it/;https://www.fondazioneinnovazioneurbana.it;https://www.fondazioneinnovazioneurbana.it;200;5
G.A.L. dell'Ogliastra;SA;91037;www.galogliastra.it;http://www.galogliastra.it;http://www.galogliastra.it;200;5
Gruppo di Azione Locale Sud Est Barese Scarl;SA;72028;www.galseb.it;http://www.galseb.it;http://www.galseb.it;200;5
Gruppo di Azione Locale Terre di Argil;SA;60025;www.galterrediargil.it;http://www.galterrediargil.it;http://www.galterrediargil.it;200;5
Gac Golfo di Termini Imerese Scarl;SA;82006;www.gacgolfoditermini.it;http://www.gacgolfoditermini.it;http://www.gacgolfoditermini.it;200;5
ITS FONDAZIONE MONACO COSENZA;SA;78045;www.itscosenza.it;http://www.itscosenza.it;http://www.itscosenza.it;200;5
Hub Innovazione Trentino - Fondazione;SA;22205;https://www.trentinoinnovation.eu/;https://www.trentinoinnovation.eu;https://www.trentinoinnovation.eu;200;5
Interporto Bologna S.P.A.;SA;37005;www.interporto.it;http://www.interporto.it;http://www.interporto.it;200;5
Infrastrutture Venete S.R.L.;SA;28060;www.infrastrutturevenete.it;http://www.infrastrutturevenete.it;http://www.infrastrutturevenete.it;200;5
CERMEC - CONSORZIO ECOLOGIA E RISORSE DI MASSA E CARRARA;SA;45010;HTTPS://WWW.CERMEC.IT;https://www.cermec.it;https://www.cermec.it;200;5
Lepida Scpa;SA;37006;www.lepida.net;http://www.lepida.net.it;_NV_;['Errno -2'];20
PRO-BRIXIA AZIENDA SPECIALE DELLA CAMERA DI COMMERCIO DI BRESCIA;SA;17029;www.probrixia.it;http://www.probrixia.it;http://www.probrixia.it;200;5
AMBITO TERRITORIALE CACCIA N. 5;SA;19098;www.atc5cremona.it;http://www.atc5cremona.it;http://www.atc5cremona.it;200;5
Molise Verso Il 2000 Scrl;SA;70006;www.moliseversoil2000.it;http://www.moliseversoil2000.it;http://www.moliseversoil2000.it;200;5
Corpo Italiano di San Lazzaro - Gruppo Mugnano di Napoli;SA;63048;www.csli-italia.org;http://www.csli.italia.org.it;_NV_;['Errno -2'];20
PLURISERVIZI CAMAIORE S.P.A.;SA;46005;http://www.pluriservizicamaiorespa.it/;http://www.pluriservizicamaiorespa.it;http://www.pluriservizicamaiorespa.it;200;5
Opere e Infrastrutture della Sardegna Srl;SA;92009;www.opereinfrastrutturesardegna.it;http://www.opereinfrastrutturesardegna.it;http://www.opereinfrastrutturesardegna.it;200;5
Ge.A.S.C. Gestione Aziendale Servizi Comunali;SA;12067;www.geasc.it;http://www.geasc.it;http://www.geasc.it;200;5
Consorzio 2 Alto Valdarno;SA;51002;www.cbaltovaldarno.it;http://www.cbaltovaldarno.it;http://www.cbaltovaldarno.it;200;5
Ravenna Entrate Spa;SA;39014;http://www.ravennaentrate.com/;http://www.ravennaentrate.com;http://www.ravennaentrate.com;200;5
Umbra Acque S.p.A.;SA;54039;https://www.umbraacque.com/;https://www.umbraacque.com;https://www.umbraacque.com;200;5
Gruppo Azione Locale Anglona Romangia;SA;90056;http://www.galanglonaromangia.it/;http://www.galanglonaromangia.it;http://www.galanglonaromangia.it;200;5
Sistemi Salerno - Holding Reti e Servizi S.p.A.;SA;65116;https://www.salernoenergia.it/;https://www.salernoenergia.it;https://www.salernoenergia.it;200;5
Societe Infrastructures Valdotaines Srl;SA;7003;sivsrl.vda.it;http://sivsrl.vda.it;http://sivsrl.vda.it;200;5
Servizi Idrici Valle Camonica Srl;SA;17028;www.sivsrl.eu;http://www.sivsrl.eu.it;_NV_;['Errno -2'];20
Associazione GAL Terras de Olia;SA;95019;https://www.galterrasdeolia.it/;https://www.galterrasdeolia.it;https://www.galterrasdeolia.it;200;5
S.M.A. Sistemi per La Meteorologia e L'Ambiente Campania S.P.A. in Sigla S.M.A. Campania S.P.A.;SA;63049;http://www.smacampania.info;http://www.smacampania.info;_NV_;['Errno -5'];20
Taufer Srl;SA;21017;www.taufer.info;http://www.taufer.info.it;_NV_;['Errno -2'];20
Trentino Mobilita' S.P.A.;SA;22205;http://www.trentinomobilita.it/;http://www.trentinomobilita.it;http://www.trentinomobilita.it;200;5
Trentino Marketing S.r.l.;SA;22205;trentinomarketing.org;http://trentinomarketing.org.it;_NV_;['Errno -2'];20
STRUTTURA VALLE D'AOSTA S.R.L.;SA;7003;www.svda.it;http://www.svda.it;http://www.svda.it;200;5
