Denominazione_ente;Codice_Categoria;Codice_comune_ISTAT;Sito_istituzionale;url;http_ok;codice_risposta;test_timeout
Associazione Centro Teatrale Bresciano;L31;17029;www.ctbteatrostabile.it;http://www.ctbteatrostabile.it;http://www.ctbteatrostabile.it;200;5
Teatro Biondo Stabile di Palermo;L31;82053;www.teatrobiondo.it;http://www.teatrobiondo.it;http://www.teatrobiondo.it;200;5
Associazione Teatro di Roma;L31;58091;www.teatrodiroma.net;http://www.teatrodiroma.net.it;_NV_;['Errno -2'];20
Associazione Teatro Stabile della Citta' di Napoli;L31;63049;https://www.teatrodinapoli.it/;https://www.teatrodinapoli.it;https://www.teatrodinapoli.it;200;5
Associazione Teatro Stabile del Veneto Carlo Goldoni;L31;27042;www.teatrostabileveneto.it;http://www.teatrostabileveneto.it;http://www.teatrostabileveneto.it;200;5
Ente Autonomo Teatro Stabile di Bolzano;L31;21008;www.teatro-bolzano.it;http://www.teatro.bolzano.it;_NV_;['Errno -2'];20
Ente Autonomo Teatro Stabile di Genova;L31;10025;www.teatrostabilegenova.it/;http://www.teatrostabilegenova.it;http://www.teatrostabilegenova.it;200;20
Ente Lirico Regionale Teatro Massimo Vincenzo Bellini;L31;87015;www.teatromassimobellini.it;http://www.teatromassimobellini.it;http://www.teatromassimobellini.it;200;5
Ente Teatro di Sicilia Stabile di Catania;L31;87015;www.teatrostabilecatania.it;http://www.teatrostabilecatania.it;http://www.teatrostabilecatania.it;200;5
Fondazione Piccolo Teatro di Milano Teatro D'Europa;L31;15146;www.piccoloteatro.org;http://www.piccoloteatro.org.it;_NV_;['Errno -2'];20
Fondazione Teatro della Toscana;L31;48017;www.teatrodellatoscana.it;http://www.teatrodellatoscana.it;http://www.teatrodellatoscana.it;200;5
Fondazione Teatro Metastasio di Prato;L31;100005;www.metastasio.it;http://www.metastasio.it;http://www.metastasio.it;200;20
Fondazione del Teatro Stabile di Torino;L31;1272;www.teatrostabiletorino.it;http://www.teatrostabiletorino.it;http://www.teatrostabiletorino.it;200;5
Fondazione Teatro Stabile dell'Umbria;L31;54039;www.teatrostabile.umbria.it/;http://www.teatrostabile.umbria.it;http://www.teatrostabile.umbria.it;200;5
Teatro di Messina;L31;83048;www.teatrovittorioemanuele.it;http://www.teatrovittorioemanuele.it;http://www.teatrovittorioemanuele.it;200;5
Teatro Stabile D'Abruzzo;L31;66049;www.teatrostabile.abruzzo.it;http://www.teatrostabile.abruzzo.it;http://www.teatrostabile.abruzzo.it;200;5
Teatro Stabile Sloveno Slovensko Stalno Gledalisce;L31;32006;www.teaterssg.com;http://www.teaterssg.com.it;_NV_;['Errno -2'];20
