Denominazione_ente;Codice_Categoria;Codice_comune_ISTAT;Sito_istituzionale;url;http_ok;codice_risposta;test_timeout
Associazione Dei Comuni del Comprensorio Trigno Sinello;L18;69083;www.trignosinello.it;http://www.trignosinello.it;http://www.trignosinello.it;200;20
Anci Emilia Romagna;L18;37006;www.anci.emilia-romagna.it;http://www.anci.emilia.romagna.it;_NV_;['Errno -2'];20
Associazione Nazionale Dei Comuni Italiani;L18;58091;www.anci.it;http://www.anci.it;http://www.anci.it;200;5
Anci Lombardia;L18;15146;www.anci.lombardia.it;http://www.anci.lombardia.it;http://www.anci.lombardia.it;200;5
Unione Pedemontana Parmense;L18;34009;www.unionepedemontana.pr.it;http://www.unionepedemontana.pr.it;http://www.unionepedemontana.pr.it;200;5
Unione di Comuni Montana Lunigiana;L18;45007;www.ucml.it;http://www.ucml.it;_NV_;SSLERROR;20
Unione dei Comuni del Montiferru e Alto Campidano;L18;95027;www.unionemontiferrusinis.it;http://www.unionemontiferrusinis.it;http://www.unionemontiferrusinis.it;200;5
Unione Comuni Vette Dei Nebrodi;L18;83090;www.vettedeinebrodi.it;http://www.vettedeinebrodi.it;_NV_;['Errno -2'];20
Unione Dei Comuni del Distretto Ceramico;L18;36040;www.distrettoceramico.mo.it;http://www.distrettoceramico.mo.it;http://www.distrettoceramico.mo.it;200;20
Unione di Comuni Lombarda Terre di Frontiera;L18;13228;www.terredifrontiera.co.it;http://www.terredifrontiera.co.it;http://www.terredifrontiera.co.it;200;5
Unione di Comuni Lombarda di Lomello e Galliavola;L18;18083;www.unionelomellogalliavola.gov.it;http://www.unionelomellogalliavola.it;_NV_;['Errno -2'];20
Unione Dei Comuni Alto Cilento;L18;65147;www.unionecomunialtocilento.sa.it;http://www.unionecomunialtocilento.sa.it;https://www.unionecomunialtocilento.sa.it;200;5
Comunita' Collinare Alto Astigiano;L18;5002;www.altoastigiano.it/;http://www.altoastigiano.it;http://www.altoastigiano.it;200;5
Consorzio Brianteo Villa Greppi;L18;97054;www.villagreppi.it;http://www.villagreppi.it;http://www.villagreppi.it;200;5
Comunita' Collinare Basso Grue Curone;L18;6181;www.bassogruecurone.it;http://www.bassogruecurone.it;http://www.bassogruecurone.it;200;5
Unione Collinare Canavesana;L18;1021;www.unionecollinarecanavesana.it;http://www.unionecollinarecanavesana.it;http://www.unionecollinarecanavesana.it;200;5
Comunita' Collinare del Gavi;L18;6029;www.unionecollinaredelgavi.al.it;http://www.unionecollinaredelgavi.al.it;http://www.unionecollinaredelgavi.al.it;200;5
Comunita' Collinare Piccolo Anfiteatro Morenico Canavesano;L18;1269;www.anfiteatromorenico.it;http://www.anfiteatromorenico.it;_NV_;['Errno -2'];20
Consorzio dei Comuni della Provincia di Bolzano Societa' Cooperativa;L18;21008;www.gvcc.net;http://www.gvcc.net.it;_NV_;['Errno -2'];20
Comunita' Collinare Val Rilate;L18;5075;www.valrilate.at.it;http://www.valrilate.at.it;http://www.valrilate.at.it;200;5
Unione dei Comuni Circondario dell'Empolese Valdelsa;L18;48014;www.empolese-valdelsa.it;http://www.empolese.valdelsa.it;_NV_;['Errno -2'];20
Unione Montana Cadore Longaronese Zoldo;L18;25071;www.clz.bl.it;http://www.clz.bl.it;http://www.clz.bl.it;200;5
Unione Montana dell'Esino Frasassi;L18;42017;www.umesinofrasassi.it;http://www.umesinofrasassi.it;http://www.umesinofrasassi.it;200;5
Unione dei Comuni Valdostani Mont - Emilius;L18;7054;www.cm-montemilius.vda.it;http://www.cm.montemilius.vda.it;_NV_;['Errno -2'];20
Unione dei Comuni Valdostani Grand-Paradis;L18;7074;www.cm-grandparadis.vda.it;http://www.cm.grandparadis.vda.it;_NV_;['Errno -2'];20
Unione Montana dei Comuni della Valsesia;L18;2156;www.unionemontanavalsesia.it;http://www.unionemontanavalsesia.it;http://www.unionemontanavalsesia.it;200;5
Consorzio dei Comuni Bassa Val d'Enza;L18;35010;www.consorziovilladiamante.it;http://www.consorziovilladiamante.it;http://www.consorziovilladiamante.it;200;5
Unione Valdera;L18;50029;www.unione.valdera.pi.it;http://www.unione.valdera.pi.it;http://www.unione.valdera.pi.it;200;5
Unione Insieme sul Serio;L18;16144;www.unionesulserio.it;http://www.unionesulserio.it;http://www.unionesulserio.it;200;5
Unione Dei Comuni Terre D'Oriente;L18;75051;www.unione.terredoriente.le.it;http://www.unione.terredoriente.le.it;http://www.unione.terredoriente.le.it;200;5
Unione Dei Comuni Feudo D Ali;L18;84030;www.unionecomunidali.it/;http://www.unionecomunidali.it;_NV_;['Errno -2'];20
Unione Dei Comuni Monte Contessa;L18;79039;www.unionemontecontessa.it/;http://www.unionemontecontessa.it;http://www.unionemontecontessa.it;200;5
Unione Dei Comuni Valdostani Mont-Rose;L18;7052;www.cm-montrose.vda.it;http://www.cm.montrose.vda.it;_NV_;['Errno -2'];20
Progetto Laocoonte Scpa;L18;61088;www.progettolaocoonte.it/;http://www.progettolaocoonte.it;http://www.progettolaocoonte.it;200;5
UNIONE IL MONFERRATO DEGLI INFERNOT;L18;6007;http://www.unioneilmonferratodegliinfernot.it/;http://www.unioneilmonferratodegliinfernot.it;http://www.unioneilmonferratodegliinfernot.it;200;5
Rete Metropolitana del Nord Sardegna;L18;90064;https://retemetropolitananordsardegna.info/it/;https://retemetropolitananordsardegna.info;https://retemetropolitananordsardegna.info;200;20
Terra del Chiese e Naviglio;L18;17086;https://www.halleyweb.com/ucchiese/hh/index.php;https://www.halleyweb.com;https://www.halleyweb.com;200;5
Unione dei Comuni Colli Berici Val Liona;L18;24123;www.unionecollibericivalliona.it;http://www.unionecollibericivalliona.it;http://www.unionecollibericivalliona.it;200;5
Unione dei Comuni Union3;L18;75037;www.union3.gov.it;http://www.union3.it;http://www.union3.it;200;5
Unione Antichi Borghi di Vallecamonica;L18;17055;www.unioneantichiborghivallecamonica.bs.it;http://www.unioneantichiborghivallecamonica.bs.it;http://www.unioneantichiborghivallecamonica.bs.it;200;5
Unione Bassa Est Parmense;L18;34051;www.unione.bassaestparmense.pr.it/;http://www.unione.bassaestparmense.pr.it;http://www.unione.bassaestparmense.pr.it;200;5
Unione Bovo Marina Eraclea Minoa Torre Salsa;L18;84042;www.unionebovomarinaeracleaminoatorresalsa.it;http://www.unionebovomarinaeracleaminoatorresalsa.it;http://www.unionebovomarinaeracleaminoatorresalsa.it;200;5
Unione Bassa Valle Scrivia;L18;6053;www.unionebassavallescrivia.al.it/;http://www.unionebassavallescrivia.al.it;http://www.unionebassavallescrivia.al.it;200;5
Unione Cinquecitta';L18;60060;www.unionecinquecitta.it;http://www.unionecinquecitta.it;http://www.unionecinquecitta.it;200;5
Unione dei Comuni dell'Alto Appennino Reggiano;L18;35046;www.unionecomuni.re.it;http://www.unionecomuni.re.it;http://www.unionecomuni.re.it;401;5
Unione dei Comuni Adige Gua';L18;23061;www.unioneadigegua.it;http://www.unioneadigegua.it;http://www.unioneadigegua.it;200;5
Unione di Comuni dell'Adige al Fratta;L18;23048;www.unioneadigefratta.vr.it/;http://www.unioneadigefratta.vr.it;http://www.unioneadigefratta.vr.it;200;5
Unione dei Comuni Alta Marmilla;L18;95004;www.unionecomunialtamarmilla.it;http://www.unionecomunialtamarmilla.it;http://www.unionecomunialtamarmilla.it;200;5
Unione dei Comuni Bassa Reggiana;L18;35024;www.bassareggiana.it;http://www.bassareggiana.it;http://www.bassareggiana.it;200;5
Unione di Comuni della Bassa Sabina;L18;57053;www.unionebassasabina.it;http://www.unionebassasabina.it;http://www.unionebassasabina.it;200;5
Unione Comuni Bassa Sesia;L18;3036;www.unionebassasesia.it;http://www.unionebassasesia.it;http://www.unionebassasesia.it;200;5
Unione Comuni del Basso Vicentino;L18;24079;www.unionecomunibassovicentino.it;http://www.unionecomunibassovicentino.it;http://www.unionecomunibassovicentino.it;200;5
Unione dei Comuni dell'Alta Valle Camonica;L18;17148;www.unionealtavallecamonica.bs.it;http://www.unionealtavallecamonica.bs.it;http://www.unionealtavallecamonica.bs.it;200;5
Unione di Comuni Colline di Langa e del Barolo;L18;4132;www.langabarolo.it;http://www.langabarolo.it;http://www.langabarolo.it;200;5
Unione dei Comuni dei Colli Euganei;L18;28009;www.uce.pd.it/;http://www.uce.pd.it;http://www.uce.pd.it;200;5
Unione dei Comuni Lombarda di Lonate Pozzolo e di Ferno ;L18;12090;www.lonatepozzolo-ferno.gov.it;http://www.lonatepozzolo.ferno.it;_NV_;['Errno -2'];20
Unione Colline Matildiche;L18;35030;www.collinematildiche.it;http://www.collinematildiche.it;http://www.collinematildiche.it;200;5
Unione dei Comuni del Medio Brenta;L18;28016;www.mediobrenta.it;http://www.mediobrenta.it;http://www.mediobrenta.it;200;5
Unione Comuni Modenesi Area Nord;L18;36021;www.unioneareanord.mo.it;http://www.unioneareanord.mo.it;http://www.unioneareanord.mo.it;200;20
Unione dei Comuni del Medio Verbano;L18;12051;www.medioverbano.va.it;http://www.medioverbano.va.it;http://www.medioverbano.va.it;200;5
Unione dei Comuni Lombarda Oltrepo' Centrale;L18;18105;www.unionecomunioltrepocentrale.pv.it;http://www.unionecomunioltrepocentrale.pv.it;http://www.unionecomunioltrepocentrale.pv.it;200;5
Unione dei Comuni 'Paesi dei Nebrodi';L18;83010;www.unionepaesideinebrodi.gov.it;http://www.unionepaesideinebrodi.it;_NV_;['Errno -2'];20
Unione dei Comuni Pratiarcati;L18;28003;http://www.unionepratiarcati.it;http://www.unionepratiarcati.it;http://www.unionepratiarcati.it;200;5
Unione Comuni della Presolana;L18;16099;www.unionepresolana.bg.it;http://www.unionepresolana.bg.it;http://www.unionepresolana.bg.it;200;5
Unione Comuni Del Sorbara;L18;36006;www.unionedelsorbara.mo.it;http://www.unionedelsorbara.mo.it;http://www.unionedelsorbara.mo.it;200;5
Unione dei Comuni Terra dei Gelsi dell'Oltrepo' Pavese;L18;18038;www.terradeigelsi.it;http://www.terradeigelsi.it;_NV_;['Errno -2'];20
Unione dei Comuni Terre dell'Olio e del Sagrantino;L18;54030;www.unionecomuni.pg.it;http://www.unionecomuni.pg.it;http://www.unionecomuni.pg.it;200;5
Unione dei Comuni della Valle del Garza;L18;17117;www.comune.nave.bs.it;http://www.comune.nave.bs.it;http://www.comune.nave.bs.it;200;5
Unione di Comuni Valmarecchia;L18;99023;www.vallemarecchia.it;http://www.vallemarecchia.it;http://www.vallemarecchia.it;200;5
Unione dei Comuni della Valvarrone;L18;97093;www.unionevalvarrone.it;http://www.unionevalvarrone.it;http://www.unionevalvarrone.it;200;5
Unione dei Comuni Vallata del Tronto;L18;44011;www.unionecomunitronto.it;http://www.unionecomunitronto.it;http://www.unionecomunitronto.it;200;5
Unione Terre di Castelli;L18;36046;www.terredicastelli.mo.it/;http://www.terredicastelli.mo.it;http://www.terredicastelli.mo.it;200;20
Unione di Comuni Verona Est;L18;23028;www.unionevrest.it;http://www.unionevrest.it;http://www.unionevrest.it;200;5
Unione Comuni Valdichiana Senese;L18;52031;www.unionecomuni.valdichiana.si.it;http://www.unionecomuni.valdichiana.si.it;http://www.unionecomuni.valdichiana.si.it;200;5
Unione dei Comuni Costa Alesina;L18;83101;www.unionecostaalesina.gov.it;http://www.unionecostaalesina.it;http://www.unionecostaalesina.it;200;5
Unione Comuni Alto Alcantara;L18;83053;www.unionecomunialtoalcantara.it;http://www.unionecomunialtoalcantara.it;http://www.unionecomunialtoalcantara.it;200;5
Unione di Comuni Aro 2 Barletta Andria Trani;L18;110001;www.unionearo2bt.it;http://www.unionearo2bt.it;http://www.unionearo2bt.it;200;5
Unione Comuni dell'Alta Murgia;L18;72023;www.unionecomunialtamurgia.it;http://www.unionecomunialtamurgia.it;http://www.unionecomunialtamurgia.it;200;5
Unione di Comuni Antica Terra di Lavoro;L18;60064;www.unionedicomuniatl.org;http://www.unionedicomuniatl.org.it;_NV_;['Errno -2'];20
Unione Dei Comuni del Basso Feltrino Setteville di Quero;L18;25070;www.unionesetteville.bl.it;http://www.unionesetteville.bl.it;http://www.unionesetteville.bl.it;200;5
Unione Coser Bassa Vercellese;L18;2030;www.unione-coser.it;http://www.unione.coser.it;http://www.unione.coser.it;200;5
Unione Comuni della Bassa Valle del Tirso e Del;L18;95059;www.unionevalletirsogrighine.it;http://www.unionevalletirsogrighine.it;http://www.unionevalletirsogrighine.it;200;5
Unione Comuni del Cusio;L18;3076;www.unionecomunidelcusio.it;http://www.unionecomunidelcusio.it;http://www.unionecomunidelcusio.it;200;20
Unione di Comuni Colline del Medio Vomano;L18;67016;www.unionecomunivomano.gov.it/;http://www.unionecomunivomano.it;http://www.unionecomunivomano.it;200;5
Unione Comuni Ciriacese e Basso Canavese;L18;1086;www.unionecomuniciriacese.to.it/web/;http://www.unionecomuniciriacese.to.it;http://www.unionecomuniciriacese.to.it;200;5
Unione Comuni Comunita' Collinare Alto Monferrato Acquese;L18;6043;www.altomonferratoacquese.it/;http://www.altomonferratoacquese.it;http://www.altomonferratoacquese.it;200;5
Unione di Comuni Comunita Collinare Colline Alfieri;L18;5097;www.collinealfieri.at.it;http://www.collinealfieri.at.it;http://www.collinealfieri.at.it;200;5
UNIONE DI COMUNI COMUNITA' COLLINARE VIGNE E VINI;L18;5058;www.vignevini.at.it;http://www.vignevini.at.it;http://www.vignevini.at.it;200;20
Unione di Comuni Comunita' Collinare Via Fulvia;L18;5036;www.unioneviafulvia.at.it;http://www.unioneviafulvia.at.it;http://www.unioneviafulvia.at.it;200;5
Unione di Comuni Corone Degli Erei;L18;86006;www.unionecoronedeglierei.en.it/;http://www.unionecoronedeglierei.en.it;http://www.unionecoronedeglierei.en.it;200;5
Unione Lombarda dei Comuni Oglio - Ciria;L18;19033;www.unionedeicomuni.cr.it;http://www.unionedeicomuni.cr.it;http://www.unionedeicomuni.cr.it;200;5
Unione Comunale del Chianti Fiorentino;L18;48054;www.unionechiantifiorentino.it;http://www.unionechiantifiorentino.it;http://www.unionechiantifiorentino.it;200;5
Unione di Comuni Canelli - Moasca;L18;5017;www.unionecanellimoasca.it;http://www.unionecanellimoasca.it;http://www.unionecanellimoasca.it;200;5
Unione della Comunita' Collinare Monferrato Valle Versa;L18;5109;www.valleversa-monferrato.at.it;http://www.valleversa.monferrato.at.it;_NV_;['Errno -2'];20
Federazione dei Comuni del Camposampierese;L18;28019;www.fcc.veneto.it;http://www.fcc.veneto.it;http://www.fcc.veneto.it;200;5
Unione dei Comuni Citta' della Riviera del Brenta;L18;27012;www.cittadellariviera.it;http://www.cittadellariviera.it;http://www.cittadellariviera.it;200;20
Unione di Comunita' Collinare Roero Tartufo Ed Arneis;L18;4214;www.unionecollinareroero.it;http://www.unionecollinareroero.it;http://www.unionecollinareroero.it;200;5
Unione di Comuni Citta' Territorio Val Vibrata;L18;67039;www.unionecomunivalvibrata.it;http://www.unionecomunivalvibrata.it;http://www.unionecomunivalvibrata.it;200;5
Unione di Comuni Collinari del Vergante Belgirate Lesa Meina;L18;3084;www.unionecomunidelvergante.it;http://www.unionecomunidelvergante.it;http://www.unionecomunidelvergante.it;200;5
Unione Comunale Dei Colli;L18;16189;www.unionedeicolli.it;http://www.unionedeicolli.it;http://www.unionedeicolli.it;200;5
Unione di Comuni Dei Fenici;L18;95039;www.unionecomunifenici.it;http://www.unionecomunifenici.it;http://www.unionecomunifenici.it;200;5
Unione Colli del Monferrato;L18;5117;www.collidelmonferrato.at.it;http://www.collidelmonferrato.at.it;http://www.collidelmonferrato.at.it;200;5
Unione Comuni Dei Nebrodi;L18;83042;www.unionecomunideinebrodi.it;http://www.unionecomunideinebrodi.it;http://www.unionecomunideinebrodi.it;200;5
Unione Comuni D'Ogliastra;L18;91019;www.unionecomunidogliastra.it;http://www.unionecomunidogliastra.it;http://www.unionecomunidogliastra.it;200;5
Unione Comuni della Trexenta;L18;111075;www.unionecomunitrexenta.ca.it;http://www.unionecomunitrexenta.ca.it;http://www.unionecomunitrexenta.ca.it;200;5
Unione di Comuni Fiesole-vaglia;L18;48015;www.comune.fiesole.fi.it/opencms/opencms/comune/UfficiUnioneComuni/;http://www.comune.fiesole.fi.it;http://www.comune.fiesole.fi.it;200;5
Unione Comuni Garfagnana;L18;46009;www.ucgarfagnana.lu.it;http://www.ucgarfagnana.lu.it;https://www.ucgarfagnana.lu.it;200;5
Unione Dei Comuni Valdostani Grand Combin;L18;7030;www.grandcombin.vda.it;http://www.grandcombin.vda.it;http://www.grandcombin.vda.it;200;5
Unione di Comuni della Grecia Salentina;L18;75010;www.greciasalentina.gov.it/;http://www.greciasalentina.it;http://www.greciasalentina.it;404;5
Unione di Comuni Isola Bergamasca;L18;16131;www.unione.isola.bg.it;http://www.unione.isola.bg.it;http://www.unione.isola.bg.it;200;5
Unione di Comuni Lombarda Adda Martesana;L18;15178;http://www.unioneaddamartesana.it;http://www.unioneaddamartesana.it;http://www.unioneaddamartesana.it;200;5
Unione di Comuni Lombarda Asta del Serio;L18;16241;www.unioneastadelserio.bg.it;http://www.unioneastadelserio.bg.it;http://www.unioneastadelserio.bg.it;200;5
Unione di Comuni Lombarda Cimbergo Paspardo;L18;17135;www.unionecimbergopaspardo.bs.it/;http://www.unionecimbergopaspardo.bs.it;http://www.unionecimbergopaspardo.bs.it;200;5
Unione di Comuni Lombarda Colline D'Oltrepo;L18;18111;www.unionecollinedoltrepo.pv.it;http://www.unionecollinedoltrepo.pv.it;http://www.unionecollinedoltrepo.pv.it;200;5
Unione di Comuni Lombarda Casalbuttano ed Uniti e Corte De' Cortesi con Cignone;L18;19016;www.unionecacobo.it;http://www.unionecacobo.it;http://www.unionecacobo.it;200;5
Unione Montana di Comuni Delle Valli di Lanzo Ceronda e Casternone;L18;1072;www.unionemontanavlcc.it;http://www.unionemontanavlcc.it;http://www.unionemontanavlcc.it;200;5
Unione di Comuni Lombarda Essevum di Roverbella e Castelbelforte;L18;20053;unionessevum-sito.municipiumapp.it;http://unionessevum.sito.municipiumapp.it;http://unionessevum.sito.municipiumapp.it;200;5
Unione di Comuni Lombarda Foedus;L18;19083;www.uclfoedus.it;http://www.uclfoedus.it;http://www.uclfoedus.it;200;5
Unione di Comuni Lombarda Mincio Po;L18;20062;www.minciopo.it;http://www.minciopo.it;http://www.minciopo.it;200;5
Unione di Comuni Lombarda Oltre Adda Lodigiano;L18;98024;www.unioneoltreaddalodigiano.it;http://www.unioneoltreaddalodigiano.it;http://www.unioneoltreaddalodigiano.it;200;5
Unione di Comuni Lombarda Prima Collina;L18;18029;www.primacollina.it;http://www.primacollina.it;http://www.primacollina.it;200;5
Unione di Comuni Lombarda Terra di Cascine;L18;19026;www.comune.castelverde.cr.it;http://www.comune.castelverde.cr.it;http://www.comune.castelverde.cr.it;200;5
Unione di Comuni Lombarda Terra Dei Gonzaga;L18;20007;http://trasparenza.unioneterradeigonzaga.it/;http://trasparenza.unioneterradeigonzaga.it;http://trasparenza.unioneterradeigonzaga.it;200;5
Unione di Comuni Lombarda Terre Dei Malaspina;L18;18117;http://www.unioneterremalaspina.it/;http://www.unioneterremalaspina.it;http://www.unioneterremalaspina.it;200;5
Unione di Comuni Lombarda Terrae Nobilis;L18;19099;http://www.unioneterraenobilis.cr.it;http://www.unioneterraenobilis.cr.it;_NV_;['Errno -2'];20
Unione Comuni Lombarda Terre Viscontee Basso Pavese;L18;18013;www.unionecomuniterreviscontee.it;http://www.unionecomuniterreviscontee.it;http://www.unionecomuniterreviscontee.it;200;5
Unione di Comuni Lombarda Unione del Delmona;L18;19046;http://www.unionedelmona.it;http://www.unionedelmona.it;http://www.unionedelmona.it;200;5
Unione Dei Comuni Lombarda della Valmalenco;L18;14019;www.unionevalmalenco.it;http://www.unionevalmalenco.it;http://www.unionevalmalenco.it;200;5
Unione di Comuni della Messapia;L18;75020;www.unionecomunimessapia.it;http://www.unionecomunimessapia.it;http://www.unionecomunimessapia.it;200;5
Unione di Comuni Meilogu;L18;90013;www.unionecomunimeilogu.it;http://www.unionecomunimeilogu.it;http://www.unionecomunimeilogu.it;200;5
Unione di Comuni Marghine;L18;91044;www.unionemarghine.it;http://www.unionemarghine.it;http://www.unionemarghine.it;200;5
Unione Colli Mantovani;L18;20030;www.halleyweb.com/ucmantovani;http://www.halleyweb.com;http://www.halleyweb.com;200;5
Unione Dei Comuni Montani Castello di Gerione;L18;70011;www.unionecastellodigerionecb.it/;http://www.unionecastellodigerionecb.it;_NV_;['Errno -2'];20
Unione di Comuni Montana Colline Metallifere;L18;53015;www.unionecomunicollinemetallifere.it;http://www.unionecomunicollinemetallifere.it;http://www.unionecomunicollinemetallifere.it;200;5
Unione di Comuni di Metalla e Il Mare;L18;111043;www.unionemetallaeilmare.ci.it/;http://www.unionemetallaeilmare.ci.it;http://www.unionemetallaeilmare.ci.it;200;5
Unione di Comuni Marca Occidentale;L18;26089;www.marcaoccidentale.it;http://www.marcaoccidentale.it;http://www.marcaoccidentale.it;200;5
Unione Colli Marittimi Pisani;L18;50020;www.unione.collimarittimipisani.pi.it;http://www.unione.collimarittimipisani.pi.it;http://www.unione.collimarittimipisani.pi.it;200;5
Unione Comuni Medaniene;L18;58092;www.unionemedaniene.it;http://www.unionemedaniene.it;http://www.unionemedaniene.it;200;5
Unione di Comuni Montani Valchiusella;L18;1124;www.comune.issiglio.to.it;http://www.comune.issiglio.to.it;http://www.comune.issiglio.to.it;200;5
Unione Dei Comuni della Media Valle Camonica - Civilta' Delle Pietre;L18;17035;www.unionemediavallecamonica.bs.it;http://www.unionemediavallecamonica.bs.it;http://www.unionemediavallecamonica.bs.it;200;5
Unione di Comuni di Nora e Bithia;L18;111089;www.unionenoraebithia.it/;http://www.unionenoraebithia.it;http://www.unionenoraebithia.it;200;5
Unione Comuni Nord Ogliastra;L18;91031;www.unionenordogliastra..it;http://www.unionenordogliastra.it;_NV_;['Errno -2'];20
Unione dei Comuni del Nord Salento;L18;75011;www.unionecomuninordsalento.it;http://www.unionecomuninordsalento.it;http://www.unionecomuninordsalento.it;200;5
Unione della Costa Orientale;L18;75072;www.unionecostaorientale.gov.it;http://www.unionecostaorientale.it;http://www.unionecostaorientale.it;200;5
Unione dei Comuni del Pratomagno;L18;51020;www.unionepratomagno.it;http://www.unionepratomagno.it;http://www.unionepratomagno.it;200;5
Unione Dei Comuni del Parteolla e Basso Campidano;L18;111076;www.unionecomuniparteolla.ca.it;http://www.unionecomuniparteolla.ca.it;http://www.unionecomuniparteolla.ca.it;200;5
Unione Comuni Pianura Reggiana;L18;35020;www.pianurareggiana.it;http://www.pianurareggiana.it;http://www.pianurareggiana.it;200;5
Unione di Comuni della Planargia e del Montiferru Occidentale;L18;95079;www.unioneplanargia.or.it;http://www.unioneplanargia.or.it;http://www.unioneplanargia.or.it;200;5
Unione di Comuni Retenus;L18;28073;www.retenus.it;http://www.retenus.it;http://www.retenus.it;200;5
Unione Colline del Riddone;L18;4072;http://www.collinedelriddone.it/;http://www.collinedelriddone.it;http://www.collinedelriddone.it/;200;5
Unione Collinare della Serra;L18;1027;unionedellaserra.it;http://unionedellaserra.it;http://unionedellaserra.it;200;5
Unione di Comuni Stura Orba e Leira;L18;10051;www.unionedicomunisol.ge.it;http://www.unionedicomunisol.ge.it;http://www.unionedicomunisol.ge.it;200;5
Unione Comuni Terre Astiane;L18;5059;www.terreastiane.at.it;http://www.terreastiane.at.it;http://www.terreastiane.at.it;200;5
Unione di Comuni Terre del Chiusella;L18;1179;www.terredelchiusella.it;http://www.terredelchiusella.it;http://www.terredelchiusella.it;200;5
Unione di Comuni Terre D'Oglio;L18;20025;trasparenza.comuniogliopo.it/web/unione/albo-pretorio;http://trasparenza.comuniogliopo.it;http://trasparenza.comuniogliopo.it;200;5
Unione Dei Comuni Terra di Leuca Bis;L18;75077;www.comuniterradileuca.it;http://www.comuniterradileuca.it;http://www.comuniterradileuca.it;200;5
Unione di Comuni Tavoliere Meridionale;L18;110010;www.unionedeicomunitavolieremeridionale.bt.it;http://www.unionedeicomunitavolieremeridionale.bt.it;http://www.unionedeicomunitavolieremeridionale.bt.it;200;5
Unione Dei Comuni Le Terre della Marca Senone;L18;42045;www.leterredellamarcasenone.it;http://www.leterredellamarcasenone.it;http://www.leterredellamarcasenone.it;200;5
Unione di Comuni Terre del Retrone;L18;24036;www.unioneterredelretrone.it;http://www.unioneterredelretrone.it;http://www.unioneterredelretrone.it;200;5
Unione di Comuni Terre del Serio;L18;16020;www.unione.terredelserio.it;http://www.unione.terredelserio.it;http://www.unione.terredelserio.it;200;5
Unione Collinare Terre di Vigneti e Pietra da Cantoni;L18;6149;www.unionevignetiecantoni.al.it;http://www.unionevignetiecantoni.al.it;http://www.unionevignetiecantoni.al.it;200;5
Unione di Comuni Terre di Vini e di Tartufi;L18;5097;www.terrevinitartufi.at.it;http://www.terrevinitartufi.at.it;http://www.terrevinitartufi.at.it;200;5
Unione Comuni Valdaso;L18;109001;www.ucvaldaso.it;http://www.ucvaldaso.it;http://www.ucvaldaso.it;200;5
Unione Dei Comuni Montani Alta Val D'Arda;L18;33012;comune.castellarquato.pc.it;http://comune.castellarquato.pc.it;http://comune.castellarquato.pc.it;200;5
Unione Comuni della Val D'Aia;L18;57026;cms.tp-srl.it/unionevaldaia/;http://cms.tp.srl.it;_NV_;['Errno -2'];20
Unione di Comuni Valdarno e Valdisieve;L18;48037;www.uc-valdarnoevaldisieve.fi.it;http://www.uc.valdarnoevaldisieve.fi.it;_NV_;['Errno -2'];20
Unione Dei Comuni Valdostani Evancon;L18;7073;www.cm-evancon.vda.it;http://www.cm.evancon.vda.it;_NV_;['Errno -2'];20
Unione Dei Comuni del Villanova;L18;90078;www.unionecomunivillanova.it/it/index.html;http://www.unionecomunivillanova.it;http://www.unionecomunivillanova.it;200;5
Unione di Comuni Valle del Patri;L18;83016;www.unionevalledelpatri.it;http://www.unionevalledelpatri.it;http://www.unionevalledelpatri.it;200;5
Unione dei Comuni Valli del Reno, Lavino e Samoggia;L18;37011;www.unionerenolavinosamoggia.bo.it;http://www.unionerenolavinosamoggia.bo.it;http://www.unionerenolavinosamoggia.bo.it;200;5
Unione Comuni Valle del Tirreno;L18;83103;www.unionecomunivalledeltirreno.gov.it;http://www.unionecomunivalledeltirreno.it;_NV_;['Errno -2'];20
Unione Comuni Valle Ustica;L18;58112;www.comunedivicovaro.it;http://www.comunedivicovaro.it;http://www.comunedivicovaro.it;200;5
Unione Dei Comuni Valle dell'Orco;L18;65020;www.comune.calvanico.sa.it;http://www.comune.calvanico.sa.it;http://www.comune.calvanico.sa.it;200;5
Unione Dei Comuni Alto Verdura e Gebbia;L18;84022;www.unionecomunialtoverduragebbia;http://www.unionecomunialtoverduragebbia.it;http://www.unionecomunialtoverduragebbia.it;200;5
Unione Dei Casali;L18;78035;unionedeicasali.asmenet.it;http://unionedeicasali.asmenet.it;http://unionedeicasali.asmenet.it;200;5
Unione Dei Comuni Valle del Giovenzano;L18;58044;www.unionegiovenzano.rm.it;http://www.unionegiovenzano.rm.it;http://www.unionegiovenzano.rm.it;200;5
Unione Dei Comuni Area Caserta Sud-ovest;L18;61012;www.unionecso.gov.it;http://www.unionecso.it;_NV_;['Errno -2'];20
Unione Dei Comuni Montedoro;L18;73005;www.montedoro.ta.it;http://www.montedoro.ta.it;http://www.montedoro.ta.it;200;5
Unione Dei Comuni Platani Quisquina Magazzolo;L18;84015;www.plataniquisquinamagazzolo.it;http://www.plataniquisquinamagazzolo.it;http://www.plataniquisquinamagazzolo.it;200;20
Unione Dei Comuni Terre del Campidano;L18;111062;www.terredelcampidano.it/;http://www.terredelcampidano.it;_NV_;['Errno -2'];20
Unione Dei Comuni Aiello - San Vito;L18;30001;WWW.COMUNE.AIELLODELFRIULI.UD.IT;http://www.comune.aiellodelfriuli.ud.it;http://www.comune.aiellodelfriuli.ud.it;200;5
Unione dei Comuni 'Terre della Pianura';L18;4215;www.comune.savigliano.cn.it;http://www.comune.savigliano.cn.it;http://www.comune.savigliano.cn.it;200;5
Unione Terra dei Castelli;L18;42001;www.unionecastelli.it;http://www.unionecastelli.it;http://www.unionecastelli.it;200;5
Unione Dei Comuni Alto Calore;L18;65051;www.unionealtocalore.it;http://www.unionealtocalore.it;https://www.unionealtocalore.it;200;5
Unica Unione Dei Comuni dell'Area Urbana Chieti Pescara;L18;68041;www.comune.spoltore.pe.it;http://www.comune.spoltore.pe.it;http://www.comune.spoltore.pe.it;200;5
Unione Dei Comuni dell'Alta Anaunia;L18;22051;www.unionealtanaunia.tn.it;http://www.unionealtanaunia.tn.it;http://www.unionealtanaunia.tn.it;200;5
Unione dei Comuni dell'Appennino Bolognese;L18;37059;www.unioneappennino.bo.it;http://www.unioneappennino.bo.it;http://www.unioneappennino.bo.it;200;5
Unione Dei Comuni Anglona e Bassa Valle del Coghinas;L18;90056;unioneanglona.it;http://unioneanglona.it;http://unioneanglona.it;200;20
Unione Dei Comuni Alto Bradano;L18;76002;www.unionecomunialtobradano.it;http://www.unionecomunialtobradano.it;http://www.unionecomunialtobradano.it;200;5
Unione Dei Comuni di Airasca-buriasco-scalenghe;L18;1002;www.unioneabs.it;http://www.unioneabs.it;http://www.unioneabs.it;200;5
Unione Dei Comuni Antico Clanis;L18;64047;www.unioneanticoclanis.it;http://www.unioneanticoclanis.it;http://www.unioneanticoclanis.it;200;5
Unione Dei Comuni Vigata - Scala Dei Turchi;L18;84028;www.comune.portoempedocle.ag.it;http://www.comune.portoempedocle.ag.it;http://www.comune.portoempedocle.ag.it;200;5
Unione Dei Comuni Alta Gallura;L18;90070;www.unionedeicomunialtagallura.it;http://www.unionedeicomunialtagallura.it;http://www.unionedeicomunialtagallura.it;200;5
Unione Dei Comuni Alta Sabina;L18;57054;www.unionecomunialtasabina.it;http://www.unionecomunialtasabina.it;http://www.unionecomunialtasabina.it;503;5
Unione Dei Comuni Arcipelago del Sulcis;L18;111008;www.comune.calasetta.ci.it;http://www.comune.calasetta.ci.it;http://www.comune.calasetta.ci.it;200;5
Unione Dei Comuni di Andrano Spongano Diso;L18;75027;www.unionecomuniandranodisospongano.it;http://www.unionecomuniandranodisospongano.it;http://www.unionecomuniandranodisospongano.it;200;5
Unione Dei Comuni Amiata Val D'Orcia;L18;52020;https://www.uc-amiatavaldorcia.si.it;https://www.uc-amiatavaldorcia.si.it;https://www.uc-amiatavaldorcia.si.it;200;5
Unione dei Comuni Lombarda Alme' e Villa D'Alme';L18;16239;www.unionealmevilladalme.it;http://www.unionealmevilladalme.it;http://www.unionealmevilladalme.it;200;5
Unione Dei Comuni dell'Alta Valle Arroscia;L18;8042;www.vallearroscia.org;http://www.vallearroscia.org.it;_NV_;['Errno -2'];20
Unione Dei Comuni dell'Alto Volturno;L18;94012;http://www.comune.rionerosannitico.is.it/hh/index.php;http://www.comune.rionerosannitico.is.it;http://www.comune.rionerosannitico.is.it;200;5
Unione Dei Comuni Besa;L18;82057;www.unibesa.it;http://www.unibesa.it;http://www.unibesa.it;200;5
Unione Dei Comuni Betlemme;L18;6061;www.unionebetlemme.al.it;http://www.unionebetlemme.al.it;http://www.unionebetlemme.al.it;200;20
Unione Dei Comuni del Barigadu;L18;95017;www.unionecomunibarigadu.it;http://www.unionecomunibarigadu.it;http://www.unionecomunibarigadu.it;200;5
Unione della Romagna Faentina;L18;39010;www.romagnafaentina.it;http://www.romagnafaentina.it;http://www.romagnafaentina.it;200;20
Unione Dei Comuni del Basso Biferno;L18;70031;www.unionebassobiferno.cb.it;http://www.unionebassobiferno.cb.it;_NV_;['Errno -3'];20
Unione Dei Comuni Basso Campidano;L18;111041;www.bassocampidano.it;http://www.bassocampidano.it;http://www.bassocampidano.it;200;5
Unione Dei Comuni Belvedereo Morro D'Alba San Marcello;L18;42041;www.unionecomunibelvedereomorrodalbasanmarcello.it;http://www.unionecomunibelvedereomorrodalbasanmarcello.it;http://www.unionecomunibelvedereomorrodalbasanmarcello.it;200;5
Unione Dei Comuni della Bassa Valle Camonica;L18;17142;www.unionebassavallecamonica.bs.it;http://www.unionebassavallecamonica.bs.it;http://www.unionebassavallecamonica.bs.it;200;5
Unione Dei Comuni Bassa Val Trebbia e Val Luretta;L18;33038;www.unionecomuni-valtrebbia-valluretta.it/;http://www.unionecomuni.valtrebbia.valluretta.it;_NV_;['Errno -2'];20
Unione Dei Comuni Bassa Val D'Arda Fiume Po;L18;33018;www.unionebassavaldardafiumepo.it;http://www.unionebassavaldardafiumepo.it;http://www.unionebassavaldardafiumepo.it;200;5
Unione Dei Comuni del Conselvano;L18;28034;www.unioneconselvano.it;http://www.unioneconselvano.it;http://www.unioneconselvano.it;200;5
Unione Dei Comuni di Cimadolmo, Ormelle e San Polo di Piave;L18;26074;www.unionesxpiave.gov.it;http://www.unionesxpiave.it;_NV_;['Errno -2'];20
Unione Dei Comuni Corvo Eleuterio;L18;82035;www.unionedeicomunicorvoeleuterio.pa.it;http://www.unionedeicomunicorvoeleuterio.pa.it;http://www.unionedeicomunicorvoeleuterio.pa.it;200;5
Unione Dei Comuni del Coros;L18;90051;www.unionecoros.it;http://www.unionecoros.it;http://www.unionecoros.it;200;5
Unione Dei Comuni Centuriati di Bonemerse e Malagnino;L18;19056;www.unionecenturiati.cr.it;http://www.unionecenturiati.cr.it;http://www.unionecenturiati.cr.it;200;5
Unione Dei Comuni di Caldogno Costabisara e Isola Vicentina;L18;24018;www.unionecomuni.vi.it;http://www.unionecomuni.vi.it;http://www.unionecomuni.vi.it;200;5
Unione Dei Comuni di Camino, Coniolo, Pontestura e Solonghello;L18;6133;www.unioneccps.al.it;http://www.unioneccps.al.it;http://www.unioneccps.al.it;200;5
Unione Dei Comuni Comunita' Collinare Valtriversa;L18;5026;https://www.valtriversa.it/it;https://www.valtriversa.it;https://www.valtriversa.it;200;5
Unione Dei Comuni Centro Economico della Bassa Friulana;L18;30100;www.unione.centroeconomico.bf.regione.fvg.it;http://www.unione.centroeconomico.bf.regione.fvg.it;http://www.unione.centroeconomico.bf.regione.fvg.it;200;5
Unione Dei Comuni di Camparada e Lesmo - Prime Terre di Brianza;L18;108026;www.unione.camparadalesmo.it;http://www.unione.camparadalesmo.it;http://www.unione.camparadalesmo.it;200;5
Unione Dei Comuni di Crispiano Massafra Statte;L18;73015;www.unionedeicomuni.gov.it;http://www.unionedeicomuni.it;_NV_;['Errno -2'];20
Unione Dei Comuni Castelli Morenici;L18;20044;www.comune.medole.mn.it;http://www.comune.medole.mn.it;http://www.comune.medole.mn.it;200;5
Unione Dei Comuni di Castelbellino e Monte Roberto;L18;42008;www.unionecastelbellinomonteroberto.an.it;http://www.unionecastelbellinomonteroberto.an.it;http://www.unionecastelbellinomonteroberto.an.it;500;5
Unione Dei Comuni Comprensorio di Naxos e Taormina;L18;83032;www.unionecomuninaxostaormina.it;http://www.unionecomuninaxostaormina.it;_NV_;['Errno -2'];20
Unione Dei Comuni Castelli Tra Roero e Monferrato;L18;4099;www.unionecastelliroeromonferrato.it/;http://www.unionecastelliroeromonferrato.it;http://www.unionecastelliroeromonferrato.it;200;5
Unione Dei Comuni Costa del Sinis Terra Dei Giganti;L18;95043;https://www.unionesinisgiganti.it/it;https://www.unionesinisgiganti.it;https://www.unionesinisgiganti.it;200;5
Unione Dei Comuni Cinque Terre - Riviera;L18;11005;www.comune.bonassola.sp.it;http://www.comune.bonassola.sp.it;http://www.comune.bonassola.sp.it;200;5
Unione Dei Comuni Cinque Terre del Monferrato;L18;6123;www.unionecinqueterredelmonferrato.it;http://www.unionecinqueterredelmonferrato.it;http://www.unionecinqueterredelmonferrato.it;200;5
Unione Dei Casali Dauni;L18;71013;www.unionecasalidauni.fg.it;http://www.unionecasalidauni.fg.it;http://www.unionecasalidauni.fg.it;200;5
Unione Dei Comuni Delle Alpi Orobie Bresciane;L18;17068;www.unionealpiorobiebresciane.bs.it;http://www.unionealpiorobiebresciane.bs.it;http://www.unionealpiorobiebresciane.bs.it;200;5
Unione Dei Comuni Destra Adige;L18;23075;www.unionedxadige.it;http://www.unionedxadige.it;http://www.unionedxadige.it;200;5
Unione Dei Comuni del Beigua;L18;9055;www.unionecomunibeigua.sv.it;http://www.unionecomunibeigua.sv.it;http://www.unionecomunibeigua.sv.it;200;5
Unione Dei Comuni della Brenta;L18;28038;www.unionecomunidellabrenta.it/hh/index.php;http://www.unionecomunidellabrenta.it;http://www.unionecomunidellabrenta.it;200;5
Unione Dei Colli Divini nel Cuore del Monferrato;L18;5056;www.unionecollidivini.at.it;http://www.unionecollidivini.at.it;http://www.unionecollidivini.at.it;200;5
Unione Dei Comuni Delle Colline Teatine;L18;69013;http://www.unionecollineteatine.it/;http://www.unionecollineteatine.it;_NV_;['Errno -2'];20
Unione Dei Comuni Degli Ernici;L18;60042;www,comune.guarcino.fr.it;http://www.comune.guarcino.fr.it;http://www.comune.guarcino.fr.it;200;5
Unione Dei Comuni del Finalese;L18;9029;www.unionecomuni.finalese.sv.it;http://www.unionecomuni.finalese.sv.it;_NV_;['Errno -2'];20
Unione Dei Comuni Delle Mainarde;L18;60068;www.unionecomunimainarde.it;http://www.unionecomunimainarde.it;http://www.unionecomunimainarde.it;200;5
Unione Dei Comuni Medio Calore;L18;64072;www.unionedeicomunimediocalore.av.it;http://www.unionedeicomunimediocalore.av.it;_NV_;['Errno -2'];20
Unione Dei Comuni della Presila Catanzarese;L18;79092;alboucpresilacatanzarese.asmenet.it/;http://alboucpresilacatanzarese.asmenet.it;http://alboucpresilacatanzarese.asmenet.it;200;5
Unione Dei Comuni Delle Serre Salentine;L18;75006;http://www.unioneserresalentine.it/;http://www.unioneserresalentine.it;http://www.unioneserresalentine.it;200;5
Unione Dei Comuni del Sarrabus;L18;111011;www.unionecomunisarrabus.it;http://www.unionecomunisarrabus.it;http://www.unionecomunisarrabus.it;200;5
Unione Dei Comuni Delle Sorgenti del Biferno;L18;70003;www.sorgentidelbiferno.gov.it/index.php?option=com_conten;http://www.sorgentidelbiferno.it;http://www.sorgentidelbiferno.it;200;5
Unione Dei Comuni della Teverina;L18;56003;www.unionecomuniteverina.it;http://www.unionecomuniteverina.it;_NV_;['Errno -2'];20
Unione Dei Comuni Dei Tre Parchi;L18;108050;www.treparchi.gov.it;http://www.treparchi.it;http://www.treparchi.it;200;5
Unione Dei Comuni Delle Valli Joniche Dei Peloritani;L18;83085;www.unionecomunivallijonichedeipeloritani.me.it;http://www.unionecomunivallijonichedeipeloritani.me.it;http://www.unionecomunivallijonichedeipeloritani.me.it;500;5
Unione Montana Alta Ossola;L18;103026;www.unionemontanaaltaossola.it;http://www.unionemontanaaltaossola.it;http://www.unionemontanaaltaossola.it;200;5
Unione Dei Comuni Elimo Ericini;L18;81022;www.unionecomunielimoericini.it;http://www.unionecomunielimoericini.it;http://www.unionecomunielimoericini.it;200;5
Unione Dei Comuni Entroterra Idruntino;L18;75008;www.unione.entroterraidruntino.le.it;http://www.unione.entroterraidruntino.le.it;http://www.unione.entroterraidruntino.le.it;200;5
Unione Dei Comuni dall'Eleuterio a Rocca Busambra;L18;82046;www.eleuterio-roccabusambra.it;http://www.eleuterio.roccabusambra.it;_NV_;['Errno -2'];20
Unione Dei Comuni del Frignano;L18;36030;www.unionefrignano.mo.it;http://www.unionefrignano.mo.it;http://www.unionefrignano.mo.it;200;5
Unione Dei Comuni Friuli Isontina;L18;31001;www.unionefriuliisontina.it/;http://www.unionefriuliisontina.it;http://www.unionefriuliisontina.it;200;5
Unione Dei Comuni di Francofonte e Licodie Eubea;L18;89010;www.unioneterredelleacque.it/;http://www.unioneterredelleacque.it;_NV_;['Errno -2'];20
Unione Dei Comuni del Guilcier;L18;95021;www.unionecomuniguilcer.it;http://www.unionecomuniguilcer.it;http://www.unionecomuniguilcer.it;200;5
Unione dei Comuni Gallura;L18;90035;www.unionegallura.it;http://www.unionegallura.it;http://www.unionegallura.it;200;5
Unione Dei Comuni del Gerrei;L18;111064;www.unionecomunigerrei.ca.it;http://www.unionecomunigerrei.ca.it;http://www.unionecomunigerrei.ca.it;200;5
Unione Dei Comuni del Golfo Paradiso;L18;10060;www.unionecomunigolfoparadiso.ge.it;http://www.unionecomunigolfoparadiso.ge.it;http://www.unionecomunigolfoparadiso.ge.it;200;5
Unione Dei Comuni I Fontanili;L18;15103;www.unioneifontanili.it;http://www.unioneifontanili.it;http://www.unioneifontanili.it;200;20
Unione Dei Comuni del Versante Ionico;L18;79063;www.ucversanteionico.it;http://www.ucversanteionico.it;http://www.ucversanteionico.it;200;5
Unione Dei Comuni Ibleide;L18;88002;www.unioneibleide.it;http://www.unioneibleide.it;http://www.unioneibleide.it;200;5
Unione Dei Comuni Isola Mantovana;L18;20058;www.unioneisolamantovana.it;http://www.unioneisolamantovana.it;http://www.unioneisolamantovana.it;200;5
Unione Dei Comuni I Nuraghi di Monte Idda e Fanaris;L18;111084;www.unionenuraghimonteiddafanaris.eu/;http://www.unionenuraghimonteiddafanaris.eu.it;_NV_;['Errno -2'];20
Unione Dei Comuni dell'Istmo;L18;79072;www.unioneistmo.it;http://www.unioneistmo.it;_NV_;['Errno -2'];20
Unione Dei Comuni di Itala e Scaletta Zanclea - Valle di Monte Scuderi;L18;83036;www.unionevalledimontescuderi.it;http://www.unionevalledimontescuderi.it;http://www.unionevalledimontescuderi.it;200;5
Unione dei Comuni Lombarda dell'Alta Valle Versa;L18;18096;www.unionecomunialtavalleversa.pv.it;http://www.unionecomunialtavalleversa.pv.it;http://www.unionecomunialtavalleversa.pv.it;200;5
Unione Dei Comuni Lombarda Bassa Bresciana Occidentale;L18;17125;www.unionecomunibbo.it;http://www.unionecomunibbo.it;http://www.unionecomunibbo.it;200;5
Unione Dei Comuni Lombarda Borghi e Valli D'Oltrepo';L18;18016;http://www.unioneborghievalli.it/;http://www.unioneborghievalli.it;http://www.unioneborghievalli.it;200;5
Unione Micropolis;L18;18047;www.unionemicropolis.pv.it;http://www.unionemicropolis.pv.it;http://www.unionemicropolis.pv.it;200;5
Unione Dei Comuni Lombarda di Capizzone, Bedulita, Costa Valle Imagan e Strozza;L18;16050;www.unionedeicomunilombarda.bg.it;http://www.unionedeicomunilombarda.bg.it;_NV_;['Errno -2'];20
Unione Dei Comuni Lombarda Dei Fontanili;L18;19086;www.comune.romanengo.cr.it;http://www.comune.romanengo.cr.it;http://www.comune.romanengo.cr.it;200;20
Unione Dei Comuni del Lacerno e del Fibreno;L18;60015;www.unionelacernofibreno.it;http://www.unionelacernofibreno.it;http://www.unionelacernofibreno.it;200;5
Unione Dei Comuni Lombarda Lario e Monti;L18;13223;www.unionelarioemonti.it;http://www.unionelarioemonti.it;http://www.unionelarioemonti.it;200;5
Unione Dei Comuni Lombarda Oltrepo Lombardo;L18;18064;www.unioneoltrepolombardo.it/;http://www.unioneoltrepolombardo.it;http://www.unioneoltrepolombardo.it;200;5
Unione Dei Comuni Lombarda Prealpi;L18;12065;www.unionelombardaprealpi.va.it;http://www.unionelombardaprealpi.va.it;http://www.unionelombardaprealpi.va.it;200;5
Unione Dei Comuni Le Quattro Terre;L18;82009;unionequattroterre.it;http://unionequattroterre.it;_NV_;['Errno -2'];20
Unione Dei Comuni Lombarda Terrae Fluminis;L18;19052;https://www.unioneterraefluminis.cr.it/;https://www.unioneterraefluminis.cr.it;https://www.unioneterraefluminis.cr.it;200;5
Unione Dei Comuni Lombarda della Valletta;L18;97092;www.unionevalletta.it;http://www.unionevalletta.it;http://www.unionevalletta.it;200;20
Unione Dei Comuni del Miranese;L18;27024;www.unionemiranese.ve.it;http://www.unionemiranese.ve.it;http://www.unionemiranese.ve.it;200;5
Unione Dei Comuni Marmilla;L18;111097;www.unionecomunimarmilla.it;http://www.unionecomunimarmilla.it;http://www.unionecomunimarmilla.it;200;5
Unione Dei Comuni Misa-nevola;L18;42015;www.unionecomunimisa-nevola.it;http://www.unionecomunimisa.nevola.it;_NV_;['Errno -2'];20
Unione Dei Comuni Montani Amiata Grossetana;L18;53001;www.uc-amiata.gr.it;http://www.uc.amiata.gr.it;_NV_;['Errno -2'];20
Unione Dei Comuni del Mont'Albo;L18;91085;www.unionecomunimontalbo.it;http://www.unionecomunimontalbo.it;http://www.unionecomunimontalbo.it;200;5
Unione Dei Comuni Montani dell'Alta Val D'Aveto;L18;10056;www.unionealtavaldaveto.ge.it;http://www.unionealtavaldaveto.ge.it;http://www.unionealtavaldaveto.ge.it;200;5
Unione Dei Comuni Montani Colline del Fiora;L18;53019;www.uc-collinedelfiora.it;http://www.uc.collinedelfiora.it;_NV_;['Errno -2'];20
Unione Dei Comuni Montani del Casentino;L18;51031;www.uc.casentino.toscana.it;http://www.uc.casentino.toscana.it;http://www.uc.casentino.toscana.it;200;5
Unione Dei Comuni Montani della Laga;L18;67043;www.unionecomunilaga.it;http://www.unionecomunilaga.it;http://www.unionecomunilaga.it;200;5
Unione Dei Comuni di Montemarciano e Monte San Vito;L18;42027;www.unionemontemarcianomontesanvito.an.it;http://www.unionemontemarcianomontesanvito.an.it;http://www.unionemontemarcianomontesanvito.an.it;200;20
Unione Dei Comuni Montani Maiella Orientale Verde Aventino;L18;69060;www.unionemova.it;http://www.unionemova.it;http://www.unionemova.it;200;5
Unione Dei Comuni Montani Media Ossola;L18;103052;www.unionemediaossola.it;http://www.unionemediaossola.it;http://www.unionemediaossola.it;200;5
Unione Dei Comuni Monte Linas - Dune di Piscinas;L18;111034;www.unionelinaspiscinas.it;http://www.unionelinaspiscinas.it;http://www.unionelinaspiscinas.it;200;5
Unione Dei Comuni Medio Sannio;L18;70079;http://www.unionecomunimediosannio.it/;http://www.unionecomunimediosannio.it;http://www.unionecomunimediosannio.it;200;5
Unione Dei Comuni Montani di Sant'Anna D'Alfaedo Ed Erbezzo;L18;23078;www.comune.erbezzo.vr.it;http://www.comune.erbezzo.vr.it;http://www.comune.erbezzo.vr.it;200;5
Unione Dei Comuni di Moncalieri, Trofarello, La Loggia;L18;1156;www.unionemoncalieri.it;http://www.unionemoncalieri.it;http://www.unionemoncalieri.it;200;5
Unione Dei Comuni Montani Valsangone;L18;1115;http://www.unionemontanavalsangone.it/;http://www.unionemontanavalsangone.it;http://www.unionemontanavalsangone.it;200;5
Unione Dei Comuni Media Valle del Serchio;L18;46004;www.ucmediavalle.it;http://www.ucmediavalle.it;http://www.ucmediavalle.it;200;5
Unione Dei Comuni Montani della Valli Graveglia e Sturla - Le Valli dell'Entella;L18;10034;www.unionevalli entella.ge.it;http://www.unionevalli.entella.ge.it;_NV_;['Errno -2'];20
Unione Dei Comuni Nebrodi Etna;L18;87057;comune.maniace.ct.it;http://comune.maniace.ct.it;http://comune.maniace.ct.it;200;5
Unione Dei Comuni Nord Est Torino;L18;1236;www.unionenet.it/;http://www.unionenet.it;http://www.unionenet.it;200;5
Unione Dei Comuni ' Nocellara dell'Etna';L18;87058;www.comune.ragalna.ct.it;http://www.comune.ragalna.ct.it;http://www.comune.ragalna.ct.it;200;5
Unione Dei Comuni Nova Sabina;L18;57065;www.unionenovasabina.it;http://www.unionenovasabina.it;http://www.unionenovasabina.it;200;5
Unione Dei Comuni Pentri;L18;94031;www.unionedeicomunipentri.it;http://www.unionedeicomunipentri.it;http://www.unionedeicomunipentri.it;200;5
Unione Dei Comuni Parco Altavaldera;L18;50025;parco.altavaldera.it;http://parco.altavaldera.it;http://parco.altavaldera.it;200;5
Unione Dei Comuni Parte Montis;L18;95029;www.unionepartemontis.or.it;http://www.unionepartemontis.or.it;_NV_;['Errno -2'];20
UNIONE DEI COMUNI DI  SANTA CRISTINA E BISSONE,  BADIA PAVESE E MONTICELLI PAVESE;L18;18006;www.halleyweb.com/ucppmor/hh/index.php;http://www.halleyweb.com;http://www.halleyweb.com;200;5
Unione Dei Comuni Re.Al Imera;L18;82002;www.comune.alimena.pa.it;http://www.comune.alimena.pa.it;http://www.comune.alimena.pa.it;200;5
Unione Dei Comuni Riviera di Gallura;L18;90092;https://unionerivieradigallura.it/;https://unionerivieradigallura.it;https://unionerivieradigallura.it;200;5
Unione Dei Cinque Reali Siti;L18;71036;www.unionecinquerealisiti.it;http://www.unionecinquerealisiti.it;_NV_;['Errno -2'];20
Unione Dei Comuni di Rovere' Velo e San Mauro;L18;23067;http://www.unionecomunirvs.it/;http://www.unionecomunirvs.it;http://www.unionecomunirvs.it;200;5
Unione Dei Comuni del Sinello;L18;69044;www.unionesinello.it;http://www.unionesinello.it;_NV_;['Errno -2'];20
Unione Dei Comuni dello Scrivia;L18;10006;www.unionedelloscrivia.ge.it/;http://www.unionedelloscrivia.ge.it;http://www.unionedelloscrivia.ge.it;200;5
Unione Dei Comuni di Spriana e Torre di Santa Maria;L18;14067;www.unionesprianatorre.it;http://www.unionesprianatorre.it;http://www.unionesprianatorre.it;200;5
Unione Dei Comuni del Sulcis;L18;111063;www.unionecomunisulcis.it;http://www.unionecomunisulcis.it;http://www.unionecomunisulcis.it;200;5
Unione Dei Comuni del San Bartolo e del Foglia;L18;41044;www.unionesanbartolofoglia.pu.it;http://www.unionesanbartolofoglia.pu.it;http://www.unionesanbartolofoglia.pu.it;200;5
Unione Dei Comuni del Trasimeno;L18;54036;www.comunideltrasimeno.gov.it;http://www.comunideltrasimeno.it;_NV_;['Errno -2'];20
Unione Dei Comuni Terre di Po e Colline del Monferrato;L18;6020;www.unioneterrepo.al.it;http://www.unioneterrepo.al.it;http://www.unioneterrepo.al.it;200;5
Unione Dei Comuni del Tappino;L18;70030;www.comune.jelsi.cb.it/istituzioni/unione-dei-comuni-del-tappino.html;http://www.comune.jelsi.cb.it;http://www.comune.jelsi.cb.it;200;5
Unione Dei Comuni 'Terre Degli Ulivi';L18;82048;www.comuniepoint.it/c/portal/layout?p_l_id=pub.1368.1;http://www.comuniepoint.it;http://www.comuniepoint.it;200;5
Unione Dei Comuni del Terralbese;L18;95046;www.unionecomunidelterralbese.it;http://www.unionecomunidelterralbese.it;http://www.unionecomunidelterralbese.it;200;20
Unione Dei Comuni Terre di Acaya e di Roca;L18;75043;www.terrediacayaeroca.it;http://www.terrediacayaeroca.it;http://www.terrediacayaeroca.it;200;5
Unione Dei Comuni Terre di Collina;L18;85018;95.110.168.247/torredicollina/po/il-comune-informa.php?x67f400ad868bd141;http://95.110.168.247;_NV_;['Errno 113'];20
Unione Dei Comuni di Terre D'Acqua;L18;37053;www.terredacqua.net;http://www.terredacqua.net.it;_NV_;['Errno -2'];20
Unione Dei Comuni Terra Dei Lancia;L18;83020;www.unioneterradeilancia.gov.it/;http://www.unioneterradeilancia.it;http://www.unioneterradeilancia.it;200;5
Unione Dei Comuni Terre D'Acque;L18;3158;www.unioneterredacque.it;http://www.unioneterredacque.it;http://www.unioneterredacque.it;200;5
Unione dei Comuni Terre e Fiumi;L18;38007;www.unioneterrefiumi.fe.it;http://www.unioneterrefiumi.fe.it;http://www.unioneterrefiumi.fe.it;200;5
Unione Dei Comuni 'Terra di Lavoro';L18;61083;unionedeicomunitdl.it;http://unionedeicomunitdl.it;_NV_;['Errno -5'];20
Unione Dei Comuni Terra di Leuca;L18;75066;www.unioneterradileuca.it;http://www.unioneterradileuca.it;http://www.unioneterradileuca.it;200;5
Unione Dei Comuni Terre di Mezzo;L18;75009;www.unioneterredimezzo.le.it;http://www.unioneterredimezzo.le.it;http://www.unioneterredimezzo.le.it;200;5
Unione Dei Comuni Terre di Pianura;L18;37030;www.terredipianura.it;http://www.terredipianura.it;http://www.terredipianura.it;200;5
Unione Dei Comuni Terre Sicane;L18;84023;unionecomuniterresicane.it;http://unionecomuniterresicane.it;http://unionecomuniterresicane.it;200;5
Unione Dei Comuni Tra Sture e Po;L18;6109;www.unionecomunitrastureepo.it/;http://www.unionecomunitrastureepo.it;http://www.unionecomunitrastureepo.it;200;5
Unione Dei Comuni Trinacria del Tirreno;L18;83104;www.comunevenetico.me.it;http://www.comunevenetico.me.it;http://www.comunevenetico.me.it;200;5
Unione Dei Comune Terre dell'Ufita;L18;64038;www.unionecomuniterreufita.av.it;http://www.unionecomuniterreufita.av.it;http://www.unionecomuniterreufita.av.it;200;5
Unione Dei Comuni della Valle dell'Olio;L18;57030;www3.unionecomunivalleolio.it;http://www3.unionecomunivalleolio.it;http://www3.unionecomunivalleolio.it;200;5
Unione Dei Comuni della Valsaviore;L18;17047;www.unionevalsaviore.bs.it;http://www.unionevalsaviore.bs.it;http://www.unionevalsaviore.bs.it;200;5
Unione Dei Comuni della Media Vallesina;L18;42023;www.unionecomunimediavallesina.it;http://www.unionecomunimediavallesina.it;http://www.unionecomunimediavallesina.it;200;5
Unione Dei Comuni della Versilia;L18;46028;www.unionedicomunialtaversilia.lu.it;http://www.unionedicomunialtaversilia.lu.it;http://www.unionedicomunialtaversilia.lu.it;200;5
Unione Dei Comuni Velini;L18;65028;www.unionecomunivelini.gov.it;http://www.unionecomunivelini.it;_NV_;['Errno -2'];20
Unione Dei Comuni della Valle del Tammaro;L18;70075;www.unionevalledeltammaro.gov.it;http://www.unionevalledeltammaro.it;_NV_;['Errno -2'];20
Unione Dei Comuni Valli Dei Nebrodi;L18;83099;unionevallideinebrodi.it;http://unionevallideinebrodi.it;_NV_;['Errno -2'];20
Unione Dei Comuni della Valtenesi;L18;17102;www.unionecomunivaltenesi.it;http://www.unionecomunivaltenesi.it;http://www.unionecomunivaltenesi.it;200;5
Unione Dei Comuni della Val di Bisenzio;L18;100007;www.cmvaldibisenzio.it;http://www.cmvaldibisenzio.it;http://www.cmvaldibisenzio.it;200;5
Unione Dei Comuni della Valle di Comino;L18;60062;www.unionecomunivalledicomino.it;http://www.unionecomunivalledicomino.it;http://www.unionecomunivalledicomino.it;200;5
Unione Dei Comuni Valle del Cedrino;L18;91063;www.unionevalledelcedrino.it;http://www.unionevalledelcedrino.it;http://www.unionevalledelcedrino.it;200;5
Unione Dei Comuni Val Camastra Basento;L18;76015;www.comune.calvello.pz.it;http://www.comune.calvello.pz.it;http://www.comune.calvello.pz.it;200;5
Unione Dei Comuni Valle Degli Iblei;L18;89005;www.unionevalleiblei.it;http://www.unionevalleiblei.it;http://www.unionevalleiblei.it;200;5
Unione Dei Comuni Valle del Belice;L18;81015;www.unionebelice.it;http://www.unionebelice.it;http://www.unionebelice.it;200;5
Unione Dei Comuni della Via Emilia Piacentina;L18;33021;www.unioneviaemiliapiacentina.it/;http://www.unioneviaemiliapiacentina.it;http://www.unioneviaemiliapiacentina.it;200;5
Unione Dei Comuni Valli e Delizie;L18;38019;www.unionevalliedelizie.fe.it;http://www.unionevalliedelizie.fe.it;http://www.unionevalliedelizie.fe.it;200;5
Unione Dei Comuni Valmerula e Montarosio;L18;9006;www.comune.andora.sv.it;http://www.comune.andora.sv.it;http://www.comune.andora.sv.it;200;5
Unione Dei Comuni Valle del Metauro;L18;41069;www.unionecomunivallemetauro.it;http://www.unionecomunivallemetauro.it;http://www.unionecomunivallemetauro.it;200;5
Unione Dei Comuni della Val di Merse;L18;52025;www.valdimerse.si.it;http://www.valdimerse.si.it;http://www.valdimerse.si.it;200;5
Unione Dei Comuni della Valle del Pardu e Dei Tacchi dell'Ogliastra Meridionale;L18;91069;www.unionetacchiogliastra.gov.it;http://www.unionetacchiogliastra.it;http://www.unionetacchiogliastra.it;200;5
Unione Dei Comuni della Via Regia dell' Alcantara;L18;83025;www.unionecomuniviaregiaalcantara.it;http://www.unionecomuniviaregiaalcantara.it;_NV_;['Errno -2'];20
Unione Dei Comuni Valle del Savio;L18;40007;www.unionevallesavio.it;http://www.unionevallesavio.it;http://www.unionevallesavio.it;200;20
Unione Dei Comuni Valle del Sosio;L18;82060;www.unionevalledelsososio.it;http://www.unionevalledelsososio.it;_NV_;['Errno -2'];20
Unione Dei Comuni Valle del Tevere Soratte;L18;58099;www.santoreste.rm.gov.it/;http://www.santoreste.rm.it;_NV_;['Errno -2'];20
Unione Dei Comuni Valle del Tidone;L18;33013;www.unionevalledeltidone.it;http://www.unionevalledeltidone.it;_NV_;['Errno -2'];20
Unione Dei Comuni Valli Taro e Ceno;L18;34006;www.unionetaroceno.pr.it;http://www.unionetaroceno.pr.it;http://www.unionetaroceno.pr.it;200;5
Unione Dei Comuni Valle del Torto e Dei Feudi;L18;82078;www.unione-valledeltortoedeifeudi.it;http://www.unione.valledeltortoedeifeudi.it;_NV_;['Errno -2'];20
Unione Dei Comuni della Valle del Torbido;L18;80039;www.comune.gioiosaionica.rc.it/index.php?action=index&p=1101;http://www.comune.gioiosaionica.rc.it;http://www.comune.gioiosaionica.rc.it;200;20
Unione Dei Comuni della Val di Vara;L18;11028;www.unionedeicomunidellavaldivara.it;http://www.unionedeicomunidellavaldivara.it;http://www.unionedeicomunidellavaldivara.it;200;5
Unione dei Comuni Valdostani Valdigne-Mont-Blanc;L18;7040;www.cm-valdigne.vda.it;http://www.cm.valdigne.vda.it;_NV_;['Errno -2'];20
Unione dei Comuni Lombarda Verrua Po e Rea;L18;18119;www.unioneverruapoerea.pv.it;http://www.unioneverruapoerea.pv.it;http://www.unioneverruapoerea.pv.it;200;5
Unione Dei Miracoli;L18;69015;www.unionedeimiracoli.it/;http://www.unionedeimiracoli.it;http://www.unionedeimiracoli.it;200;5
Unione Dei Nebrodi;L18;83084;www.unionedeinebrodi.it/;http://www.unionedeinebrodi.it;http://www.unionedeinebrodi.it;200;5
Unione Delle Orobie;L18;14002;www.unioneorobica.it;http://www.unioneorobica.it;_NV_;['Errno -2'];20
Unione Dei Comuni Pian del Bruscolo;L18;41065;www.unionepiandelbruscolo.pu.it;http://www.unionepiandelbruscolo.pu.it;http://www.unionepiandelbruscolo.pu.it;200;5
Unione 'Madonie';L18;82055;www.unionemadonie.gov.it;http://www.unionemadonie.it;http://www.unionemadonie.it;200;5
Uncem Delegazione Piemontese;L18;1272;www.uncem.piemonte.it;http://www.uncem.piemonte.it;http://www.uncem.piemonte.it;200;5
Unione Delle Torri;L18;20024;www.comune.gazoldo.mn.it;http://www.comune.gazoldo.mn.it;http://www.comune.gazoldo.mn.it;200;5
Unione del Fossanese;L18;4096;www.unionedelfossanese.cn.it;http://www.unionedelfossanese.cn.it;http://www.unionedelfossanese.cn.it;200;5
Comunita' Riviera Friulana;L18;30046;www.rivierafriulana.comunitafvg.it;http://www.rivierafriulana.comunitafvg.it;_NV_;['Errno -2'];20
Unione Jonica Salentina;L18;75063;www.unioneionicasalentina.it;http://www.unioneionicasalentina.it;http://www.unioneionicasalentina.it;200;5
UNIONE DEI COMUNI DEL LOGUDORO;L18;90052;www.unionecomunilogudoro.ss.it;http://www.unionecomunilogudoro.ss.it;http://www.unionecomunilogudoro.ss.it;200;5
Unione Lombarda Dei Comuni di Basiano e Masate;L18;15014;www.basianomasate.mi.it;http://www.basianomasate.mi.it;http://www.basianomasate.mi.it;404;5
Unione Lombarda Dei Comuni di Bellusco e Mezzago;L18;108006;https://unione.belluscomezzago.mb.it/;https://unione.belluscomezzago.mb.it;https://unione.belluscomezzago.mb.it;200;5
Unione Lombarda Dei Comuni di Calvatone e Tornata;L18;19009;www.unionecalvatonetornata.cr.it;http://www.unionecalvatonetornata.cr.it;http://www.unionecalvatonetornata.cr.it;200;5
Unione Lombarda Dei Comuni di Frascarolo e Torre Beretti e Castellaro;L18;18065;unionefrascarolotorreberetticastellaro.it;http://unionefrascarolotorreberetticastellaro.it;http://unionefrascarolotorreberetticastellaro.it;200;5
Unione Lombarda Dei Comuni Fluvialis Civitas;L18;19103;www.unionefluvialiscivitas.cr.gov.it/;http://www.unionefluvialiscivitas.cr.it;http://www.unionefluvialiscivitas.cr.it;200;5
Unione Lombarda Dei Comuni Montani dell'Alta Val Trompia - La Via del Ferro;L18;17183;www.unionealtavaltrompia.bs.it;http://www.unionealtavaltrompia.bs.it;http://www.unionealtavaltrompia.bs.it;200;5
Unione Lombarda Dei Comuni Oltrepadani;L18;18149;www.unionecomunioltrepadani.it;http://www.unionecomunioltrepadani.it;http://www.unionecomunioltrepadani.it;200;5
Unione Lombarda Dei Comuni di Pieve del Cairo e Gambarana;L18;18113;www.pievedelcairo.gov.it;http://www.pievedelcairo.it;http://www.pievedelcairo.it;200;5
Unione Lodigiana Grifone;L18;98008;www.unionelodigianagrifone.it/;http://www.unionelodigianagrifone.it;http://www.unionelodigianagrifone.it;200;5
Unione Lucana del Lagonegrese;L18;76042;www.unionelucanalagonegrese.it;http://www.unionelucanalagonegrese.it;http://www.unionelucanalagonegrese.it;200;5
Unione del Lago Maggiore;L18;103017;WWW.UNIONELAGOMAGGIORE.IT;http://www.unionelagomaggiore.it;http://www.unionelagomaggiore.it;200;5
Unione Lombarda Soresinese;L18;19004;www.unionesoresinese.it/;http://www.unionesoresinese.it;https://www.unionesoresinese.it;503;5
Unione Lombarda Dei Comuni di Spessa e San Zenone al Po;L18;18145;www.comune.sanzenonealpo.pv.it/unione/;http://www.comune.sanzenonealpo.pv.it;http://www.comune.sanzenonealpo.pv.it;200;5
Unione Lombarda tra i Comuni di Pontevico e Robecco D'Oglio;L18;17149;www.unionelombardapontevicorobeccodoglio.it;http://www.unionelombardapontevicorobeccodoglio.it;http://www.unionelombardapontevicorobeccodoglio.it;200;5
Unione Lombarda Terre di Pievi e Castelli;L18;19107;http://www.halleyweb.com/utrpvcst/hh/index.php;http://www.halleyweb.com;http://www.halleyweb.com;200;5
Unione Lombarda Valle del Po;L18;18008;www.unionevalledelpo.it;http://www.unionevalledelpo.it;_NV_;['Errno -2'];20
Unione dei Comuni della Romagna Forlivese - Unione Montana;L18;40032;www.romagnaforlivese.it;http://www.romagnaforlivese.it;http://www.romagnaforlivese.it;200;5
Unione Municipia;L18;19061;unionemunicipia.it;http://unionemunicipia.it;http://unionemunicipia.it;200;5
Unione Montana Astico;L18;24040;www.unioneastico.it;http://www.unioneastico.it;http://www.unioneastico.it;200;5
Unione Montana Alto Canavese;L18;1216;www.unione.altocanavese.to.it;http://www.unione.altocanavese.to.it;http://www.unione.altocanavese.to.it;200;20
Unione Montana Alpi Graie;L18;1313;www.unionealpigraie.it;http://www.unionealpigraie.it;http://www.unionealpigraie.it;200;5
Unione Montana Alta Langa;L18;4027;http://www.unionemontanaaltalanga.it/;http://www.unionemontanaaltalanga.it;http://www.unionemontanaaltalanga.it;200;5
Unione Montana Alpi del Mare;L18;4028;www.unionealpidelmare.it;http://www.unionealpidelmare.it;http://www.unionealpidelmare.it;200;5
Unione Montana Alpi Marittime;L18;4185;www.unionealpimarittime.it;http://www.unionealpimarittime.it;http://www.unionealpimarittime.it;200;5
Unione Montana Appennino Parma Est;L18;34018;www.unionemontanaparmaest.it;http://www.unionemontanaparmaest.it;http://www.unionemontanaparmaest.it;200;5
Unione Montana Alta Val di Cecina;L18;50027;www.umavc.it;http://www.umavc.it;http://www.umavc.it;200;5
Unione Montana Alta Valle del Metauro;L18;41066;www.unionemontana.altavalledelmetauro.pu.it;http://www.unionemontana.altavalledelmetauro.pu.it;http://www.unionemontana.altavalledelmetauro.pu.it;200;20
Unione Montana Alta Val Nure;L18;33004;www.unionealtavalnure.it;http://www.unionealtavalnure.it;http://www.unionealtavalnure.it;200;5
Unione Montana Potenza Esino Musone;L18;43047;www.umpotenzaesino.it;http://www.umpotenzaesino.it;http://www.umpotenzaesino.it;200;5
Unione Montana Alta Valle Susa;L18;1175;www.umavs.it;http://www.umavs.it;http://www.umavs.it;200;5
Unione Montana Alta Val Tanaro;L18;4095;www.unionemontanaaltavaltanaro.it;http://www.unionemontanaaltavaltanaro.it;http://www.unionemontanaaltavaltanaro.it;200;5
Unione Montana Barge - Bagnolo;L18;4012;https://www.unionemontanabargebagnolo.it;https://www.unionemontanabargebagnolo.it;https://www.unionemontanabargebagnolo.it;200;5
Unione Montana del Cusio e del Mottarone;L18;103050;www.umcusiomottarone.it;http://www.umcusiomottarone.it;http://www.umcusiomottarone.it;200;5
Unione Montana del Catria e Nerone;L18;41007;https://unione.catrianerone.pu.it;https://unione.catrianerone.pu.it;https://unione.catrianerone.pu.it;200;5
Unione Montana Comuni Olimpici Via Lattea;L18;1074;http://www.unionevialattea.to.it/;http://www.unionevialattea.to.it;http://www.unionevialattea.to.it;200;20
Unione Montana Dei Comuni della Valtiberina Toscana;L18;51034;www.valtiberina.toscana.it;http://www.valtiberina.toscana.it;https://www.valtiberina.toscana.it;200;5
Unione Montana dei Comuni dell'Appennino Reggiano;L18;35016;www.unioneappennino.re.it;http://www.unioneappennino.re.it;http://www.unioneappennino.re.it;200;5
Unione Montana Dei Comuni del Biellese Orientale;L18;96014;www.unionebielleseorientale.it;http://www.unionebielleseorientale.it;http://www.unionebielleseorientale.it;200;5
Unione Montana Dei Comuni del Sangro;L18;69102;www.unionemontanadeicomunidelsangro.it;http://www.unionemontanadeicomunidelsangro.it;http://www.unionemontanadeicomunidelsangro.it;200;5
Unione Montana Dei Comuni del Mugello;L18;48004;www.uc-mugello.fi.it;http://www.uc.mugello.fi.it;_NV_;['Errno -2'];20
Unione Montana Dei Due Laghi;L18;3006;www.umduelaghi.it;http://www.umduelaghi.it;http://www.umduelaghi.it;200;5
Unione Montana Dei Comuni del Monviso;L18;4157;www.unionemonviso.it;http://www.unionemonviso.it;http://www.unionemonviso.it;200;5
Unione Montana del Montefeltro;L18;41009;www.unionemontana.montefeltro.pu.it//;http://www.unionemontana.montefeltro.pu.it;http://www.unionemontana.montefeltro.pu.it;200;5
Unione Montana Dei Monti Azzurri;L18;43046;www.unione.montiazzurri.it/;http://www.unione.montiazzurri.it;http://www.unione.montiazzurri.it;200;5
Unione Montana Dei Sibillini;L18;44015;www.unionemontanasibillini.it;http://www.unionemontanasibillini.it;http://www.unionemontanasibillini.it;200;5
Unione Montana Delle Valli Chisone e Germanasca;L18;1184;www.unionevallichisonegermanasca.it;http://www.unionevallichisonegermanasca.it;http://www.unionevallichisonegermanasca.it;200;5
Unione Montana della Val Gallenca;L18;1206;www.umvalgallenca.it;http://www.umvalgallenca.it;http://www.umvalgallenca.it;200;5
Unione Montana Delle Valli Monregalesi;L18;4227;www.vallinrete.org;http://www.vallinrete.org.it;_NV_;['Errno -2'];20
Unione Montana Delle Valli Mongia e Cevetta Langa Cebana Alta Valle Bormida;L18;4066;www.unionemontanaceva.it/;http://www.unionemontanaceva.it;http://www.unionemontanaceva.it;200;5
Unione Montana Gran Paradiso;L18;1134;www.unionemontana-granparadiso.to.it/;http://www.unionemontana.granparadiso.to.it;_NV_;['Errno -2'];20
Unione Montana Langa Astigiana Val Bormida;L18;5094;www.unionelangastigiana.at.it;http://www.unionelangastigiana.at.it;http://www.unionelangastigiana.at.it;200;5
Unione Montana Marca di Camerino;L18;43007;www.unionemarcadicamerino.sinp.net;http://www.unionemarcadicamerino.sinp.net.it;_NV_;['Errno -2'];20
Unione Montana Mondole;L18;4245;www.unionemontanamondole.it/;http://www.unionemontanamondole.it;http://www.unionemontanamondole.it;200;5
Unione Montana Mombarone;L18;1266;www.um-mombarone.to.it;http://www.um.mombarone.to.it;_NV_;['Errno -2'];20
Unione Montana del Pinerolese;L18;1275;www.umpinerolese.it;http://www.umpinerolese.it;http://www.umpinerolese.it;200;5
Unione Montana Suol D'Aleramo;L18;6134;https://www.unionemontanasuoldaleramo.it/;https://www.unionemontanasuoldaleramo.it;https://www.unionemontanasuoldaleramo.it;200;5
Unione Montana dal Tobbio al Colma;L18;6022;www.unionedaltobbioalcolma.al.it;http://www.unionedaltobbioalcolma.al.it;http://www.unionedaltobbioalcolma.al.it;200;5
Unione Montana Tra Langa e Alto Monferrato;L18;6044;www.unionetralangaealtomonferrato.it;http://www.unionetralangaealtomonferrato.it;http://www.unionetralangaealtomonferrato.it;200;5
Unione Montana del Tronto e Valfluvione;L18;44001;www.unione.trontovalfluvione.it;http://www.unione.trontovalfluvione.it;http://www.unione.trontovalfluvione.it;200;5
UNIONE MONTANA DEL BASSANESE;L18;24012;www.unionebassanese.it;http://www.unionebassanese.it;http://www.unionebassanese.it;200;5
Unione Montana Delle Valli Dell'Ossola;L18;103028;www.umvo.it;http://www.umvo.it;_NV_;['Errno -2'];20
Unione Montana Valle Sacra;L18;1091;www.unionevallesacra.to.it;http://www.unionevallesacra.to.it;http://www.unionevallesacra.to.it;200;5
Unione Montana Valli Borbera e Spinti;L18;6018;www.unionevalliborberaespinti.it;http://www.unionevalliborberaespinti.it;http://www.unionevalliborberaespinti.it;200;5
Unione Media Val Cavallina;L18;16032;www.unione.media-val-cavallina.bg.it;http://www.unione.media.val.cavallina.bg.it;_NV_;['Errno -2'];20
Unione Montana Valli Curone Grue e Ossona;L18;6101;www.unionevalcuronegrue.it;http://www.unionevalcuronegrue.it;http://www.unionevalcuronegrue.it;200;5
Unione Montana Valle Grana;L18;4234;www.vallegrana.it;http://www.vallegrana.it;http://www.vallegrana.it;200;5
Unione Montana Valle Maira;L18;4207;www.unionemontanavallemaira.it;http://www.unionemontanavallemaira.it;http://www.unionemontanavallemaira.it;200;5
Unione Montana Valli Orco e Soana;L18;1199;www.unionemontanavalliorcoesoana.it;http://www.unionemontanavalliorcoesoana.it;http://www.unionemontanavalliorcoesoana.it;200;5
Unione Montana Valle Susa;L18;1044;www.umvs.it;http://www.umvs.it;http://www.umvs.it;403;5
Unione Montana della Valle Strona e Delle Quarne;L18;103069;www.umstronaquarne.it;http://www.umstronaquarne.it;http://www.umstronaquarne.it;200;5
Unione dei Comuni Savena - Idice;L18;37047;www.uvsi.it;http://www.uvsi.it;http://www.uvsi.it;200;5
Unione Montana Valle Stura;L18;4079;www.vallestura.cn.it;http://www.vallestura.cn.it;http://www.vallestura.cn.it;200;5
Unione Montana Valli Trebbia e Luretta;L18;33005;http://www.halleyweb.com/ucmva3lu/hh/index.php;http://www.halleyweb.com;http://www.halleyweb.com;200;5
Unione Montana Valle Varaita;L18;4092;www.unionevallevaraita.it;http://www.unionevallevaraita.it;http://www.unionevallevaraita.it;200;5
Unione Montana della Valle Vigezzo;L18;103062;WWW.UNIONEMONTANAVALLEVIGEZZO.IT;http://www.unionemontanavallevigezzo.it;http://www.unionemontanavallevigezzo.it;200;5
Agora Unione di Comuni;L18;18084;www.unioneagora.pv.it;http://www.unioneagora.pv.it;_NV_;['Errno -2'];20
Unione dei Comuni dell'Eridano;L18;29037;www.unioneeridano.it;http://www.unioneeridano.it;http://www.unioneeridano.it;200;5
Unione Arberia;L18;78114;www.comunesandemetriocorone.it;http://www.comunesandemetriocorone.it;http://www.comunesandemetriocorone.it;200;5
Unione Campospinoso Albaredo;L18;18002;www.unionecampospinosoalbaredo.it;http://www.unionecampospinosoalbaredo.it;_NV_;['Errno -2'];20
Unione Nazionale Comuni Comunita' Enti Montani;L18;58091;www.uncem.it/;http://www.uncem.it;http://www.uncem.it;200;20
Unione dei Comuni della Bassa Romagna;L18;39012;www.labassaromagna.it;http://www.labassaromagna.it;http://www.labassaromagna.it;200;5
UNIONE NOVARESE 2000;L18;3030;www.unionenovarese2000.it;http://www.unionenovarese2000.it;http://www.unionenovarese2000.it;200;5
Unione Nord Lodigiano;L18;98040;www.unionenordlodigiano.it;http://www.unionenordlodigiano.it;http://www.unionenordlodigiano.it;200;5
Unione Reno Galliera;L18;37052;www.renogalliera.it;http://www.renogalliera.it;http://www.renogalliera.it;200;5
Unione Ovest Lago Varese;L18;12018;www.unioneovestlagovarese.it;http://www.unioneovestlagovarese.it;http://www.unioneovestlagovarese.it;200;5
Unione dalla Piana Alle Colline;L18;5112;www.pianacolline.at.it;http://www.pianacolline.at.it;http://www.pianacolline.at.it;200;5
Unione Prealpi Biellesi;L18;96032;www.unioneprealpibiellesi.it;http://www.unioneprealpibiellesi.it;http://www.unioneprealpibiellesi.it;200;5
Unione dei comuni Pizzo Marabito;L18;82047;www.marabito.comune.mezzojuso.pa.it;http://www.marabito.comune.mezzojuso.pa.it;_NV_;['Errno -2'];20
Unione Palvareta Nova;L18;19096;http://www.unionepalvaretanova.it/;http://www.unionepalvaretanova.it;http://www.unionepalvaretanova.it;200;5
Unione Pedemontana del Pinerolese;L18;1110;http://www.unionepedemontana.to.it/;http://www.unionepedemontana.to.it;_NV_;['Errno -2'];20
Unione Riviera del Monferrato;L18;5042;www.rivieradelmonferrato.info;http://www.rivieradelmonferrato.info.it;_NV_;['Errno -2'];20
Unione Rubicone e Mare;L18;40008;www.unionerubiconemare.it;http://www.unionerubiconemare.it;http://www.unionerubiconemare.it;200;5
Unione della Sabina Romana;L18;58066;www.unionesabinaromana.it;http://www.unionesabinaromana.it;http://www.unionesabinaromana.it;200;5
UNIONE DELLE TERRE D'ARGINE;L18;36005;www.terredargine.it;http://www.terredargine.it;http://www.terredargine.it;200;5
Comunita Collinare Tra Baraggia e Bramaterra;L18;96027;www.unionetrabaraggiaebramaterra.it;http://www.unionetrabaraggiaebramaterra.it;http://www.unionetrabaraggiaebramaterra.it;200;5
Unione Terre di Fiume;L18;6151;www.unioneterredifiume.it;http://www.unioneterredifiume.it;http://www.unioneterredifiume.it;200;5
Unione Terre Dai Mille Colori;L18;4045;www.terremillecolori.it;http://www.terremillecolori.it;http://www.terremillecolori.it;200;5
Unione Terre Dei Peligni;L18;66077;www.unioneterredeipeligni.aq.it;http://www.unioneterredeipeligni.aq.it;http://www.unioneterredeipeligni.aq.it;200;5
Unione Terre del Tartufo;L18;5069;www.terredeltartufo.at.it;http://www.terredeltartufo.at.it;http://www.terredeltartufo.at.it;200;5
Unione Territoriale Intercomunale Agro Aquileiese;L18;30023;www.agroaquileiese.utifvg.it/;http://www.agroaquileiese.utifvg.it;http://www.agroaquileiese.utifvg.it;200;5
Unione Territoriale Intercomunale Collinare;L18;30037;www.collinare.utifvg.it;http://www.collinare.utifvg.it;http://www.collinare.utifvg.it;200;5
Comunita' di montagna Canal del Ferro e Val Canale;L18;30076;www.canaldelferro-valcanale.utifvg.it/;http://www.canaldelferro.valcanale.utifvg.it;_NV_;['Errno -2'];20
Comunita' di Montagna della Carnia;L18;30121;www.carnia.utifvg.it;http://www.carnia.utifvg.it;http://www.carnia.utifvg.it;200;20
Unione Territoriale Intercomunale Carso Isonzo Adriatico;L18;31012;www.carsoisonzoadriatico.utifvg.it;http://www.carsoisonzoadriatico.utifvg.it;http://www.carsoisonzoadriatico.utifvg.it;200;5
Unione Tra I Comuni di San Mazzaro Sesia e Villata;L18;2164;www.comune.villata.vc.it;http://www.comune.villata.vc.it;http://www.comune.villata.vc.it;200;5
Comunita' di Montagna del Natisone e Torre;L18;30116;http://natisone-torre.comunitafvg.it;http://natisone-torre.comunitafvg.it;http://natisone-torre.comunitafvg.it;200;5
Comunita'  di Montagna del Gemonese;L18;30043;http://gemonese.comunitafvg.it/;http://gemonese.comunitafvg.it;http://gemonese.comunitafvg.it;200;5
Comunita' del Mediofriuli;L18;30009;http://www.mediofriuli.utifvg.it/;http://www.mediofriuli.utifvg.it;http://www.mediofriuli.utifvg.it;200;5
COMUNITA' DEL FRIULI ORIENTALE;L18;30026;http://friuliorientale.comunitafvg.it;http://friuliorientale.comunitafvg.it;http://friuliorientale.comunitafvg.it;200;5
Comunita' Sile;L18;93005;http://sile.comunitafvg.it/;http://sile.comunitafvg.it;http://sile.comunitafvg.it;200;5
Unione Terra di Mezzo;L18;35008;https://unioneterradimezzo.re.it/;https://unioneterradimezzo.re.it;https://unioneterradimezzo.re.it;200;5
Unione Terre del Mare e del Sole;L18;73011;www.unioneterremaresole.ta.it;http://www.unioneterremaresole.ta.it;http://www.unioneterremaresole.ta.it;200;5
Unione Tresinaro Secchia;L18;35040;www.tresinarosecchia.it;http://www.tresinarosecchia.it;http://www.tresinarosecchia.it;200;5
Unione Terre Verdiane di Fidenza;L18;34014;www.terreverdiane.it;http://www.terreverdiane.it;http://www.terreverdiane.it;403;5
Unione Valli Astigiane;L18;5121;unionevalliastigiane.comuninrete.at.it/;http://unionevalliastigiane.comuninrete.at.it;http://unionevalliastigiane.comuninrete.at.it;200;5
Unione Val D'Enza;L18;35027;www.unionevaldenza.it;http://www.unionevaldenza.it;http://www.unionevaldenza.it;200;5
Unione Val D'Imera;L18;82015;www.comunedicaltavuturo.gov.it;http://www.comunedicaltavuturo.it;_NV_;['Errno -2'];20
Unione Veronese Tartaro Tione;L18;23054;www.unionetartarotione.vr.it;http://www.unionetartarotione.vr.it;http://www.unionetartarotione.vr.it;200;5
Unione Valnure e Valchero;L18;33035;www.unionevalnurevalchero.it;http://www.unionevalnurevalchero.it;http://www.unionevalnurevalchero.it;200;5
Unione Valconca;L18;99011;www.unionevalconca.rn.it;http://www.unionevalconca.rn.it;http://www.unionevalconca.rn.it;200;5
