Denominazione_ente;Codice_Categoria;Codice_comune_ISTAT;Sito_istituzionale;url;http_ok;codice_risposta;test_timeout
Fond. Univ. di Catanzaro Magna G;L17;79023;www.fondazioneumg.it;http://www.fondazioneumg.it;_NV_;['Errno -3'];5
Gran Sasso Science Institute;L17;66049;www.gssi.it;http://www.gssi.it;_NV_;['Errno -3'];5
Imt Alti Studi di Lucca;L17;46017;www.imtlucca.it;http://www.imtlucca.it;http://www.imtlucca.it;200;5
Istituto Universitario di Studi Superiori di Pavia;L17;18110;www.iusspavia.it;http://www.iusspavia.it;http://www.iusspavia.it;200;5
Politecnico di Milano;L17;15146;www.polimi.it/;http://www.polimi.it;http://www.polimi.it;200;5
Politecnico di Bari;L17;72006;www.poliba.it;http://www.poliba.it;http://www.poliba.it;200;5
Politecnico di Torino;L17;1272;www.polito.it;http://www.polito.it;http://www.polito.it;200;5
Universita' degli Studi della Campania - 'Luigi Vanvitelli';L17;61022;www.unicampania.it;http://www.unicampania.it;https://www.unicampania.it;200;5
Scuola Internazionale Superiore di Studi Avanzati;L17;32006;www.sissa.it;http://www.sissa.it;_NV_;['Errno -3'];5
Scuola Normale Superiore;L17;50026;www.sns.it;http://www.sns.it;http://www.sns.it;200;5
SCUOLA SUP. STUDI UNIV. E PERFEZIONAMENTO 'S.ANNA';L17;50026;https://www.santannapisa.it/it;https://www.santannapisa.it;https://www.santannapisa.it;200;5
Scuola Nazionale dell'Amministrazione;L17;58091;www.sna.gov.it;http://www.sna.gov.it;http://www.sna.gov.it;200;5
Universita' degli Studi di Cagliari;L17;92009;www.unica.it;http://www.unica.it;http://www.unica.it;200;5
UNIVERSITA' DEGLI STUDI DELL'AQUILA;L17;66049;www.univaq.it;http://www.univaq.it;http://www.univaq.it;200;5
Universita Degli Studi della Basilicata;L17;76063;www.unibas.it/;http://www.unibas.it;_NV_;['Errno -3'];5
Universita Degli Studi di Genova;L17;10025;www.unige.it;http://www.unige.it;http://www.unige.it;200;5
Universita' degli Studi di Messina;L17;83048;www.unime.it;http://www.unime.it;https://www.unime.it;200;5
Universita Degli Studi di Milano;L17;15146;www.unimi.it;http://www.unimi.it;http://www.unimi.it;200;5
Universita Degli Studi di Roma 'Foro Italico';L17;58091;www.uniroma4.it;http://www.uniroma4.it;http://www.uniroma4.it;200;5
Universita' degli Studi di Roma La Sapienza;L17;58091;www.uniroma1.it;http://www.uniroma1.it;http://www.uniroma1.it;200;5
Universita' del Salento;L17;75035;www.unisalento.it;http://www.unisalento.it;http://www.unisalento.it;200;5
Universita' degli Studi di Bari Aldo Moro;L17;72006;www.uniba.it;http://www.uniba.it;http://www.uniba.it;200;5
Alma Mater Studiorum - Universita' di Bologna;L17;37006;www.unibo.it;http://www.unibo.it;http://www.unibo.it;200;5
Universita' degli Studi di Catania;L17;87015;www.unict.it;http://www.unict.it;http://www.unict.it;200;5
Universita' degli Studi Magna Graecia di Catanzaro;L17;79023;www.unicz.it;http://www.unicz.it;http://www.unicz.it;200;5
Universita' degli studi di Ferrara;L17;38008;www.unife.it;http://www.unife.it;http://www.unife.it;200;5
Universita' degli Studi di Foggia;L17;71024;www.unifg.it;http://www.unifg.it;http://www.unifg.it;200;5
Universita' Degli Studi G. d'Annunzio di Chieti;L17;69022;www.unich.it;http://www.unich.it;http://www.unich.it;200;5
Universita' degli Studi del Molise;L17;70006;www.unimol.it;http://www.unimol.it;http://www.unimol.it;200;5
Universita' degli Studi di Napoli Federico II;L17;63049;www.unina.it;http://www.unina.it;http://www.unina.it;200;5
Universita' degli Studi di Napoli 'Parthenope';L17;63049;https://www.uniparthenope.it;https://www.uniparthenope.it;https://www.uniparthenope.it;200;5
Universita' degli Studi di Napoli - L'Orientale;L17;63049;www.unior.it;http://www.unior.it;http://www.unior.it;200;5
Universita' degli Studi di Palermo;L17;82053;www.unipa.it;http://www.unipa.it;http://www.unipa.it;200;5
Universita' degli Studi di Padova;L17;28060;https://www.unipd.it;https://www.unipd.it;https://www.unipd.it;200;5
Universita' di Pisa;L17;50026;www.unipi.it;http://www.unipi.it;http://www.unipi.it;200;5
Universita' degli Studi del Piemonte Orientale;L17;2158;www.uniupo.it;http://www.uniupo.it;http://www.uniupo.it;200;5
Universita' degli Studi di Parma;L17;34027;www.unipr.it;http://www.unipr.it;http://www.unipr.it;200;5
Universita' degli Studi di Pavia;L17;18110;https://web.unipv.it/;https://web.unipv.it;https://web.unipv.it;200;5
Universita' degli Studi di Roma 'Tor Vergata';L17;58091;http://web.uniroma2.it/;http://web.uniroma2.it;http://web.uniroma2.it;200;5
Universita' degli Studi Roma Tre;L17;58091;www.uniroma3.it;http://www.uniroma3.it;https://www.uniroma3.it;200;5
Universita' degli Studi di Salerno;L17;65052;www.unisa.it;http://www.unisa.it;http://www.unisa.it;200;5
Universita' degli Studi di Sassari;L17;90064;www.uniss.it;http://www.uniss.it;_NV_;['Errno -3'];5
Universita' per Stranieri di Perugia;L17;54039;www.unistrapg.it;http://www.unistrapg.it;http://www.unistrapg.it;200;5
Universita' degli Studi di Udine;L17;30129;www.uniud.it;http://www.uniud.it;http://www.uniud.it;200;5
Universita' Iuav di Venezia;L17;27042;www.iuav.it;http://www.iuav.it;http://www.iuav.it;200;5
Universita' degli Studi di Verona;L17;23091;www.univr.it;http://www.univr.it;http://www.univr.it;200;5
Libera Universita' di Bolzano;L17;21008;www.unibz.it;http://www.unibz.it;http://www.unibz.it;200;5
UNIVERSITA' DELLA CALABRIA;L17;78102;www.unical.it;http://www.unical.it;http://www.unical.it;200;5
Universita' Mediterranea di Reggio Calabria;L17;80063;www.unirc.it;http://www.unirc.it;http://www.unirc.it;200;5
Universita' degli Studi di Milano - Bicocca;L17;15146;www.unimib.it;http://www.unimib.it;http://www.unimib.it;200;5
Universita' degli Studi di Siena;L17;52032;www.unisi.it;http://www.unisi.it;http://www.unisi.it;200;5
Universita' degli Studi di Teramo;L17;67041;www.unite.it;http://www.unite.it;http://www.unite.it;200;5
Universita' degli Studi di Torino;L17;1272;www.unito.it;http://www.unito.it;http://www.unito.it;200;5
Universita' degli Studi di Trieste;L17;32006;www.units.it;http://www.units.it;http://www.units.it;200;5
Universita' degli Studi della Tuscia di Viterbo;L17;56059;www.unitus.it;http://www.unitus.it;http://www.unitus.it;200;5
Universita' Ca' Foscari di Venezia;L17;27042;www.unive.it;http://www.unive.it;http://www.unive.it;200;5
Universita' Politecnica delle Marche;L17;42002;www.univpm.it;http://www.univpm.it;http://www.univpm.it;200;5
Universita' degli Studi di Trento;L17;22205;www.unitn.it;http://www.unitn.it;_NV_;['Errno -3'];5
Universita' Degli Studi di Macerata;L17;43023;www.unimc.it;http://www.unimc.it;http://www.unimc.it;200;5
Universita' degli Studi di Bergamo;L17;16024;www.unibg.it;http://www.unibg.it;http://www.unibg.it;200;5
UNIVERSITA' DEGLI STUDI DI BRESCIA;L17;17029;www.unibs.it;http://www.unibs.it;http://www.unibs.it;200;5
Universita' degli Studi di Camerino;L17;43007;www.unicam.it;http://www.unicam.it;http://www.unicam.it;200;5
Universita' degli Studi di Cassino e del Lazio Meridionale;L17;60019;www.unicas.it;http://www.unicas.it;http://www.unicas.it;200;5
Universita' degli Studi di Perugia;L17;54039;www.unipg.it;http://www.unipg.it;http://www.unipg.it;200;5
Universita' degli Studi di Firenze;L17;48017;www.unifi.it;http://www.unifi.it;http://www.unifi.it;200;5
Universita' degli Studi dell 'Insubria;L17;12133;www.uninsubria.it;http://www.uninsubria.it;_NV_;['Errno -3'];5
Universita' degli Studi di Modena e Reggio Emilia;L17;36023;www.unimore.it;http://www.unimore.it;http://www.unimore.it;200;5
Universita per Stranieri di Siena;L17;52032;www.unistrasi.it;http://www.unistrasi.it;http://www.unistrasi.it;200;5
Universita' degli Studi del Sannio;L17;62008;www.unisannio.it;http://www.unisannio.it;http://www.unisannio.it;200;5
Universita' degli Studi di Urbino ''Carlo Bo'';L17;41067;www.uniurb.it;http://www.uniurb.it;http://www.uniurb.it;200;5
Universita' della Valle D'Aosta - Universite' De La Vallee D'Aoste;L17;7003;www.univda.it;http://www.univda.it;http://www.univda.it;200;5
