Codice_categoria;Nome_categoria;Numero_url
L33;Istituti di Istruzione Statale di Ogni Ordine e Grado;8259
L6;Comuni e loro Consorzi e Associazioni;7968
C14;Federazioni Nazionali, Ordini, Collegi e Consigli Professionali;1712
L37;Gestori di Pubblici Servizi;584
L18;Unioni di Comuni e loro Consorzi e Associazioni;494
L34;Aziende Pubbliche di Servizi alla Persona;428
L1;Altri Enti Locali;303
L36;Consorzi tra Amministrazioni Locali;197
L12;Comunita' Montane e loro Consorzi e Associazioni;178
L38;Parchi Nazionali, Consorzi e Enti Gestori di Parchi e Aree Naturali Protette;156
C13;Automobile Club Federati ACI;103
L7;Aziende Sanitarie Locali;101
S01;Societa' in Conto Economico Consolidato;100
L8;Aziende Ospedaliere, Aziende Ospedaliere Universitarie, Policlinici e Istituti di Ricovero e Cura a Carattere Scientifico Pubblici;99
L43;Istituzioni per l'Alta Formazione Artistica, Musicale e Coreutica - AFAM;99
L35;Camere di Commercio, Industria, Artigianato e Agricoltura e loro Unioni Regionali;93
L44;Enti di Regolazione dei Servizi Idrici e o dei Rifiuti;91
L5;Province e loro Consorzi e Associazioni;89
C7;Enti Pubblici Produttori di Servizi Assistenziali, Ricreativi e Culturali ;74
L17;Universita' e Istituti di Istruzione Universitaria Pubblici;71
C3;Enti Pubblici Non Economici;70
SAG;Stazioni Appaltanti Gestori di Pubblici Servizi;58
SA;Stazioni Appaltanti;57
L4;Regioni, Province Autonome e loro Consorzi e Associazioni;50
L24;Consorzi di Bacino Imbrifero Montano;48
C8;Enti e Istituzioni di Ricerca Pubblici;46
L28;Consorzi Interuniversitari di Ricerca;39
L10;Agenzie ed Enti per il Turismo;35
L39;Aziende e Consorzi Pubblici Territoriali per l'Edilizia Residenziale;33
L15;Agenzie, Enti e Consorzi Pubblici per il Diritto allo Studio Universitario;31
L2;Agenzie ed Enti Regionali per la Formazione, la Ricerca e l'Ambiente;30
C17;Enti di Previdenza ed Assistenza Sociale in Conto Economico Consolidato privati ;20
C1;Presidenza del Consiglio dei Ministri, Ministeri e Avvocatura dello Stato;18
L40;Autorita' di Bacino;18
L11;Autorita' Portuali;17
L31;Teatri Stabili ad Iniziativa Pubblica;17
C5;Autorita' Amministrative Indipendenti;16
L22;Agenzie Regionali Sanitarie;14
L45;Citta' Metropolitane;14
L19;Agenzie ed Enti Regionali del Lavoro;14
L13;Agenzie ed Enti Regionali di Sviluppo Agricolo;12
L16;Fondazioni Lirico, Sinfoniche;12
L42;Consorzi per l'Area di Sviluppo Industriale;12
C12;Istituti Zooprofilattici Sperimentali;10
L21;Agenzie Regionali per le Erogazioni in Agricoltura;10
L47;Commissari Straordinari Governativi;10
C2;Organi Costituzionali e di Rilievo Costituzionale;8
C10;Agenzie Fiscali;4
C11;Forze di Polizia ad Ordinamento Civile e Militare per la Tutela dell'Ordine e della Sicurezza Pubblica;2
C16;Enti di Previdenza ed Assistenza Sociale in Conto Economico Consolidato pubblici;2
L46;Aziende ed Amministrazioni dello Stato ad Ordinamento Autonomo;2
L20;Agenzie Regionali e Provinciale per la Rappresentanza Negoziale;1
